#pragma once

#include <stddef.h>
#include <stdint.h>

namespace somewhere_font {

static const char FONT_FAMILY[] = "Univers Next Pro Thin Condensed";
static const char FONT_SOURCE_SHA256[] = "1ab10cd426863916f7bd5d7da46e5444d37c360188b53595117581d765cd5cf7";
static constexpr uint16_t UNIVERS_FONT_PIXEL_SIZE_LABEL = 8;
static constexpr uint16_t UNIVERS_FONT_PIXEL_SIZE_SMALL = 16;
static constexpr uint16_t UNIVERS_FONT_PIXEL_SIZE_DIRECTION = 28;
static constexpr uint16_t UNIVERS_FONT_PIXEL_SIZE_DISTANCE = 34;

struct BitmapGlyph {
  uint32_t codepoint;
  uint32_t bitmap_offset;
  uint16_t bitmap_length;
  uint8_t width;
  uint8_t height;
  int8_t bearing_x;
  int8_t bearing_y;
  uint8_t advance;
};

struct FontSize {
  uint16_t pixel_size;
  uint16_t first_glyph;
  uint16_t glyph_count;
};

static const uint8_t BITMAP[] = {
  0x00, 0x27, 0x3F, 0x00, 0x00, 0x4A, 0x4E, 0x00, 0x00, 0x4D, 0x4E, 0x03, 0x16, 0x38, 0x18, 0x3C, 0x4D, 0x4A, 0x48, 0x5E, 0x4F, 0x00, 0x00, 0x54,
  0x38, 0x4E, 0x5A, 0x12, 0x48, 0x0C, 0x03, 0x4F, 0x48, 0x2E, 0x46, 0x22, 0x48, 0x2E, 0x3D, 0x36, 0x48, 0x0C, 0x00, 0x54, 0x48, 0x50, 0x52, 0x30,
  0x09, 0x62, 0x52, 0x28, 0x4D, 0x0C, 0x00, 0x37, 0x53, 0x00, 0x00, 0x00, 0x53, 0x00, 0x00, 0x00, 0x51, 0x00, 0x00, 0x2B, 0x1A, 0x58, 0x44, 0x37,
  0x00, 0x03, 0x0B, 0x00, 0x38, 0x47, 0x4C, 0x22, 0x48, 0x08, 0x00, 0x55, 0x48, 0x08, 0x00, 0x52, 0x48, 0x08, 0x00, 0x50, 0x48, 0x08, 0x00, 0x4F,
  0x48, 0x4D, 0x4B, 0x28, 0x38, 0x4C, 0x48, 0x03, 0x48, 0x08, 0x00, 0x00, 0x48, 0x1B, 0x13, 0x00, 0x48, 0x36, 0x2E, 0x00, 0x48, 0x08, 0x00, 0x00,
  0x48, 0x4D, 0x48, 0x06, 0x38, 0x4C, 0x3F, 0x48, 0x08, 0x00, 0x48, 0x27, 0x18, 0x48, 0x2A, 0x1B, 0x48, 0x08, 0x00, 0x48, 0x08, 0x00, 0x04, 0x5C,
  0x4D, 0x36, 0x46, 0x08, 0x00, 0x3A, 0x50, 0x00, 0x00, 0x00, 0x53, 0x00, 0x40, 0x61, 0x53, 0x00, 0x00, 0x50, 0x18, 0x66, 0x30, 0x5D, 0x00, 0x05,
  0x17, 0x00, 0x38, 0x06, 0x00, 0x3E, 0x48, 0x08, 0x00, 0x50, 0x48, 0x23, 0x1C, 0x5A, 0x48, 0x32, 0x2C, 0x61, 0x48, 0x08, 0x00, 0x50, 0x48, 0x08,
  0x00, 0x50, 0x38, 0x06, 0x48, 0x08, 0x48, 0x08, 0x48, 0x08, 0x48, 0x08, 0x48, 0x08, 0x00, 0x00, 0x3E, 0x00, 0x00, 0x50, 0x00, 0x00, 0x50, 0x00,
  0x00, 0x50, 0x26, 0x00, 0x4F, 0x57, 0x39, 0x55, 0x00, 0x10, 0x00, 0x38, 0x06, 0x1E, 0x2C, 0x48, 0x0F, 0x56, 0x00, 0x48, 0x60, 0x03, 0x00, 0x48,
  0x5F, 0x05, 0x00, 0x48, 0x0E, 0x57, 0x00, 0x48, 0x08, 0x28, 0x36, 0x38, 0x06, 0x00, 0x48, 0x08, 0x00, 0x48, 0x08, 0x00, 0x48, 0x08, 0x00, 0x48,
  0x08, 0x00, 0x48, 0x4D, 0x3D, 0x38, 0x3A, 0x00, 0x00, 0x34, 0x3E, 0x48, 0x50, 0x00, 0x00, 0x46, 0x50, 0x48, 0x49, 0x06, 0x02, 0x41, 0x50, 0x48,
  0x0F, 0x41, 0x37, 0x0C, 0x50, 0x48, 0x04, 0x4E, 0x43, 0x00, 0x50, 0x48, 0x04, 0x48, 0x41, 0x00, 0x50, 0x38, 0x41, 0x00, 0x2E, 0x09, 0x48, 0x5B,
  0x00, 0x3C, 0x0C, 0x48, 0x1D, 0x3F, 0x3C, 0x0C, 0x48, 0x04, 0x59, 0x3C, 0x0C, 0x48, 0x04, 0x27, 0x6F, 0x0C, 0x48, 0x04, 0x00, 0x91, 0x0C, 0x0B,
  0x54, 0x4E, 0x2C, 0x52, 0x04, 0x00, 0x56, 0x54, 0x00, 0x00, 0x53, 0x54, 0x00, 0x00, 0x51, 0x58, 0x01, 0x00, 0x4F, 0x1A, 0x58, 0x42, 0x3C, 0x00,
  0x02, 0x0E, 0x00, 0x38, 0x4B, 0x57, 0x03, 0x48, 0x08, 0x28, 0x2A, 0x48, 0x19, 0x58, 0x0F, 0x48, 0x3C, 0x12, 0x00, 0x48, 0x08, 0x00, 0x00, 0x48,
  0x08, 0x00, 0x00, 0x0B, 0x5B, 0x4D, 0x2D, 0x00, 0x4E, 0x08, 0x00, 0x59, 0x00, 0x51, 0x00, 0x00, 0x54, 0x00, 0x53, 0x00, 0x00, 0x51, 0x00, 0x58,
  0x02, 0x00, 0x4F, 0x00, 0x18, 0x57, 0x52, 0x74, 0x02, 0x00, 0x00, 0x0A, 0x00, 0x00, 0x38, 0x4C, 0x55, 0x14, 0x48, 0x08, 0x02, 0x52, 0x48, 0x3B,
  0x4F, 0x23, 0x48, 0x17, 0x45, 0x23, 0x48, 0x08, 0x0A, 0x43, 0x48, 0x08, 0x01, 0x4B, 0x27, 0x4D, 0x5F, 0x08, 0x53, 0x00, 0x17, 0x1B, 0x22, 0x57,
  0x01, 0x00, 0x00, 0x0E, 0x67, 0x03, 0x25, 0x00, 0x23, 0x31, 0x3E, 0x3F, 0x60, 0x0E, 0x00, 0x0D, 0x05, 0x00, 0x41, 0x70, 0x48, 0x05, 0x00, 0x50,
  0x00, 0x00, 0x00, 0x50, 0x00, 0x00, 0x00, 0x50, 0x00, 0x00, 0x00, 0x50, 0x00, 0x00, 0x00, 0x50, 0x00, 0x00, 0x3B, 0x00, 0x00, 0x3E, 0x4C, 0x00,
  0x00, 0x50, 0x4C, 0x00, 0x00, 0x50, 0x4C, 0x00, 0x00, 0x50, 0x4A, 0x04, 0x00, 0x4F, 0x17, 0x5F, 0x3E, 0x45, 0x00, 0x03, 0x0C, 0x00, 0x43, 0x00,
  0x00, 0x3B, 0x54, 0x00, 0x07, 0x43, 0x39, 0x18, 0x3C, 0x0D, 0x04, 0x4B, 0x48, 0x00, 0x00, 0x4D, 0x46, 0x00, 0x00, 0x50, 0x38, 0x00, 0x43, 0x00,
  0x0F, 0x5B, 0x00, 0x25, 0x18, 0x54, 0x00, 0x40, 0x53, 0x00, 0x4D, 0x00, 0x44, 0x0D, 0x47, 0x4C, 0x00, 0x4C, 0x00, 0x0D, 0x41, 0x48, 0x29, 0x24,
  0x4A, 0x00, 0x00, 0x53, 0x43, 0x01, 0x6A, 0x29, 0x00, 0x00, 0x7A, 0x12, 0x00, 0x8B, 0x00, 0x00, 0x47, 0x00, 0x12, 0x2E, 0x23, 0x34, 0x52, 0x00,
  0x00, 0x61, 0x3F, 0x00, 0x00, 0x5B, 0x41, 0x00, 0x1E, 0x30, 0x57, 0x01, 0x52, 0x00, 0x14, 0x46, 0x44, 0x00, 0x05, 0x3A, 0x43, 0x13, 0x48, 0x08,
  0x01, 0x54, 0x4D, 0x00, 0x00, 0x60, 0x14, 0x00, 0x00, 0x50, 0x00, 0x00, 0x00, 0x50, 0x00, 0x00, 0x2A, 0x48, 0x6E, 0x0E, 0x00, 0x00, 0x57, 0x00,
  0x00, 0x2D, 0x29, 0x00, 0x00, 0x57, 0x00, 0x00, 0x29, 0x2C, 0x00, 0x00, 0x73, 0x48, 0x48, 0x07, 0x00, 0x13, 0x03, 0x3E, 0x36, 0x5C, 0x09, 0x42,
  0x71, 0x55, 0x02, 0x55, 0x4E, 0x3E, 0x72, 0x00, 0x04, 0x00, 0x3B, 0x00, 0x00, 0x00, 0x4C, 0x06, 0x06, 0x00, 0x55, 0x39, 0x62, 0x02, 0x4E, 0x00,
  0x2F, 0x1E, 0x4C, 0x00, 0x35, 0x1B, 0x54, 0x43, 0x67, 0x01, 0x00, 0x03, 0x01, 0x00, 0x00, 0x0B, 0x02, 0x39, 0x3C, 0x58, 0x4F, 0x00, 0x04, 0x51,
  0x00, 0x09, 0x3F, 0x3C, 0x55, 0x00, 0x0C, 0x02, 0x00, 0x00, 0x38, 0x00, 0x00, 0x0A, 0x48, 0x00, 0x36, 0x3D, 0x82, 0x00, 0x4D, 0x00, 0x50, 0x00,
  0x4D, 0x00, 0x4D, 0x00, 0x33, 0x47, 0x7F, 0x00, 0x00, 0x03, 0x00, 0x00, 0x00, 0x0A, 0x00, 0x33, 0x37, 0x5A, 0x5B, 0x3C, 0x76, 0x4F, 0x04, 0x0E,
  0x3C, 0x3E, 0x63, 0x00, 0x0A, 0x02, 0x0E, 0x57, 0x37, 0x24, 0x56, 0x46, 0x34, 0x1C, 0x34, 0x1C, 0x34, 0x1C, 0x00, 0x0A, 0x03, 0x00, 0x3B, 0x3E,
  0x7C, 0x00, 0x50, 0x00, 0x50, 0x00, 0x4E, 0x00, 0x52, 0x00, 0x30, 0x45, 0x82, 0x00, 0x27, 0x00, 0x4E, 0x00, 0x13, 0x4A, 0x3B, 0x00, 0x3B, 0x00,
  0x00, 0x00, 0x4C, 0x06, 0x06, 0x00, 0x56, 0x3F, 0x66, 0x00, 0x4F, 0x00, 0x41, 0x0B, 0x4C, 0x00, 0x40, 0x0C, 0x4C, 0x00, 0x40, 0x0C, 0x30, 0x00,
  0x02, 0x00, 0x4C, 0x00, 0x4C, 0x00, 0x4C, 0x00, 0x4C, 0x00, 0x00, 0x30, 0x00, 0x00, 0x02, 0x00, 0x00, 0x4C, 0x00, 0x00, 0x4C, 0x00, 0x00, 0x4C,
  0x00, 0x00, 0x4C, 0x00, 0x00, 0x4B, 0x00, 0x04, 0x4B, 0x00, 0x3B, 0x00, 0x00, 0x4C, 0x00, 0x03, 0x4C, 0x1A, 0x42, 0x4D, 0x58, 0x00, 0x4C, 0x52,
  0x06, 0x4C, 0x04, 0x56, 0x3B, 0x00, 0x4C, 0x00, 0x4C, 0x00, 0x4C, 0x00, 0x4C, 0x00, 0x4C, 0x00, 0x02, 0x0B, 0x00, 0x0A, 0x01, 0x55, 0x42, 0x6F,
  0x3D, 0x54, 0x4E, 0x00, 0x52, 0x00, 0x4B, 0x4C, 0x00, 0x50, 0x00, 0x4C, 0x4C, 0x00, 0x50, 0x00, 0x4C, 0x02, 0x06, 0x06, 0x00, 0x55, 0x3F, 0x67,
  0x00, 0x4F, 0x00, 0x45, 0x0B, 0x4C, 0x00, 0x44, 0x0C, 0x4C, 0x00, 0x44, 0x0C, 0x00, 0x0D, 0x03, 0x3E, 0x40, 0x65, 0x52, 0x00, 0x4C, 0x4C, 0x00,
  0x4A, 0x3C, 0x3C, 0x5B, 0x00, 0x0C, 0x01, 0x02, 0x07, 0x02, 0x00, 0x56, 0x47, 0x62, 0x02, 0x4E, 0x00, 0x2F, 0x1C, 0x4E, 0x00, 0x2F, 0x1B, 0x55,
  0x43, 0x60, 0x01, 0x4C, 0x04, 0x02, 0x00, 0x28, 0x00, 0x00, 0x00, 0x00, 0x09, 0x02, 0x00, 0x33, 0x3F, 0x84, 0x00, 0x4D, 0x00, 0x4F, 0x00, 0x4E,
  0x00, 0x50, 0x00, 0x36, 0x44, 0x7E, 0x00, 0x00, 0x06, 0x48, 0x00, 0x00, 0x00, 0x26, 0x00, 0x02, 0x07, 0x54, 0x45, 0x4E, 0x00, 0x4C, 0x00, 0x4C,
  0x00, 0x00, 0x0D, 0x00, 0x4A, 0x3B, 0x41, 0x39, 0x36, 0x01, 0x0B, 0x20, 0x45, 0x52, 0x3D, 0x49, 0x00, 0x0E, 0x00, 0x2B, 0x24, 0x50, 0x4C, 0x2C,
  0x20, 0x2C, 0x20, 0x1D, 0x56, 0x00, 0x02, 0x02, 0x00, 0x02, 0x00, 0x50, 0x00, 0x44, 0x08, 0x50, 0x00, 0x44, 0x08, 0x50, 0x00, 0x49, 0x08, 0x35,
  0x46, 0x76, 0x09, 0x00, 0x06, 0x00, 0x00, 0x02, 0x00, 0x02, 0x53, 0x00, 0x4B, 0x4D, 0x02, 0x49, 0x17, 0x5C, 0x20, 0x00, 0x87, 0x00, 0x02, 0x00,
  0x02, 0x00, 0x02, 0x52, 0x00, 0x89, 0x00, 0x4B, 0x4E, 0x09, 0x6D, 0x1B, 0x48, 0x1D, 0x66, 0x0C, 0x56, 0x37, 0x00, 0x82, 0x00, 0x7F, 0x04, 0x02,
  0x00, 0x02, 0x4E, 0x11, 0x46, 0x06, 0x87, 0x02, 0x1A, 0x76, 0x0E, 0x55, 0x02, 0x56, 0x02, 0x00, 0x02, 0x52, 0x00, 0x4B, 0x4B, 0x04, 0x49, 0x12,
  0x61, 0x20, 0x00, 0x82, 0x00, 0x00, 0x4E, 0x00, 0x00, 0x29, 0x00, 0x05, 0x08, 0x01, 0x27, 0x6C, 0x1A, 0x00, 0x50, 0x00, 0x2B, 0x24, 0x00, 0x6E,
  0x44, 0x12, 0x21, 0x4D, 0x4D, 0x00, 0x4C, 0x00, 0x4C, 0x02, 0x4E, 0x00, 0x41, 0x0E, 0x4F, 0x00, 0x40, 0x0E, 0x4D, 0x00, 0x48, 0x04, 0x34, 0x44,
  0x5D, 0x00, 0x00, 0x09, 0x00, 0x00, 0x00, 0x51, 0x22, 0x00, 0x05, 0x39, 0x2C, 0x00, 0x00, 0x20, 0x2C, 0x00, 0x00, 0x20, 0x2C, 0x00, 0x00, 0x20,
  0x2C, 0x00, 0x00, 0x20, 0x2C, 0x00, 0x2B, 0x4C, 0x63, 0x00, 0x2A, 0x00, 0x4C, 0x05, 0x00, 0x00, 0x55, 0x00, 0x00, 0x2B, 0x31, 0x00, 0x02, 0x57,
  0x00, 0x00, 0x5D, 0x4F, 0x44, 0x03, 0x2B, 0x48, 0x52, 0x00, 0x2A, 0x00, 0x51, 0x00, 0x00, 0x16, 0x5F, 0x00, 0x00, 0x1F, 0x5F, 0x00, 0x1E, 0x00,
  0x4F, 0x00, 0x4B, 0x3F, 0x5D, 0x00, 0x00, 0x09, 0x00, 0x00, 0x00, 0x09, 0x62, 0x00, 0x00, 0x47, 0x4F, 0x00, 0x02, 0x48, 0x4C, 0x00, 0x3F, 0x0C,
  0x4C, 0x00, 0x41, 0x44, 0x7B, 0x0F, 0x00, 0x00, 0x4C, 0x00, 0x42, 0x44, 0x3E, 0x00, 0x50, 0x00, 0x00, 0x00, 0x55, 0x48, 0x41, 0x00, 0x1C, 0x00,
  0x47, 0x09, 0x1B, 0x00, 0x3D, 0x11, 0x3A, 0x3F, 0x60, 0x00, 0x00, 0x0A, 0x00, 0x00, 0x14, 0x53, 0x5A, 0x00, 0x4D, 0x00, 0x20, 0x02, 0x4C, 0x3F,
  0x3E, 0x00, 0x66, 0x05, 0x47, 0x08, 0x4C, 0x00, 0x3D, 0x12, 0x2A, 0x47, 0x64, 0x00, 0x00, 0x07, 0x01, 0x00, 0x29, 0x48, 0x70, 0x02, 0x00, 0x00,
  0x52, 0x00, 0x00, 0x01, 0x4F, 0x00, 0x00, 0x38, 0x19, 0x00, 0x00, 0x53, 0x00, 0x00, 0x00, 0x53, 0x00, 0x00, 0x24, 0x4B, 0x56, 0x00, 0x4D, 0x00,
  0x4E, 0x02, 0x37, 0x33, 0x5C, 0x00, 0x40, 0x39, 0x64, 0x02, 0x4F, 0x00, 0x41, 0x11, 0x3D, 0x40, 0x63, 0x00, 0x00, 0x0A, 0x01, 0x00, 0x2B, 0x4C,
  0x49, 0x00, 0x51, 0x00, 0x4B, 0x00, 0x51, 0x00, 0x64, 0x00, 0x20, 0x4C, 0x7C, 0x00, 0x13, 0x00, 0x4D, 0x00, 0x43, 0x3D, 0x5A, 0x00, 0x00, 0x0B,
  0x00, 0x00, 0x28, 0x08, 0x34, 0x3A, 0x00, 0x00, 0x00, 0x00, 0x00, 0x09, 0x37, 0x00, 0x42, 0x06, 0x00, 0x48, 0x00, 0x07, 0x40, 0x00, 0x40, 0x07,
  0x00, 0x48, 0x00, 0x00, 0x07, 0x00, 0x00, 0x3F, 0x59, 0x20, 0x22, 0x00, 0x50, 0x00, 0x30, 0x21, 0x00, 0x54, 0x00, 0x00, 0x34, 0x00, 0x00, 0x33,
  0x00, 0x00, 0x00, 0x00, 0x4E, 0xA8, 0x00, 0x00, 0x00, 0x00, 0x00, 0x00, 0x91, 0xAE, 0x03, 0x00, 0x00, 0x00, 0x00, 0x00, 0x9A, 0x6A, 0x3D, 0x00,
  0x00, 0x00, 0x00, 0x30, 0x6B, 0x1F, 0x87, 0x00, 0x00, 0x00, 0x00, 0x7B, 0x20, 0x00, 0xA7, 0x00, 0x00, 0x00, 0x00, 0x9B, 0x00, 0x00, 0x89, 0x1C,
  0x00, 0x00, 0x14, 0x86, 0x00, 0x00, 0x40, 0x66, 0x00, 0x00, 0x5D, 0x3D, 0x00, 0x00, 0x04, 0xA1, 0x00, 0x00, 0xA9, 0xFF, 0xFF, 0xFF, 0xFF, 0xF4,
  0x07, 0x04, 0xB0, 0x00, 0x00, 0x00, 0x00, 0x74, 0x45, 0x3F, 0x6D, 0x00, 0x00, 0x00, 0x00, 0x22, 0x8F, 0x89, 0x1B, 0x00, 0x00, 0x00, 0x00, 0x00,
  0xAB, 0x00, 0x90, 0xFF, 0xFF, 0xE9, 0x96, 0x06, 0x00, 0x00, 0x90, 0x14, 0x00, 0x19, 0x9F, 0x62, 0x00, 0x00, 0x90, 0x14, 0x00, 0x00, 0x10, 0x9C,
  0x00, 0x00, 0x90, 0x14, 0x00, 0x00, 0x00, 0xA4, 0x00, 0x00, 0x90, 0x14, 0x00, 0x00, 0x18, 0x92, 0x00, 0x00, 0x90, 0x14, 0x00, 0x1B, 0xA6, 0x35,
  0x00, 0x00, 0x90, 0xFF, 0xFF, 0xFF, 0x8F, 0x03, 0x00, 0x00, 0x90, 0x14, 0x00, 0x0F, 0x5D, 0x90, 0x00, 0x00, 0x90, 0x14, 0x00, 0x00, 0x00, 0xA7,
  0x00, 0x00, 0x90, 0x14, 0x00, 0x00, 0x00, 0xAA, 0x00, 0x00, 0x90, 0x14, 0x00, 0x0E, 0x58, 0xB2, 0x00, 0x00, 0x90, 0xFF, 0xFF, 0xF8, 0xBE, 0x26,
  0x00, 0x00, 0x00, 0x60, 0xD6, 0xE4, 0xA1, 0x09, 0x00, 0x00, 0x3C, 0xB5, 0x0E, 0x00, 0x45, 0x8F, 0x00, 0x00, 0x99, 0x23, 0x00, 0x00, 0x00, 0xA3,
  0x00, 0x00, 0xAD, 0x00, 0x00, 0x00, 0x00, 0x48, 0x00, 0x00, 0xA8, 0x00, 0x00, 0x00, 0x00, 0x00, 0x00, 0x00, 0xA8, 0x00, 0x00, 0x00, 0x00, 0x00,
  0x00, 0x00, 0xA6, 0x00, 0x00, 0x00, 0x00, 0x00, 0x00, 0x00, 0xA7, 0x00, 0x00, 0x00, 0x00, 0x00, 0x00, 0x00, 0xA9, 0x00, 0x00, 0x00, 0x00, 0x5F,
  0x09, 0x00, 0xA3, 0x11, 0x00, 0x00, 0x00, 0xA8, 0x00, 0x00, 0x5C, 0xA8, 0x07, 0x00, 0x46, 0x97, 0x00, 0x00, 0x00, 0x81, 0xDE, 0xDE, 0xA8, 0x0F,
  0x00, 0x00, 0x90, 0xFF, 0xFF, 0xF2, 0xAC, 0x1F, 0x00, 0x00, 0x00, 0x90, 0x10, 0x00, 0x16, 0x6B, 0xCC, 0x01, 0x00, 0x00, 0x90, 0x10, 0x00, 0x00,
  0x00, 0x98, 0x31, 0x00, 0x00, 0x90, 0x10, 0x00, 0x00, 0x00, 0x57, 0x57, 0x00, 0x00, 0x90, 0x10, 0x00, 0x00, 0x00, 0x40, 0x68, 0x00, 0x00, 0x90,
  0x10, 0x00, 0x00, 0x00, 0x39, 0x6D, 0x00, 0x00, 0x90, 0x10, 0x00, 0x00, 0x00, 0x3D, 0x6B, 0x00, 0x00, 0x90, 0x10, 0x00, 0x00, 0x00, 0x49, 0x61,
  0x00, 0x00, 0x90, 0x10, 0x00, 0x00, 0x00, 0x69, 0x49, 0x00, 0x00, 0x90, 0x10, 0x00, 0x00, 0x00, 0xAE, 0x17, 0x00, 0x00, 0x90, 0x10, 0x00, 0x0E,
  0x6F, 0xB0, 0x00, 0x00, 0x00, 0x90, 0xFF, 0xFF, 0xF3, 0xA4, 0x0D, 0x00, 0x00, 0x00, 0x90, 0xFF, 0xFF, 0xFF, 0xFF, 0x14, 0x00, 0x90, 0x10, 0x00,
  0x00, 0x00, 0x00, 0x00, 0x90, 0x10, 0x00, 0x00, 0x00, 0x00, 0x00, 0x90, 0x10, 0x00, 0x00, 0x00, 0x00, 0x00, 0x90, 0x10, 0x00, 0x00, 0x00, 0x00,
  0x00, 0x90, 0x10, 0x00, 0x00, 0x00, 0x00, 0x00, 0x90, 0xFF, 0xFF, 0xFF, 0xF0, 0x00, 0x00, 0x90, 0x10, 0x00, 0x00, 0x00, 0x00, 0x00, 0x90, 0x10,
  0x00, 0x00, 0x00, 0x00, 0x00, 0x90, 0x10, 0x00, 0x00, 0x00, 0x00, 0x00, 0x90, 0x10, 0x00, 0x00, 0x00, 0x00, 0x00, 0x90, 0xFF, 0xFF, 0xFF, 0xFF,
  0x30, 0x00, 0x90, 0xFF, 0xFF, 0xFF, 0xC0, 0x00, 0x90, 0x10, 0x00, 0x00, 0x00, 0x00, 0x90, 0x10, 0x00, 0x00, 0x00, 0x00, 0x90, 0x10, 0x00, 0x00,
  0x00, 0x00, 0x90, 0x10, 0x00, 0x00, 0x00, 0x00, 0x90, 0x10, 0x00, 0x00, 0x00, 0x00, 0x90, 0xFF, 0xFF, 0xFF, 0x7C, 0x00, 0x90, 0x10, 0x00, 0x00,
  0x00, 0x00, 0x90, 0x10, 0x00, 0x00, 0x00, 0x00, 0x90, 0x10, 0x00, 0x00, 0x00, 0x00, 0x90, 0x10, 0x00, 0x00, 0x00, 0x00, 0x90, 0x10, 0x00, 0x00,
  0x00, 0x00, 0x00, 0x5E, 0xDC, 0xE3, 0xBB, 0x1B, 0x00, 0x00, 0x37, 0xBC, 0x16, 0x00, 0x26, 0xB2, 0x00, 0x00, 0x8F, 0x23, 0x00, 0x00, 0x00, 0x8C,
  0x1A, 0x00, 0xA1, 0x00, 0x00, 0x00, 0x00, 0x2A, 0x10, 0x00, 0xA3, 0x00, 0x00, 0x00, 0x00, 0x00, 0x00, 0x00, 0xA4, 0x00, 0x00, 0x00, 0x00, 0x00,
  0x00, 0x00, 0xA7, 0x00, 0x00, 0xEC, 0xFF, 0xFF, 0x24, 0x00, 0xA6, 0x00, 0x00, 0x00, 0x00, 0x7C, 0x24, 0x00, 0xB1, 0x00, 0x00, 0x00, 0x00, 0x7C,
  0x24, 0x00, 0x9F, 0x1A, 0x00, 0x00, 0x00, 0x7C, 0x24, 0x00, 0x3C, 0xB5, 0x13, 0x00, 0x01, 0x8B, 0x24, 0x00, 0x00, 0x59, 0xD0, 0xDD, 0xDB, 0xB2,
  0x13, 0x00, 0x90, 0x10, 0x00, 0x00, 0x00, 0x3C, 0x64, 0x00, 0x00, 0x90, 0x10, 0x00, 0x00, 0x00, 0x3C, 0x64, 0x00, 0x00, 0x90, 0x10, 0x00, 0x00,
  0x00, 0x3C, 0x64, 0x00, 0x00, 0x90, 0x10, 0x00, 0x00, 0x00, 0x3C, 0x64, 0x00, 0x00, 0x90, 0x10, 0x00, 0x00, 0x00, 0x3C, 0x64, 0x00, 0x00, 0x90,
  0x10, 0x00, 0x00, 0x00, 0x3C, 0x64, 0x00, 0x00, 0x90, 0xFF, 0xFF, 0xFF, 0xFF, 0xFF, 0x64, 0x00, 0x00, 0x90, 0x10, 0x00, 0x00, 0x00, 0x3C, 0x64,
  0x00, 0x00, 0x90, 0x10, 0x00, 0x00, 0x00, 0x3C, 0x64, 0x00, 0x00, 0x90, 0x10, 0x00, 0x00, 0x00, 0x3C, 0x64, 0x00, 0x00, 0x90, 0x10, 0x00, 0x00,
  0x00, 0x3C, 0x64, 0x00, 0x00, 0x90, 0x10, 0x00, 0x00, 0x00, 0x3C, 0x64, 0x00, 0x00, 0x90, 0x10, 0x00, 0x90, 0x10, 0x00, 0x90, 0x10, 0x00, 0x90,
  0x10, 0x00, 0x90, 0x10, 0x00, 0x90, 0x10, 0x00, 0x90, 0x10, 0x00, 0x90, 0x10, 0x00, 0x90, 0x10, 0x00, 0x90, 0x10, 0x00, 0x90, 0x10, 0x00, 0x90,
  0x10, 0x00, 0x00, 0x00, 0x00, 0x2C, 0x74, 0x00, 0x00, 0x00, 0x00, 0x00, 0x2C, 0x74, 0x00, 0x00, 0x00, 0x00, 0x00, 0x2C, 0x74, 0x00, 0x00, 0x00,
  0x00, 0x00, 0x2C, 0x74, 0x00, 0x00, 0x00, 0x00, 0x00, 0x2C, 0x74, 0x00, 0x00, 0x00, 0x00, 0x00, 0x2C, 0x74, 0x00, 0x00, 0x00, 0x00, 0x00, 0x2C,
  0x74, 0x00, 0x00, 0x00, 0x00, 0x00, 0x2C, 0x74, 0x00, 0x33, 0x16, 0x00, 0x00, 0x32, 0x70, 0x00, 0x63, 0x40, 0x00, 0x00, 0x4B, 0x62, 0x00, 0x20,
  0xA0, 0x03, 0x05, 0xB2, 0x2A, 0x00, 0x00, 0x5C, 0xE1, 0xE8, 0x7C, 0x00, 0x00, 0x00, 0x90, 0x10, 0x00, 0x00, 0x1A, 0xA3, 0x02, 0x00, 0x90, 0x10,
  0x00, 0x03, 0xA5, 0x15, 0x00, 0x00, 0x90, 0x10, 0x00, 0x80, 0x3C, 0x00, 0x00, 0x00, 0x90, 0x10, 0x46, 0x74, 0x00, 0x00, 0x00, 0x00, 0x90, 0x2A,
  0x9E, 0x01, 0x00, 0x00, 0x00, 0x00, 0x90, 0xB4, 0x13, 0x00, 0x00, 0x00, 0x00, 0x00, 0x90, 0x5B, 0x6E, 0x00, 0x00, 0x00, 0x00, 0x00, 0x90, 0x10,
  0x94, 0x27, 0x00, 0x00, 0x00, 0x00, 0x90, 0x10, 0x0E, 0xAA, 0x03, 0x00, 0x00, 0x00, 0x90, 0x10, 0x00, 0x43, 0x7B, 0x00, 0x00, 0x00, 0x90, 0x10,
  0x00, 0x00, 0x8F, 0x31, 0x00, 0x00, 0x90, 0x10, 0x00, 0x00, 0x0B, 0xB0, 0x07, 0x00, 0x90, 0x10, 0x00, 0x00, 0x00, 0x00, 0x90, 0x10, 0x00, 0x00,
  0x00, 0x00, 0x90, 0x10, 0x00, 0x00, 0x00, 0x00, 0x90, 0x10, 0x00, 0x00, 0x00, 0x00, 0x90, 0x10, 0x00, 0x00, 0x00, 0x00, 0x90, 0x10, 0x00, 0x00,
  0x00, 0x00, 0x90, 0x10, 0x00, 0x00, 0x00, 0x00, 0x90, 0x10, 0x00, 0x00, 0x00, 0x00, 0x90, 0x10, 0x00, 0x00, 0x00, 0x00, 0x90, 0x10, 0x00, 0x00,
  0x00, 0x00, 0x90, 0x10, 0x00, 0x00, 0x00, 0x00, 0x90, 0xFF, 0xFF, 0xFF, 0xBC, 0x00, 0x90, 0x95, 0x00, 0x00, 0x00, 0x00, 0x00, 0x00, 0x85, 0xA0,
  0x00, 0x00, 0x90, 0xA1, 0x02, 0x00, 0x00, 0x00, 0x00, 0x00, 0x92, 0xA0, 0x00, 0x00, 0x90, 0x66, 0x3C, 0x00, 0x00, 0x00, 0x00, 0x2C, 0x66, 0xA0,
  0x00, 0x00, 0x90, 0x18, 0x89, 0x00, 0x00, 0x00, 0x00, 0x79, 0x18, 0xA0, 0x00, 0x00, 0x90, 0x04, 0x9D, 0x00, 0x00, 0x00, 0x00, 0x91, 0x00, 0xA0,
  0x00, 0x00, 0x90, 0x04, 0x6F, 0x2E, 0x00, 0x00, 0x1B, 0x74, 0x00, 0xA0, 0x00, 0x00, 0x90, 0x04, 0x1E, 0x7D, 0x00, 0x00, 0x6A, 0x25, 0x00, 0xA0,
  0x00, 0x00, 0x90, 0x04, 0x00, 0x9C, 0x00, 0x00, 0x8F, 0x00, 0x00, 0xA0, 0x00, 0x00, 0x90, 0x04, 0x00, 0x7C, 0x1F, 0x0F, 0x7E, 0x00, 0x00, 0xA0,
  0x00, 0x00, 0x90, 0x04, 0x00, 0x2B, 0x6F, 0x5A, 0x34, 0x00, 0x00, 0xA0, 0x00, 0x00, 0x90, 0x04, 0x00, 0x00, 0x9A, 0x8D, 0x00, 0x00, 0x00, 0xA0,
  0x00, 0x00, 0x90, 0x04, 0x00, 0x00, 0x85, 0x88, 0x00, 0x00, 0x00, 0xA0, 0x00, 0x00, 0x90, 0x9C, 0x00, 0x00, 0x00, 0x00, 0x7C, 0x18, 0x00, 0x00,
  0x90, 0x97, 0x1C, 0x00, 0x00, 0x00, 0x7C, 0x18, 0x00, 0x00, 0x90, 0x2C, 0x87, 0x00, 0x00, 0x00, 0x7C, 0x18, 0x00, 0x00, 0x90, 0x08, 0x9F, 0x0C,
  0x00, 0x00, 0x7C, 0x18, 0x00, 0x00, 0x90, 0x08, 0x3E, 0x6F, 0x00, 0x00, 0x7C, 0x18, 0x00, 0x00, 0x90, 0x08, 0x00, 0xA9, 0x03, 0x00, 0x7C, 0x18,
  0x00, 0x00, 0x90, 0x08, 0x00, 0x59, 0x54, 0x00, 0x7C, 0x18, 0x00, 0x00, 0x90, 0x08, 0x00, 0x04, 0xA9, 0x00, 0x7C, 0x18, 0x00, 0x00, 0x90, 0x08,
  0x00, 0x00, 0x74, 0x3A, 0x7C, 0x18, 0x00, 0x00, 0x90, 0x08, 0x00, 0x00, 0x0F, 0x9F, 0x7C, 0x18, 0x00, 0x00, 0x90, 0x08, 0x00, 0x00, 0x00, 0x8D,
  0x9E, 0x18, 0x00, 0x00, 0x90, 0x08, 0x00, 0x00, 0x00, 0x20, 0xF4, 0x18, 0x00, 0x00, 0x00, 0x5E, 0xDE, 0xE6, 0xC7, 0x21, 0x00, 0x00, 0x00, 0x46,
  0xB0, 0x0E, 0x00, 0x3A, 0xC9, 0x01, 0x00, 0x00, 0xA8, 0x16, 0x00, 0x00, 0x00, 0x8D, 0x2E, 0x00, 0x00, 0xB3, 0x00, 0x00, 0x00, 0x00, 0x5C, 0x57,
  0x00, 0x00, 0xAC, 0x00, 0x00, 0x00, 0x00, 0x42, 0x68, 0x00, 0x00, 0xA9, 0x00, 0x00, 0x00, 0x00, 0x3B, 0x6E, 0x00, 0x00, 0xA8, 0x00, 0x00, 0x00,
  0x00, 0x38, 0x6E, 0x00, 0x00, 0xA9, 0x00, 0x00, 0x00, 0x00, 0x3D, 0x69, 0x00, 0x00, 0xB1, 0x00, 0x00, 0x00, 0x00, 0x51, 0x55, 0x00, 0x00, 0xAB,
  0x12, 0x00, 0x00, 0x00, 0x8D, 0x20, 0x00, 0x00, 0x4F, 0xA3, 0x09, 0x00, 0x3D, 0xC4, 0x00, 0x00, 0x00, 0x00, 0x74, 0xDE, 0xE2, 0xBF, 0x25, 0x00,
  0x00, 0x00, 0x90, 0xFF, 0xFA, 0xDA, 0x5C, 0x00, 0x00, 0x90, 0x10, 0x04, 0x2D, 0xCE, 0x23, 0x00, 0x90, 0x10, 0x00, 0x00, 0x5A, 0x5C, 0x00, 0x90,
  0x10, 0x00, 0x00, 0x43, 0x67, 0x00, 0x90, 0x10, 0x00, 0x00, 0x5F, 0x55, 0x00, 0x90, 0x10, 0x06, 0x32, 0xD1, 0x1A, 0x00, 0x90, 0xFF, 0xF7, 0xD5,
  0x58, 0x00, 0x00, 0x90, 0x10, 0x00, 0x00, 0x00, 0x00, 0x00, 0x90, 0x10, 0x00, 0x00, 0x00, 0x00, 0x00, 0x90, 0x10, 0x00, 0x00, 0x00, 0x00, 0x00,
  0x90, 0x10, 0x00, 0x00, 0x00, 0x00, 0x00, 0x90, 0x10, 0x00, 0x00, 0x00, 0x00, 0x00, 0x00, 0x70, 0xDF, 0xE4, 0xC7, 0x21, 0x00, 0x00, 0x00, 0x4A,
  0xB7, 0x0F, 0x00, 0x3C, 0xCC, 0x01, 0x00, 0x00, 0xA9, 0x22, 0x00, 0x00, 0x00, 0x95, 0x30, 0x00, 0x00, 0xB9, 0x00, 0x00, 0x00, 0x00, 0x62, 0x57,
  0x00, 0x00, 0xA9, 0x00, 0x00, 0x00, 0x00, 0x45, 0x69, 0x00, 0x00, 0xA7, 0x00, 0x00, 0x00, 0x00, 0x3D, 0x6E, 0x00, 0x00, 0xA8, 0x00, 0x00, 0x00,
  0x00, 0x38, 0x6C, 0x00, 0x00, 0xA9, 0x00, 0x00, 0x00, 0x00, 0x3B, 0x66, 0x00, 0x00, 0xB0, 0x00, 0x00, 0x00, 0x00, 0x53, 0x4C, 0x00, 0x00, 0xAE,
  0x10, 0x00, 0x00, 0x00, 0x86, 0x1C, 0x00, 0x00, 0x55, 0xA2, 0x0A, 0x00, 0x3D, 0x85, 0x00, 0x00, 0x00, 0x00, 0x77, 0xE0, 0xEE, 0xFF, 0xED, 0xFB,
  0x0B, 0x00, 0x90, 0xFF, 0xFF, 0xEF, 0xAC, 0x0F, 0x00, 0x00, 0x90, 0x10, 0x00, 0x0C, 0x76, 0x7E, 0x00, 0x00, 0x90, 0x10, 0x00, 0x00, 0x02, 0xA4,
  0x00, 0x00, 0x90, 0x10, 0x00, 0x00, 0x07, 0x9F, 0x00, 0x00, 0x90, 0x10, 0x02, 0x16, 0x8B, 0x51, 0x00, 0x00, 0x90, 0xFF, 0xFF, 0xFF, 0x8F, 0x00,
  0x00, 0x00, 0x90, 0x10, 0x00, 0x12, 0xA6, 0x3D, 0x00, 0x00, 0x90, 0x10, 0x00, 0x00, 0x31, 0x78, 0x00, 0x00, 0x90, 0x10, 0x00, 0x00, 0x16, 0x88,
  0x00, 0x00, 0x90, 0x10, 0x00, 0x00, 0x0A, 0x8E, 0x00, 0x00, 0x90, 0x10, 0x00, 0x00, 0x05, 0x96, 0x00, 0x00, 0x90, 0x10, 0x00, 0x00, 0x00, 0x9E,
  0x00, 0x00, 0x1F, 0xB5, 0xDF, 0xD7, 0x57, 0x00, 0x00, 0xB5, 0x43, 0x00, 0x0A, 0xB1, 0x21, 0x00, 0xA9, 0x00, 0x00, 0x00, 0x46, 0x5F, 0x00, 0x90,
  0x00, 0x00, 0x00, 0x0B, 0x18, 0x00, 0x44, 0x4A, 0x00, 0x00, 0x00, 0x00, 0x00, 0x00, 0x32, 0x62, 0x0B, 0x00, 0x00, 0x00, 0x00, 0x00, 0x04, 0x5D,
  0x2F, 0x00, 0x00, 0x00, 0x00, 0x00, 0x00, 0x79, 0x13, 0x0F, 0x3D, 0x00, 0x00, 0x00, 0x39, 0x63, 0x0A, 0x9A, 0x00, 0x00, 0x00, 0x47, 0x6C, 0x00,
  0xAE, 0x2E, 0x00, 0x0E, 0xBD, 0x2D, 0x00, 0x1F, 0xBB, 0xDD, 0xDB, 0x62, 0x00, 0xD0, 0xFF, 0xFF, 0xFF, 0xFF, 0xFF, 0x28, 0x00, 0x00, 0x24, 0x7C,
  0x00, 0x00, 0x00, 0x00, 0x00, 0x24, 0x7C, 0x00, 0x00, 0x00, 0x00, 0x00, 0x24, 0x7C, 0x00, 0x00, 0x00, 0x00, 0x00, 0x24, 0x7C, 0x00, 0x00, 0x00,
  0x00, 0x00, 0x24, 0x7C, 0x00, 0x00, 0x00, 0x00, 0x00, 0x24, 0x7C, 0x00, 0x00, 0x00, 0x00, 0x00, 0x24, 0x7C, 0x00, 0x00, 0x00, 0x00, 0x00, 0x24,
  0x7C, 0x00, 0x00, 0x00, 0x00, 0x00, 0x24, 0x7C, 0x00, 0x00, 0x00, 0x00, 0x00, 0x24, 0x7C, 0x00, 0x00, 0x00, 0x00, 0x00, 0x24, 0x7C, 0x00, 0x00,
  0x00, 0x00, 0xA0, 0x00, 0x00, 0x00, 0x00, 0x38, 0x68, 0x00, 0x00, 0xA0, 0x00, 0x00, 0x00, 0x00, 0x38, 0x68, 0x00, 0x00, 0xA0, 0x00, 0x00, 0x00,
  0x00, 0x38, 0x68, 0x00, 0x00, 0xA0, 0x00, 0x00, 0x00, 0x00, 0x38, 0x68, 0x00, 0x00, 0xA0, 0x00, 0x00, 0x00, 0x00, 0x38, 0x68, 0x00, 0x00, 0xA0,
  0x00, 0x00, 0x00, 0x00, 0x38, 0x68, 0x00, 0x00, 0xA0, 0x00, 0x00, 0x00, 0x00, 0x38, 0x68, 0x00, 0x00, 0xA0, 0x00, 0x00, 0x00, 0x00, 0x38, 0x67,
  0x00, 0x00, 0x9D, 0x07, 0x00, 0x00, 0x00, 0x45, 0x5E, 0x00, 0x00, 0x87, 0x2E, 0x00, 0x00, 0x00, 0x6E, 0x45, 0x00, 0x00, 0x3D, 0xB4, 0x0B, 0x00,
  0x20, 0xCE, 0x08, 0x00, 0x00, 0x00, 0x74, 0xDB, 0xDF, 0xD3, 0x47, 0x00, 0x00, 0x8F, 0x1C, 0x00, 0x00, 0x00, 0x00, 0x74, 0x2A, 0x4C, 0x5C, 0x00,
  0x00, 0x00, 0x00, 0x9B, 0x00, 0x0D, 0x99, 0x00, 0x00, 0x00, 0x02, 0x96, 0x00, 0x00, 0xA6, 0x00, 0x00, 0x00, 0x32, 0x64, 0x00, 0x00, 0x84, 0x1F,
  0x00, 0x00, 0x72, 0x22, 0x00, 0x00, 0x42, 0x60, 0x00, 0x00, 0x92, 0x00, 0x00, 0x00, 0x07, 0x98, 0x00, 0x02, 0x8C, 0x00, 0x00, 0x00, 0x00, 0x9E,
  0x00, 0x30, 0x5C, 0x00, 0x00, 0x00, 0x00, 0x7A, 0x23, 0x6F, 0x1A, 0x00, 0x00, 0x00, 0x00, 0x37, 0x63, 0x87, 0x00, 0x00, 0x00, 0x00, 0x00, 0x03,
  0x96, 0x82, 0x00, 0x00, 0x00, 0x00, 0x00, 0x00, 0xA9, 0x54, 0x00, 0x00, 0x00, 0x80, 0x2B, 0x00, 0x00, 0x00, 0x15, 0xEA, 0x00, 0x00, 0x00, 0x00,
  0x4E, 0x50, 0x46, 0x63, 0x00, 0x00, 0x00, 0x4F, 0xB0, 0x25, 0x00, 0x00, 0x00, 0x88, 0x14, 0x0E, 0x97, 0x00, 0x00, 0x00, 0x84, 0x45, 0x5C, 0x00,
  0x00, 0x00, 0x9B, 0x00, 0x00, 0xA4, 0x00, 0x00, 0x00, 0x8F, 0x09, 0x8D, 0x00, 0x00, 0x07, 0x91, 0x00, 0x00, 0x95, 0x0C, 0x00, 0x05, 0x8A, 0x00,
  0x98, 0x00, 0x00, 0x3A, 0x5C, 0x00, 0x00, 0x5E, 0x41, 0x00, 0x36, 0x5A, 0x00, 0x92, 0x06, 0x00, 0x76, 0x1F, 0x00, 0x00, 0x24, 0x79, 0x00, 0x70,
  0x21, 0x00, 0x62, 0x36, 0x00, 0x94, 0x00, 0x00, 0x00, 0x00, 0x99, 0x00, 0x92, 0x00, 0x00, 0x2C, 0x6C, 0x00, 0x90, 0x00, 0x00, 0x00, 0x00, 0x98,
  0x00, 0x93, 0x00, 0x00, 0x02, 0x96, 0x27, 0x68, 0x00, 0x00, 0x00, 0x00, 0x76, 0x3C, 0x76, 0x00, 0x00, 0x00, 0x99, 0x62, 0x2B, 0x00, 0x00, 0x00,
  0x00, 0x3C, 0xAE, 0x3D, 0x00, 0x00, 0x00, 0x88, 0x9D, 0x01, 0x00, 0x00, 0x00, 0x00, 0x08, 0xF1, 0x09, 0x00, 0x00, 0x00, 0x53, 0xAF, 0x00, 0x00,
  0x00, 0x47, 0x6C, 0x00, 0x00, 0x00, 0x10, 0x9A, 0x00, 0x00, 0xAB, 0x04, 0x00, 0x00, 0x7C, 0x2D, 0x00, 0x00, 0x50, 0x5E, 0x00, 0x0C, 0x9B, 0x00,
  0x00, 0x00, 0x01, 0xA9, 0x01, 0x73, 0x32, 0x00, 0x00, 0x00, 0x00, 0x5A, 0x58, 0x9B, 0x00, 0x00, 0x00, 0x00, 0x00, 0x03, 0xD6, 0x3C, 0x00, 0x00,
  0x00, 0x00, 0x00, 0x16, 0xB6, 0x6E, 0x00, 0x00, 0x00, 0x00, 0x00, 0x82, 0x1B, 0xA6, 0x08, 0x00, 0x00, 0x00, 0x11, 0x8F, 0x00, 0x42, 0x6D, 0x00,
  0x00, 0x00, 0x7D, 0x26, 0x00, 0x00, 0xAA, 0x07, 0x00, 0x0D, 0x9A, 0x00, 0x00, 0x00, 0x48, 0x6C, 0x00, 0x76, 0x34, 0x00, 0x00, 0x00, 0x00, 0xAE,
  0x07, 0x90, 0x1F, 0x00, 0x00, 0x00, 0x00, 0xA8, 0x01, 0x24, 0x89, 0x00, 0x00, 0x00, 0x3C, 0x6B, 0x00, 0x00, 0xA0, 0x0C, 0x00, 0x00, 0x98, 0x0B,
  0x00, 0x00, 0x3F, 0x6C, 0x00, 0x1A, 0x85, 0x00, 0x00, 0x00, 0x00, 0xA8, 0x02, 0x7F, 0x1E, 0x00, 0x00, 0x00, 0x00, 0x5C, 0x54, 0x92, 0x00, 0x00,
  0x00, 0x00, 0x00, 0x05, 0xD4, 0x38, 0x00, 0x00, 0x00, 0x00, 0x00, 0x00, 0xA0, 0x00, 0x00, 0x00, 0x00, 0x00, 0x00, 0x00, 0xA0, 0x00, 0x00, 0x00,
  0x00, 0x00, 0x00, 0x00, 0xA0, 0x00, 0x00, 0x00, 0x00, 0x00, 0x00, 0x00, 0xA0, 0x00, 0x00, 0x00, 0x00, 0x00, 0x00, 0x00, 0xA0, 0x00, 0x00, 0x00,
  0x00, 0x30, 0xFF, 0xFF, 0xFF, 0xFF, 0xFF, 0x33, 0x00, 0x00, 0x00, 0x00, 0x00, 0x78, 0x00, 0x00, 0x00, 0x00, 0x00, 0x29, 0x4F, 0x00, 0x00, 0x00,
  0x00, 0x00, 0x77, 0x01, 0x00, 0x00, 0x00, 0x00, 0x24, 0x54, 0x00, 0x00, 0x00, 0x00, 0x00, 0x76, 0x02, 0x00, 0x00, 0x00, 0x00, 0x20, 0x58, 0x00,
  0x00, 0x00, 0x00, 0x00, 0x75, 0x03, 0x00, 0x00, 0x00, 0x00, 0x1B, 0x5C, 0x00, 0x00, 0x00, 0x00, 0x00, 0x73, 0x05, 0x00, 0x00, 0x00, 0x00, 0x18,
  0x61, 0x00, 0x00, 0x00, 0x00, 0x00, 0x75, 0xFF, 0xFF, 0xFF, 0xFF, 0xFF, 0x34, 0x00, 0x23, 0xC2, 0xDF, 0xC2, 0x18, 0x00, 0x00, 0xA2, 0x1F, 0x00,
  0x3E, 0x7F, 0x00, 0x00, 0x3F, 0x00, 0x00, 0x00, 0x96, 0x00, 0x00, 0x46, 0xC7, 0xF6, 0xFF, 0xA4, 0x00, 0x1B, 0xCB, 0x3D, 0x0C, 0x00, 0x98, 0x00,
  0x49, 0x5A, 0x00, 0x00, 0x0E, 0xA3, 0x00, 0x29, 0xA0, 0x03, 0x03, 0x86, 0x98, 0x00, 0x00, 0x81, 0xE1, 0xDC, 0x5A, 0x8C, 0x00, 0x00, 0x98, 0x00,
  0x00, 0x00, 0x00, 0x00, 0x00, 0x98, 0x00, 0x00, 0x00, 0x00, 0x00, 0x00, 0x98, 0x00, 0x00, 0x00, 0x00, 0x00, 0x00, 0x98, 0x00, 0x00, 0x00, 0x00,
  0x00, 0x00, 0x9B, 0x98, 0xE5, 0xDB, 0x53, 0x00, 0x00, 0xC7, 0x73, 0x00, 0x12, 0xC3, 0x06, 0x00, 0xB8, 0x03, 0x00, 0x00, 0x72, 0x30, 0x00, 0x99,
  0x00, 0x00, 0x00, 0x5A, 0x40, 0x00, 0x97, 0x00, 0x00, 0x00, 0x62, 0x40, 0x00, 0xA9, 0x00, 0x00, 0x00, 0x77, 0x2A, 0x00, 0xBA, 0x59, 0x00, 0x15,
  0xBE, 0x02, 0x00, 0x8F, 0x86, 0xE3, 0xD6, 0x45, 0x00, 0x00, 0x27, 0xD2, 0xE5, 0x9A, 0x02, 0x00, 0xB8, 0x30, 0x00, 0x60, 0x58, 0x0B, 0xA4, 0x00,
  0x00, 0x0A, 0x62, 0x1C, 0x87, 0x00, 0x00, 0x00, 0x00, 0x1A, 0x84, 0x00, 0x00, 0x00, 0x00, 0x0A, 0x9E, 0x00, 0x00, 0x0C, 0x70, 0x00, 0xBA, 0x23,
  0x00, 0x6A, 0x55, 0x00, 0x30, 0xD7, 0xE1, 0x9F, 0x03, 0x00, 0x00, 0x00, 0x00, 0x00, 0x98, 0x00, 0x00, 0x00, 0x00, 0x00, 0x00, 0x98, 0x00, 0x00,
  0x00, 0x00, 0x00, 0x00, 0x98, 0x00, 0x00, 0x00, 0x00, 0x00, 0x00, 0x98, 0x00, 0x00, 0x20, 0xCC, 0xE1, 0xC8, 0xB3, 0x00, 0x00, 0xAE, 0x2C, 0x00,
  0x44, 0xF0, 0x00, 0x09, 0x9B, 0x00, 0x00, 0x00, 0xBA, 0x00, 0x1B, 0x82, 0x00, 0x00, 0x00, 0x9B, 0x00, 0x1A, 0x84, 0x00, 0x00, 0x00, 0x97, 0x00,
  0x08, 0x9D, 0x00, 0x00, 0x00, 0xB0, 0x00, 0x00, 0xB0, 0x2C, 0x00, 0x39, 0xE3, 0x00, 0x00, 0x22, 0xCD, 0xDF, 0xB2, 0x98, 0x00, 0x00, 0x29, 0xC9,
  0xE1, 0xCA, 0x25, 0x00, 0x00, 0x9E, 0x1B, 0x00, 0x24, 0x9C, 0x00, 0x05, 0x83, 0x00, 0x00, 0x00, 0x9B, 0x00, 0x19, 0xFF, 0xFF, 0xFF, 0xFF, 0xEB,
  0x00, 0x1D, 0x81, 0x00, 0x00, 0x00, 0x00, 0x00, 0x0F, 0x95, 0x00, 0x00, 0x00, 0x82, 0x00, 0x00, 0xBC, 0x22, 0x00, 0x34, 0x81, 0x00, 0x00, 0x33,
  0xD4, 0xDC, 0xA5, 0x0B, 0x00, 0x00, 0x09, 0xB9, 0xAD, 0x00, 0x4C, 0x6B, 0x00, 0x00, 0x65, 0x37, 0x00, 0x00, 0x68, 0x34, 0x00, 0xA0, 0xFF, 0xFF,
  0xC4, 0x00, 0x68, 0x34, 0x00, 0x00, 0x68, 0x34, 0x00, 0x00, 0x68, 0x34, 0x00, 0x00, 0x68, 0x34, 0x00, 0x00, 0x68, 0x34, 0x00, 0x00, 0x68, 0x34,
  0x00, 0x00, 0x68, 0x34, 0x00, 0x00, 0x24, 0xD0, 0xDF, 0xA9, 0x94, 0x00, 0x00, 0xB2, 0x2A, 0x00, 0x4A, 0xE1, 0x00, 0x08, 0x9D, 0x00, 0x00, 0x00,
  0xBD, 0x00, 0x19, 0x83, 0x00, 0x00, 0x00, 0x9B, 0x00, 0x1B, 0x84, 0x00, 0x00, 0x00, 0x9A, 0x00, 0x0B, 0x9F, 0x00, 0x00, 0x00, 0xBF, 0x00, 0x00,
  0xBF, 0x3B, 0x07, 0x62, 0xE9, 0x00, 0x00, 0x2E, 0xD8, 0xF7, 0xA4, 0xA1, 0x00, 0x00, 0x63, 0x00, 0x00, 0x00, 0xA1, 0x00, 0x00, 0x96, 0x29, 0x00,
  0x27, 0xB2, 0x00, 0x00, 0x1E, 0xC4, 0xDB, 0xC8, 0x32, 0x00, 0x00, 0x9C, 0x00, 0x00, 0x00, 0x00, 0x00, 0x00, 0x9C, 0x00, 0x00, 0x00, 0x00, 0x00,
  0x00, 0x9C, 0x00, 0x00, 0x00, 0x00, 0x00, 0x00, 0x9C, 0x00, 0x00, 0x00, 0x00, 0x00, 0x00, 0xA1, 0x9E, 0xDE, 0xD9, 0x56, 0x00, 0x00, 0xC8, 0x7F,
  0x04, 0x10, 0xC6, 0x00, 0x00, 0xBA, 0x05, 0x00, 0x00, 0x91, 0x0F, 0x00, 0x9F, 0x00, 0x00, 0x00, 0x84, 0x14, 0x00, 0x9C, 0x00, 0x00, 0x00, 0x84,
  0x14, 0x00, 0x9C, 0x00, 0x00, 0x00, 0x84, 0x14, 0x00, 0x9C, 0x00, 0x00, 0x00, 0x84, 0x14, 0x00, 0x9C, 0x00, 0x00, 0x00, 0x84, 0x14, 0x00, 0xB4,
  0x00, 0x00, 0x0E, 0x00, 0x00, 0x00, 0x00, 0x00, 0x9C, 0x00, 0x00, 0x9C, 0x00, 0x00, 0x9C, 0x00, 0x00, 0x9C, 0x00, 0x00, 0x9C, 0x00, 0x00, 0x9C,
  0x00, 0x00, 0x9C, 0x00, 0x00, 0x9C, 0x00, 0x00, 0x00, 0xB4, 0x00, 0x00, 0x00, 0x0E, 0x00, 0x00, 0x00, 0x00, 0x00, 0x00, 0x00, 0x9C, 0x00, 0x00,
  0x00, 0x9C, 0x00, 0x00, 0x00, 0x9C, 0x00, 0x00, 0x00, 0x9C, 0x00, 0x00, 0x00, 0x9C, 0x00, 0x00, 0x00, 0x9C, 0x00, 0x00, 0x00, 0x9C, 0x00, 0x00,
  0x00, 0x9C, 0x00, 0x00, 0x00, 0x9C, 0x00, 0x00, 0x05, 0xAC, 0x00, 0x1C, 0xE3, 0x6D, 0x00, 0x00, 0x9C, 0x00, 0x00, 0x00, 0x00, 0x00, 0x9C, 0x00,
  0x00, 0x00, 0x00, 0x00, 0x9C, 0x00, 0x00, 0x00, 0x00, 0x00, 0x9C, 0x00, 0x00, 0x01, 0x13, 0x00, 0x9C, 0x00, 0x00, 0x69, 0x0F, 0x00, 0x9C, 0x00,
  0x56, 0x27, 0x00, 0x00, 0x9C, 0x3E, 0x44, 0x00, 0x00, 0x00, 0xA1, 0xAD, 0x00, 0x00, 0x00, 0x00, 0x9C, 0x6F, 0x64, 0x00, 0x00, 0x00, 0x9C, 0x00,
  0xA5, 0x26, 0x00, 0x00, 0x9C, 0x00, 0x12, 0xAE, 0x05, 0x00, 0x9C, 0x00, 0x00, 0x3B, 0x84, 0x00, 0x9C, 0x00, 0x00, 0x9C, 0x00, 0x00, 0x9C, 0x00,
  0x00, 0x9C, 0x00, 0x00, 0x9C, 0x00, 0x00, 0x9C, 0x00, 0x00, 0x9C, 0x00, 0x00, 0x9C, 0x00, 0x00, 0x9C, 0x00, 0x00, 0x9C, 0x00, 0x00, 0x9C, 0x00,
  0x00, 0x9C, 0x00, 0x00, 0x91, 0x8C, 0xE4, 0xCE, 0x24, 0xB9, 0xE4, 0xAB, 0x05, 0x00, 0x00, 0xBA, 0x69, 0x00, 0x4F, 0xDD, 0x35, 0x00, 0x87, 0x45,
  0x00, 0x00, 0xB3, 0x02, 0x00, 0x03, 0xB5, 0x00, 0x00, 0x38, 0x63, 0x00, 0x00, 0x99, 0x00, 0x00, 0x00, 0x99, 0x00, 0x00, 0x30, 0x68, 0x00, 0x00,
  0x98, 0x00, 0x00, 0x00, 0x98, 0x00, 0x00, 0x30, 0x68, 0x00, 0x00, 0x98, 0x00, 0x00, 0x00, 0x98, 0x00, 0x00, 0x30, 0x68, 0x00, 0x00, 0x98, 0x00,
  0x00, 0x00, 0x98, 0x00, 0x00, 0x30, 0x68, 0x00, 0x00, 0x98, 0x00, 0x00, 0x00, 0x98, 0x00, 0x00, 0x30, 0x68, 0x00, 0x00, 0x93, 0x78, 0xE2, 0xD8,
  0x55, 0x00, 0x00, 0xB8, 0x7C, 0x04, 0x10, 0xC7, 0x00, 0x00, 0xB7, 0x04, 0x00, 0x00, 0x95, 0x0F, 0x00, 0x9B, 0x00, 0x00, 0x00, 0x88, 0x14, 0x00,
  0x98, 0x00, 0x00, 0x00, 0x88, 0x14, 0x00, 0x98, 0x00, 0x00, 0x00, 0x88, 0x14, 0x00, 0x98, 0x00, 0x00, 0x00, 0x88, 0x14, 0x00, 0x98, 0x00, 0x00,
  0x00, 0x88, 0x14, 0x00, 0x2E, 0xC8, 0xDC, 0xC7, 0x28, 0x00, 0x00, 0xBF, 0x2E, 0x00, 0x39, 0xAB, 0x00, 0x0C, 0xA2, 0x00, 0x00, 0x00, 0xA5, 0x00,
  0x1D, 0x83, 0x00, 0x00, 0x00, 0x9B, 0x00, 0x1E, 0x81, 0x00, 0x00, 0x00, 0x99, 0x00, 0x0F, 0x94, 0x00, 0x00, 0x00, 0x9F, 0x00, 0x00, 0xBD, 0x1E,
  0x00, 0x38, 0xA1, 0x00, 0x00, 0x3C, 0xD1, 0xDC, 0xC2, 0x1E, 0x00, 0x00, 0x8F, 0x8C, 0xE0, 0xE2, 0x47, 0x00, 0x00, 0xBF, 0x69, 0x00, 0x16, 0xC3,
  0x05, 0x00, 0xB4, 0x03, 0x00, 0x00, 0x74, 0x2E, 0x00, 0x99, 0x00, 0x00, 0x00, 0x5C, 0x40, 0x00, 0x97, 0x00, 0x00, 0x00, 0x5B, 0x3B, 0x00, 0xB3,
  0x01, 0x00, 0x00, 0x72, 0x28, 0x00, 0xC0, 0x6D, 0x00, 0x14, 0xC3, 0x04, 0x00, 0x98, 0x87, 0xE3, 0xD9, 0x4C, 0x00, 0x00, 0x98, 0x00, 0x00, 0x00,
  0x00, 0x00, 0x00, 0x98, 0x00, 0x00, 0x00, 0x00, 0x00, 0x00, 0x98, 0x00, 0x00, 0x00, 0x00, 0x00, 0x00, 0x25, 0xD2, 0xE3, 0xAE, 0x98, 0x00, 0x00,
  0xB5, 0x2E, 0x00, 0x3D, 0xE8, 0x00, 0x07, 0x9B, 0x00, 0x00, 0x00, 0xB7, 0x00, 0x18, 0x81, 0x00, 0x00, 0x00, 0x9B, 0x00, 0x17, 0x85, 0x00, 0x00,
  0x00, 0x98, 0x00, 0x06, 0x9B, 0x00, 0x00, 0x00, 0xB7, 0x00, 0x00, 0xBA, 0x27, 0x00, 0x43, 0xE8, 0x00, 0x00, 0x31, 0xD0, 0xE3, 0xA7, 0x9D, 0x00,
  0x00, 0x00, 0x00, 0x00, 0x00, 0x98, 0x00, 0x00, 0x00, 0x00, 0x00, 0x00, 0x98, 0x00, 0x00, 0x00, 0x00, 0x00, 0x00, 0x98, 0x00, 0x00, 0x90, 0x7B,
  0xEA, 0x00, 0xB7, 0x90, 0x10, 0x00, 0xB5, 0x05, 0x00, 0x00, 0x98, 0x00, 0x00, 0x00, 0x98, 0x00, 0x00, 0x00, 0x98, 0x00, 0x00, 0x00, 0x98, 0x00,
  0x00, 0x00, 0x98, 0x00, 0x00, 0x00, 0x70, 0xDF, 0xDA, 0x47, 0x00, 0x05, 0xBC, 0x06, 0x0C, 0xB6, 0x00, 0x00, 0x7B, 0x00, 0x00, 0x5F, 0x00, 0x00,
  0x1B, 0x30, 0x0A, 0x00, 0x00, 0x00, 0x00, 0x00, 0x21, 0x36, 0x00, 0x3A, 0x4F, 0x00, 0x00, 0x87, 0x02, 0x11, 0xA7, 0x02, 0x0C, 0xC4, 0x02, 0x00,
  0x55, 0xD4, 0xDE, 0x64, 0x00, 0x00, 0x47, 0x38, 0x00, 0x00, 0x5C, 0x3C, 0x00, 0xA8, 0xFF, 0xFF, 0xDC, 0x00, 0x5C, 0x3C, 0x00, 0x00, 0x5C, 0x3C,
  0x00, 0x00, 0x5C, 0x3C, 0x00, 0x00, 0x5C, 0x3C, 0x00, 0x00, 0x5C, 0x3C, 0x00, 0x00, 0x59, 0x4E, 0x00, 0x00, 0x23, 0xDA, 0xC3, 0x00, 0x9C, 0x00,
  0x00, 0x00, 0x88, 0x10, 0x00, 0x9C, 0x00, 0x00, 0x00, 0x88, 0x10, 0x00, 0x9C, 0x00, 0x00, 0x00, 0x88, 0x10, 0x00, 0x9C, 0x00, 0x00, 0x00, 0x88,
  0x10, 0x00, 0x9C, 0x00, 0x00, 0x00, 0x8B, 0x10, 0x00, 0xA3, 0x00, 0x00, 0x00, 0xAB, 0x10, 0x00, 0x9F, 0x38, 0x00, 0x3D, 0xE6, 0x11, 0x00, 0x25,
  0xCE, 0xE5, 0xAB, 0x86, 0x18, 0x7C, 0x2B, 0x00, 0x00, 0x0F, 0x86, 0x32, 0x73, 0x00, 0x00, 0x52, 0x41, 0x01, 0xA1, 0x00, 0x00, 0x8C, 0x06, 0x00,
  0x96, 0x0A, 0x00, 0x8F, 0x00, 0x00, 0x54, 0x4B, 0x26, 0x66, 0x00, 0x00, 0x0E, 0x8D, 0x6D, 0x1E, 0x00, 0x00, 0x00, 0x9A, 0x89, 0x00, 0x00, 0x00,
  0x00, 0x75, 0x85, 0x00, 0x00, 0x79, 0x2D, 0x00, 0x00, 0x67, 0x8F, 0x00, 0x00, 0x00, 0x99, 0x33, 0x70, 0x00, 0x00, 0x8D, 0x9C, 0x00, 0x00, 0x25,
  0x71, 0x01, 0x9D, 0x00, 0x00, 0x8C, 0x84, 0x16, 0x00, 0x68, 0x2B, 0x00, 0x98, 0x04, 0x1E, 0x6B, 0x42, 0x57, 0x00, 0x8F, 0x00, 0x00, 0x5F, 0x3A,
  0x5C, 0x2C, 0x07, 0x90, 0x01, 0x8A, 0x00, 0x00, 0x19, 0x7C, 0x85, 0x01, 0x00, 0x97, 0x31, 0x57, 0x00, 0x00, 0x00, 0x93, 0x85, 0x00, 0x00, 0x79,
  0x8F, 0x13, 0x00, 0x00, 0x00, 0x86, 0x6E, 0x00, 0x00, 0x36, 0xC3, 0x00, 0x00, 0x23, 0x8E, 0x00, 0x00, 0x8D, 0x1B, 0x00, 0x91, 0x1C, 0x22, 0x7F,
  0x00, 0x00, 0x1B, 0x8C, 0x8D, 0x0E, 0x00, 0x00, 0x00, 0x91, 0x73, 0x00, 0x00, 0x00, 0x03, 0x98, 0x9B, 0x00, 0x00, 0x00, 0x64, 0x39, 0x73, 0x38,
  0x00, 0x09, 0x9B, 0x00, 0x09, 0xA6, 0x00, 0x76, 0x35, 0x00, 0x00, 0x71, 0x44, 0x7A, 0x2C, 0x00, 0x00, 0x0F, 0x8A, 0x2D, 0x77, 0x00, 0x00, 0x53,
  0x45, 0x00, 0xA1, 0x00, 0x00, 0x8E, 0x07, 0x00, 0x8F, 0x10, 0x00, 0x92, 0x00, 0x00, 0x46, 0x57, 0x29, 0x67, 0x00, 0x00, 0x06, 0x94, 0x70, 0x1E,
  0x00, 0x00, 0x00, 0x97, 0x8E, 0x00, 0x00, 0x00, 0x00, 0x5F, 0x88, 0x00, 0x00, 0x00, 0x00, 0x5D, 0x40, 0x00, 0x00, 0x00, 0x00, 0x97, 0x05, 0x00,
  0x00, 0x00, 0x02, 0x99, 0x00, 0x00, 0x00, 0x50, 0xFF, 0xFF, 0xFF, 0x63, 0x00, 0x00, 0x00, 0x55, 0x09, 0x00, 0x00, 0x0A, 0x53, 0x00, 0x00, 0x00,
  0x58, 0x06, 0x00, 0x00, 0x0D, 0x51, 0x00, 0x00, 0x00, 0x59, 0x04, 0x00, 0x00, 0x10, 0x4D, 0x00, 0x00, 0x00, 0x73, 0xFF, 0xFF, 0xFF, 0x88, 0x00,
  0x21, 0xCB, 0xE8, 0xCC, 0x25, 0x00, 0x00, 0xA7, 0x3F, 0x00, 0x3E, 0xAF, 0x00, 0x00, 0xAF, 0x00, 0x00, 0x00, 0xB1, 0x01, 0x0A, 0x95, 0x00, 0x00,
  0x00, 0x92, 0x0D, 0x12, 0x8A, 0x00, 0x00, 0x00, 0x86, 0x18, 0x17, 0x88, 0x00, 0x00, 0x00, 0x84, 0x1C, 0x18, 0x88, 0x00, 0x00, 0x00, 0x84, 0x1B,
  0x15, 0x8A, 0x00, 0x00, 0x00, 0x86, 0x14, 0x0A, 0x95, 0x00, 0x00, 0x00, 0x92, 0x0B, 0x00, 0xAC, 0x00, 0x00, 0x00, 0xAE, 0x00, 0x00, 0xA6, 0x3F,
  0x00, 0x3E, 0xAC, 0x00, 0x00, 0x23, 0xCC, 0xE9, 0xCD, 0x25, 0x00, 0x00, 0x00, 0x02, 0xA4, 0x5C, 0x00, 0x00, 0x00, 0x06, 0x98, 0x73, 0x5C, 0x00,
  0x00, 0x00, 0x0E, 0x22, 0x40, 0x5C, 0x00, 0x00, 0x00, 0x00, 0x00, 0x40, 0x5C, 0x00, 0x00, 0x00, 0x00, 0x00, 0x40, 0x5C, 0x00, 0x00, 0x00, 0x00,
  0x00, 0x40, 0x5C, 0x00, 0x00, 0x00, 0x00, 0x00, 0x40, 0x5C, 0x00, 0x00, 0x00, 0x00, 0x00, 0x40, 0x5C, 0x00, 0x00, 0x00, 0x00, 0x00, 0x40, 0x5C,
  0x00, 0x00, 0x00, 0x00, 0x00, 0x40, 0x5C, 0x00, 0x00, 0x00, 0x00, 0x00, 0x40, 0x5C, 0x00, 0x00, 0x00, 0x00, 0x00, 0x40, 0x5C, 0x00, 0x00, 0x00,
  0x17, 0xB5, 0xDF, 0xD4, 0x4A, 0x00, 0x00, 0xA4, 0x37, 0x00, 0x20, 0xD0, 0x01, 0x02, 0xA1, 0x00, 0x00, 0x00, 0x92, 0x14, 0x02, 0x19, 0x00, 0x00,
  0x00, 0x93, 0x04, 0x00, 0x00, 0x00, 0x00, 0x02, 0x79, 0x00, 0x00, 0x00, 0x00, 0x00, 0x54, 0x21, 0x00, 0x00, 0x00, 0x00, 0x10, 0x62, 0x00, 0x00,
  0x00, 0x00, 0x00, 0x6D, 0x04, 0x00, 0x00, 0x00, 0x00, 0x3E, 0x30, 0x00, 0x00, 0x00, 0x00, 0x0A, 0x61, 0x00, 0x00, 0x00, 0x00, 0x00, 0x62, 0x06,
  0x00, 0x00, 0x00, 0x00, 0x16, 0xFC, 0xFF, 0xFF, 0xFF, 0xFF, 0x18, 0x00, 0x11, 0xB9, 0xE3, 0xBF, 0x1A, 0x00, 0x00, 0x9E, 0x2A, 0x00, 0x48, 0x99,
  0x00, 0x03, 0x9E, 0x00, 0x00, 0x00, 0xA3, 0x00, 0x03, 0x1A, 0x00, 0x00, 0x00, 0xA1, 0x00, 0x00, 0x00, 0x00, 0x00, 0x03, 0xA5, 0x00, 0x00, 0x00,
  0x00, 0x17, 0x8B, 0x5F, 0x00, 0x00, 0x00, 0x2C, 0xFF, 0xB1, 0x09, 0x00, 0x00, 0x00, 0x00, 0x12, 0x62, 0x9B, 0x00, 0x0B, 0x13, 0x00, 0x00, 0x00,
  0xAB, 0x00, 0x2A, 0x7A, 0x00, 0x00, 0x00, 0x9D, 0x00, 0x03, 0xB9, 0x18, 0x00, 0x31, 0xAA, 0x00, 0x00, 0x36, 0xCF, 0xDF, 0xC2, 0x25, 0x00, 0x00,
  0x00, 0x00, 0x02, 0xDC, 0x2C, 0x00, 0x00, 0x00, 0x00, 0x50, 0xB3, 0x2C, 0x00, 0x00, 0x00, 0x00, 0x8C, 0x70, 0x2C, 0x00, 0x00, 0x00, 0x30, 0x55,
  0x70, 0x2C, 0x00, 0x00, 0x00, 0x7C, 0x03, 0x70, 0x2C, 0x00, 0x00, 0x16, 0x61, 0x00, 0x70, 0x2C, 0x00, 0x00, 0x69, 0x08, 0x00, 0x70, 0x2C, 0x00,
  0x06, 0x63, 0x00, 0x00, 0x70, 0x2C, 0x00, 0x46, 0xFF, 0xFF, 0xFF, 0xFF, 0xFF, 0x78, 0x00, 0x00, 0x00, 0x00, 0x70, 0x2C, 0x00, 0x00, 0x00, 0x00,
  0x00, 0x70, 0x2C, 0x00, 0x00, 0x00, 0x00, 0x00, 0x70, 0x2C, 0x00, 0x00, 0xB7, 0xFF, 0xFF, 0xFF, 0xD4, 0x00, 0x00, 0x9F, 0x00, 0x00, 0x00, 0x00,
  0x00, 0x00, 0x9D, 0x00, 0x00, 0x00, 0x00, 0x00, 0x00, 0x9A, 0x00, 0x00, 0x00, 0x00, 0x00, 0x00, 0x97, 0x00, 0x00, 0x00, 0x00, 0x00, 0x00, 0xBF,
  0xD9, 0xF8, 0xE1, 0x46, 0x00, 0x00, 0xD2, 0x59, 0x0A, 0x38, 0xD0, 0x02, 0x00, 0x32, 0x00, 0x00, 0x00, 0x89, 0x22, 0x00, 0x1F, 0x00, 0x00, 0x00,
  0x74, 0x2B, 0x00, 0x9F, 0x00, 0x00, 0x00, 0x8B, 0x19, 0x00, 0x91, 0x30, 0x00, 0x1C, 0xB9, 0x00, 0x00, 0x0C, 0xB1, 0xE0, 0xD1, 0x2F, 0x00, 0x00,
  0x09, 0xA6, 0xE1, 0xD0, 0x24, 0x00, 0x00, 0x7A, 0x77, 0x00, 0x1D, 0xAF, 0x00, 0x00, 0xAE, 0x01, 0x00, 0x00, 0x93, 0x0A, 0x00, 0x9E, 0x00, 0x00,
  0x00, 0x00, 0x00, 0x00, 0x9B, 0x00, 0x00, 0x00, 0x00, 0x00, 0x00, 0xA1, 0xA7, 0xF6, 0xE4, 0x46, 0x00, 0x00, 0xF4, 0x6F, 0x10, 0x36, 0xCC, 0x02,
  0x00, 0xC3, 0x00, 0x00, 0x00, 0x8A, 0x1F, 0x00, 0x95, 0x00, 0x00, 0x00, 0x73, 0x2B, 0x00, 0x8C, 0x00, 0x00, 0x00, 0x89, 0x1A, 0x00, 0x82, 0x43,
  0x00, 0x1A, 0xC1, 0x00, 0x00, 0x09, 0xB8, 0xE5, 0xD6, 0x37, 0x00, 0x28, 0xFF, 0xFF, 0xFF, 0xFF, 0xFD, 0x08, 0x00, 0x00, 0x00, 0x00, 0x00, 0x80,
  0x00, 0x00, 0x00, 0x00, 0x00, 0x0F, 0x74, 0x00, 0x00, 0x00, 0x00, 0x00, 0x5A, 0x2E, 0x00, 0x00, 0x00, 0x00, 0x00, 0x8C, 0x00, 0x00, 0x00, 0x00,
  0x00, 0x07, 0x88, 0x00, 0x00, 0x00, 0x00, 0x00, 0x4C, 0x48, 0x00, 0x00, 0x00, 0x00, 0x00, 0x92, 0x07, 0x00, 0x00, 0x00, 0x00, 0x02, 0x9A, 0x00,
  0x00, 0x00, 0x00, 0x00, 0x3E, 0x63, 0x00, 0x00, 0x00, 0x00, 0x00, 0x8D, 0x18, 0x00, 0x00, 0x00, 0x00, 0x00, 0xA9, 0x00, 0x00, 0x00, 0x00, 0x00,
  0x18, 0xC1, 0xE5, 0xC8, 0x27, 0x00, 0x00, 0xA2, 0x3F, 0x00, 0x33, 0xB1, 0x00, 0x00, 0xA6, 0x00, 0x00, 0x00, 0xA5, 0x01, 0x00, 0x9F, 0x00, 0x00,
  0x00, 0x96, 0x0A, 0x00, 0xA9, 0x00, 0x00, 0x00, 0xA5, 0x00, 0x00, 0x8A, 0x5B, 0x0D, 0x54, 0x8F, 0x00, 0x00, 0x1D, 0xD9, 0xFF, 0xDD, 0x23, 0x00,
  0x00, 0xB8, 0x3E, 0x0B, 0x37, 0xC1, 0x01, 0x14, 0x91, 0x00, 0x00, 0x00, 0x89, 0x22, 0x15, 0x8E, 0x00, 0x00, 0x00, 0x86, 0x1F, 0x01, 0xC3, 0x20,
  0x00, 0x1A, 0xC2, 0x04, 0x00, 0x3A, 0xCD, 0xE2, 0xD6, 0x3F, 0x00, 0x00, 0x1E, 0xC9, 0xE4, 0xC9, 0x21, 0x00, 0x00, 0xAE, 0x31, 0x00, 0x45, 0xA4,
  0x00, 0x09, 0x9D, 0x00, 0x00, 0x00, 0xA6, 0x00, 0x1F, 0x7E, 0x00, 0x00, 0x00, 0x9D, 0x00, 0x21, 0x7F, 0x00, 0x00, 0x00, 0xAA, 0x00, 0x0E, 0xA7,
  0x00, 0x00, 0x00, 0xD8, 0x00, 0x00, 0xC3, 0x47, 0x08, 0x71, 0xC2, 0x00, 0x00, 0x2C, 0xD9, 0xF2, 0x74, 0x9A, 0x00, 0x00, 0x00, 0x00, 0x00, 0x00,
  0x9B, 0x00, 0x01, 0xA0, 0x00, 0x00, 0x00, 0xA5, 0x00, 0x00, 0xB0, 0x1E, 0x00, 0x4D, 0x95, 0x00, 0x00, 0x30, 0xCE, 0xE4, 0xBF, 0x17, 0x00, 0x00,
  0x98, 0x1C, 0x00, 0x5C, 0xFF, 0xFF, 0x84, 0x00, 0x00, 0x00, 0x00, 0x00, 0x00, 0x00, 0x00, 0x00, 0x00, 0x00, 0x00, 0x00, 0x00, 0x00, 0x00, 0x00,
  0x00, 0x00, 0x00, 0x8E, 0x00, 0x00, 0x00, 0x37, 0x59, 0x00, 0x00, 0x00, 0x83, 0x0D, 0x00, 0x00, 0x00, 0x8F, 0x00, 0x00, 0x00, 0x33, 0x5D, 0x00,
  0x00, 0x00, 0x80, 0x0F, 0x00, 0x00, 0x00, 0x8F, 0x00, 0x00, 0x00, 0x2F, 0x61, 0x00, 0x00, 0x00, 0x7E, 0x12, 0x00, 0x00, 0x00, 0x8F, 0x00, 0x00,
  0x00, 0x2A, 0x65, 0x00, 0x00, 0x00, 0x7B, 0x15, 0x00, 0x00, 0x00, 0x00, 0x60, 0xE2, 0xC2, 0x0D, 0x00, 0x0A, 0xAC, 0x02, 0x39, 0x7F, 0x00, 0x1E,
  0x61, 0x00, 0x00, 0xA4, 0x00, 0x00, 0x00, 0x00, 0x00, 0xA2, 0x00, 0x00, 0x00, 0x00, 0x2F, 0x71, 0x00, 0x00, 0x00, 0x00, 0x95, 0x12, 0x00, 0x00,
  0x00, 0x22, 0x89, 0x00, 0x00, 0x00, 0x00, 0x65, 0x38, 0x00, 0x00, 0x00, 0x00, 0x7F, 0x17, 0x00, 0x00, 0x00, 0x00, 0x2D, 0x05, 0x00, 0x00, 0x00,
  0x00, 0x12, 0x04, 0x00, 0x00, 0x00, 0x00, 0x94, 0x20, 0x00, 0x00, 0x00, 0x00, 0x00, 0x00, 0x00, 0x00, 0x70, 0xF6, 0x10, 0x00, 0x00, 0x00, 0x00,
  0x00, 0x00, 0x00, 0x00, 0x00, 0x00, 0x00, 0x00, 0xBB, 0x95, 0x59, 0x00, 0x00, 0x00, 0x00, 0x00, 0x00, 0x00, 0x00, 0x00, 0x00, 0x00, 0x11, 0xC0,
  0x37, 0xA7, 0x00, 0x00, 0x00, 0x00, 0x00, 0x00, 0x00, 0x00, 0x00, 0x00, 0x00, 0x5C, 0x79, 0x02, 0xDA, 0x05, 0x00, 0x00, 0x00, 0x00, 0x00, 0x00,
  0x00, 0x00, 0x00, 0x00, 0xAB, 0x2D, 0x00, 0xA2, 0x43, 0x00, 0x00, 0x00, 0x00, 0x00, 0x00, 0x00, 0x00, 0x00, 0x06, 0xD4, 0x00, 0x00, 0x57, 0x91,
  0x00, 0x00, 0x00, 0x00, 0x00, 0x00, 0x00, 0x00, 0x00, 0x48, 0x96, 0x00, 0x00, 0x10, 0xDB, 0x00, 0x00, 0x00, 0x00, 0x00, 0x00, 0x00, 0x00, 0x00,
  0x97, 0x4B, 0x00, 0x00, 0x00, 0xC2, 0x2E, 0x00, 0x00, 0x00, 0x00, 0x00, 0x00, 0x00, 0x01, 0xDB, 0x09, 0x00, 0x00, 0x00, 0x78, 0x7C, 0x00, 0x00,
  0x00, 0x00, 0x00, 0x00, 0x00, 0x35, 0xB4, 0x00, 0x00, 0x00, 0x00, 0x2D, 0xCA, 0x00, 0x00, 0x00, 0x00, 0x00, 0x00, 0x00, 0x84, 0x68, 0x00, 0x00,
  0x00, 0x00, 0x00, 0xE1, 0x1A, 0x00, 0x00, 0x00, 0x00, 0x00, 0x00, 0xD2, 0x1D, 0x00, 0x00, 0x00, 0x00, 0x00, 0x98, 0x67, 0x00, 0x00, 0x00, 0x00,
  0x00, 0x21, 0xD1, 0x00, 0x00, 0x00, 0x00, 0x00, 0x00, 0x4D, 0xB5, 0x00, 0x00, 0x00, 0x00, 0x00, 0x70, 0xFF, 0xFF, 0xFF, 0xFF, 0xFF, 0xFF, 0xFF,
  0xFF, 0xF7, 0x0B, 0x00, 0x00, 0x00, 0x00, 0xBF, 0x37, 0x00, 0x00, 0x00, 0x00, 0x00, 0x00, 0x00, 0xB1, 0x51, 0x00, 0x00, 0x00, 0x11, 0xE8, 0x02,
  0x00, 0x00, 0x00, 0x00, 0x00, 0x00, 0x00, 0x69, 0x9F, 0x00, 0x00, 0x00, 0x5C, 0xA5, 0x00, 0x00, 0x00, 0x00, 0x00, 0x00, 0x00, 0x00, 0x20, 0xEB,
  0x02, 0x00, 0x00, 0xAB, 0x5D, 0x00, 0x00, 0x00, 0x00, 0x00, 0x00, 0x00, 0x00, 0x00, 0xD9, 0x3C, 0x00, 0x07, 0xF1, 0x16, 0x00, 0x00, 0x00, 0x00,
  0x00, 0x00, 0x00, 0x00, 0x00, 0x91, 0x8A, 0x00, 0x49, 0xCC, 0x00, 0x00, 0x00, 0x00, 0x00, 0x00, 0x00, 0x00, 0x00, 0x00, 0x48, 0xD8, 0x00, 0x00,
  0x00, 0x7C, 0xFF, 0xFF, 0xFF, 0xFF, 0xF6, 0xD7, 0x8C, 0x11, 0x00, 0x00, 0x00, 0x00, 0x00, 0x7C, 0xA4, 0x00, 0x00, 0x00, 0x0E, 0x41, 0xBE, 0xD1,
  0x07, 0x00, 0x00, 0x00, 0x00, 0x7C, 0xA4, 0x00, 0x00, 0x00, 0x00, 0x00, 0x07, 0xDC, 0x5D, 0x00, 0x00, 0x00, 0x00, 0x7C, 0xA4, 0x00, 0x00, 0x00,
  0x00, 0x00, 0x00, 0x88, 0x9C, 0x00, 0x00, 0x00, 0x00, 0x7C, 0xA4, 0x00, 0x00, 0x00, 0x00, 0x00, 0x00, 0x6A, 0xB5, 0x00, 0x00, 0x00, 0x00, 0x7C,
  0xA4, 0x00, 0x00, 0x00, 0x00, 0x00, 0x00, 0x77, 0xAC, 0x00, 0x00, 0x00, 0x00, 0x7C, 0xA4, 0x00, 0x00, 0x00, 0x00, 0x00, 0x00, 0x9E, 0x8A, 0x00,
  0x00, 0x00, 0x00, 0x7C, 0xA4, 0x00, 0x00, 0x00, 0x00, 0x00, 0x15, 0xF5, 0x33, 0x00, 0x00, 0x00, 0x00, 0x7C, 0xA4, 0x00, 0x00, 0x00, 0x0D, 0x48,
  0xD0, 0x84, 0x00, 0x00, 0x00, 0x00, 0x00, 0x7C, 0xFF, 0xFF, 0xFF, 0xFF, 0xFF, 0xF9, 0x7B, 0x03, 0x00, 0x00, 0x00, 0x00, 0x00, 0x7C, 0xA4, 0x00,
  0x00, 0x00, 0x09, 0x30, 0xA0, 0xD0, 0x15, 0x00, 0x00, 0x00, 0x00, 0x7C, 0xA4, 0x00, 0x00, 0x00, 0x00, 0x00, 0x00, 0xA4, 0xA1, 0x00, 0x00, 0x00,
  0x00, 0x7C, 0xA4, 0x00, 0x00, 0x00, 0x00, 0x00, 0x00, 0x34, 0xF4, 0x03, 0x00, 0x00, 0x00, 0x7C, 0xA4, 0x00, 0x00, 0x00, 0x00, 0x00, 0x00, 0x04,
  0xFD, 0x20, 0x00, 0x00, 0x00, 0x7C, 0xA4, 0x00, 0x00, 0x00, 0x00, 0x00, 0x00, 0x00, 0xF3, 0x2C, 0x00, 0x00, 0x00, 0x7C, 0xA4, 0x00, 0x00, 0x00,
  0x00, 0x00, 0x00, 0x01, 0xFC, 0x22, 0x00, 0x00, 0x00, 0x7C, 0xA4, 0x00, 0x00, 0x00, 0x00, 0x00, 0x00, 0x26, 0xFB, 0x06, 0x00, 0x00, 0x00, 0x7C,
  0xA4, 0x00, 0x00, 0x00, 0x00, 0x00, 0x00, 0x8E, 0xBA, 0x00, 0x00, 0x00, 0x00, 0x7C, 0xA4, 0x00, 0x00, 0x00, 0x0A, 0x2F, 0x92, 0xF3, 0x31, 0x00,
  0x00, 0x00, 0x00, 0x7C, 0xFF, 0xFF, 0xFF, 0xFF, 0xF9, 0xE2, 0xA5, 0x2B, 0x00, 0x00, 0x00, 0x00, 0x00, 0x00, 0x00, 0x2D, 0xA6, 0xE6, 0xE3, 0xE4,
  0xB3, 0x3A, 0x00, 0x00, 0x00, 0x00, 0x00, 0x00, 0x47, 0xEB, 0x67, 0x09, 0x00, 0x07, 0x63, 0xF2, 0x43, 0x00, 0x00, 0x00, 0x00, 0x0C, 0xE9, 0x59,
  0x00, 0x00, 0x00, 0x00, 0x00, 0x79, 0xCF, 0x00, 0x00, 0x00, 0x00, 0x58, 0xD5, 0x00, 0x00, 0x00, 0x00, 0x00, 0x00, 0x16, 0xFF, 0x17, 0x00, 0x00,
  0x00, 0xA6, 0x81, 0x00, 0x00, 0x00, 0x00, 0x00, 0x00, 0x00, 0xF2, 0x35, 0x00, 0x00, 0x00, 0xD0, 0x57, 0x00, 0x00, 0x00, 0x00, 0x00, 0x00, 0x00,
  0x59, 0x17, 0x00, 0x00, 0x00, 0xEF, 0x32, 0x00, 0x00, 0x00, 0x00, 0x00, 0x00, 0x00, 0x00, 0x00, 0x00, 0x00, 0x08, 0xFF, 0x1A, 0x00, 0x00, 0x00,
  0x00, 0x00, 0x00, 0x00, 0x00, 0x00, 0x00, 0x00, 0x0F, 0xFF, 0x14, 0x00, 0x00, 0x00, 0x00, 0x00, 0x00, 0x00, 0x00, 0x00, 0x00, 0x00, 0x14, 0xFF,
  0x0F, 0x00, 0x00, 0x00, 0x00, 0x00, 0x00, 0x00, 0x00, 0x00, 0x00, 0x00, 0x17, 0xFF, 0x0C, 0x00, 0x00, 0x00, 0x00, 0x00, 0x00, 0x00, 0x00, 0x00,
  0x00, 0x00, 0x14, 0xFF, 0x0E, 0x00, 0x00, 0x00, 0x00, 0x00, 0x00, 0x00, 0x00, 0x00, 0x00, 0x00, 0x10, 0xFF, 0x14, 0x00, 0x00, 0x00, 0x00, 0x00,
  0x00, 0x00, 0x00, 0x00, 0x00, 0x00, 0x0B, 0xFF, 0x1E, 0x00, 0x00, 0x00, 0x00, 0x00, 0x00, 0x00, 0x00, 0x00, 0x00, 0x00, 0x00, 0xF5, 0x37, 0x00,
  0x00, 0x00, 0x00, 0x00, 0x00, 0x00, 0x8C, 0x43, 0x00, 0x00, 0x00, 0xD1, 0x5F, 0x00, 0x00, 0x00, 0x00, 0x00, 0x00, 0x00, 0xDC, 0x4F, 0x00, 0x00,
  0x00, 0x90, 0xA7, 0x00, 0x00, 0x00, 0x00, 0x00, 0x00, 0x0B, 0xF9, 0x23, 0x00, 0x00, 0x00, 0x29, 0xF7, 0x26, 0x00, 0x00, 0x00, 0x00, 0x00, 0x70,
  0xCB, 0x00, 0x00, 0x00, 0x00, 0x00, 0x7A, 0xDF, 0x42, 0x00, 0x00, 0x0A, 0x6B, 0xED, 0x34, 0x00, 0x00, 0x00, 0x00, 0x00, 0x00, 0x4C, 0xBA, 0xDE,
  0xE0, 0xDF, 0xA3, 0x29, 0x00, 0x00, 0x00, 0x00, 0x00, 0x7C, 0xFF, 0xFF, 0xFF, 0xFF, 0xF3, 0xD6, 0x94, 0x25, 0x00, 0x00, 0x00, 0x00, 0x00, 0x00,
  0x7C, 0x9C, 0x00, 0x00, 0x00, 0x0C, 0x33, 0x90, 0xF3, 0x4E, 0x00, 0x00, 0x00, 0x00, 0x00, 0x7C, 0x9C, 0x00, 0x00, 0x00, 0x00, 0x00, 0x00, 0x62,
  0xF0, 0x15, 0x00, 0x00, 0x00, 0x00, 0x7C, 0x9C, 0x00, 0x00, 0x00, 0x00, 0x00, 0x00, 0x01, 0xD1, 0x73, 0x00, 0x00, 0x00, 0x00, 0x7C, 0x9C, 0x00,
  0x00, 0x00, 0x00, 0x00, 0x00, 0x00, 0x84, 0xB2, 0x00, 0x00, 0x00, 0x00, 0x7C, 0x9C, 0x00, 0x00, 0x00, 0x00, 0x00, 0x00, 0x00, 0x51, 0xD7, 0x00,
  0x00, 0x00, 0x00, 0x7C, 0x9C, 0x00, 0x00, 0x00, 0x00, 0x00, 0x00, 0x00, 0x39, 0xEC, 0x00, 0x00, 0x00, 0x00, 0x7C, 0x9C, 0x00, 0x00, 0x00, 0x00,
  0x00, 0x00, 0x00, 0x28, 0xF8, 0x00, 0x00, 0x00, 0x00, 0x7C, 0x9C, 0x00, 0x00, 0x00, 0x00, 0x00, 0x00, 0x00, 0x23, 0xFF, 0x00, 0x00, 0x00, 0x00,
  0x7C, 0x9C, 0x00, 0x00, 0x00, 0x00, 0x00, 0x00, 0x00, 0x20, 0xFF, 0x02, 0x00, 0x00, 0x00, 0x7C, 0x9C, 0x00, 0x00, 0x00, 0x00, 0x00, 0x00, 0x00,
  0x25, 0xFE, 0x00, 0x00, 0x00, 0x00, 0x7C, 0x9C, 0x00, 0x00, 0x00, 0x00, 0x00, 0x00, 0x00, 0x2E, 0xF7, 0x00, 0x00, 0x00, 0x00, 0x7C, 0x9C, 0x00,
  0x00, 0x00, 0x00, 0x00, 0x00, 0x00, 0x37, 0xED, 0x00, 0x00, 0x00, 0x00, 0x7C, 0x9C, 0x00, 0x00, 0x00, 0x00, 0x00, 0x00, 0x00, 0x51, 0xD4, 0x00,
  0x00, 0x00, 0x00, 0x7C, 0x9C, 0x00, 0x00, 0x00, 0x00, 0x00, 0x00, 0x00, 0x71, 0xB7, 0x00, 0x00, 0x00, 0x00, 0x7C, 0x9C, 0x00, 0x00, 0x00, 0x00,
  0x00, 0x00, 0x00, 0x9E, 0x80, 0x00, 0x00, 0x00, 0x00, 0x7C, 0x9C, 0x00, 0x00, 0x00, 0x00, 0x00, 0x00, 0x06, 0xE9, 0x38, 0x00, 0x00, 0x00, 0x00,
  0x7C, 0x9C, 0x00, 0x00, 0x00, 0x00, 0x00, 0x00, 0x85, 0xB8, 0x00, 0x00, 0x00, 0x00, 0x00, 0x7C, 0x9C, 0x00, 0x00, 0x00, 0x0A, 0x34, 0xA4, 0xDE,
  0x1F, 0x00, 0x00, 0x00, 0x00, 0x00, 0x7C, 0xFF, 0xFF, 0xFF, 0xFF, 0xF4, 0xD3, 0x82, 0x0E, 0x00, 0x00, 0x00, 0x00, 0x00, 0x00, 0x7C, 0xFF, 0xFF,
  0xFF, 0xFF, 0xFF, 0xFF, 0xFF, 0xA4, 0x00, 0x00, 0x00, 0x7C, 0x9C, 0x00, 0x00, 0x00, 0x00, 0x00, 0x00, 0x00, 0x00, 0x00, 0x00, 0x7C, 0x9C, 0x00,
  0x00, 0x00, 0x00, 0x00, 0x00, 0x00, 0x00, 0x00, 0x00, 0x7C, 0x9C, 0x00, 0x00, 0x00, 0x00, 0x00, 0x00, 0x00, 0x00, 0x00, 0x00, 0x7C, 0x9C, 0x00,
  0x00, 0x00, 0x00, 0x00, 0x00, 0x00, 0x00, 0x00, 0x00, 0x7C, 0x9C, 0x00, 0x00, 0x00, 0x00, 0x00, 0x00, 0x00, 0x00, 0x00, 0x00, 0x7C, 0x9C, 0x00,
  0x00, 0x00, 0x00, 0x00, 0x00, 0x00, 0x00, 0x00, 0x00, 0x7C, 0x9C, 0x00, 0x00, 0x00, 0x00, 0x00, 0x00, 0x00, 0x00, 0x00, 0x00, 0x7C, 0x9C, 0x00,
  0x00, 0x00, 0x00, 0x00, 0x00, 0x00, 0x00, 0x00, 0x00, 0x7C, 0xFF, 0xFF, 0xFF, 0xFF, 0xFF, 0xFF, 0xFF, 0x64, 0x00, 0x00, 0x00, 0x7C, 0x9C, 0x00,
  0x00, 0x00, 0x00, 0x00, 0x00, 0x00, 0x00, 0x00, 0x00, 0x7C, 0x9C, 0x00, 0x00, 0x00, 0x00, 0x00, 0x00, 0x00, 0x00, 0x00, 0x00, 0x7C, 0x9C, 0x00,
  0x00, 0x00, 0x00, 0x00, 0x00, 0x00, 0x00, 0x00, 0x00, 0x7C, 0x9C, 0x00, 0x00, 0x00, 0x00, 0x00, 0x00, 0x00, 0x00, 0x00, 0x00, 0x7C, 0x9C, 0x00,
  0x00, 0x00, 0x00, 0x00, 0x00, 0x00, 0x00, 0x00, 0x00, 0x7C, 0x9C, 0x00, 0x00, 0x00, 0x00, 0x00, 0x00, 0x00, 0x00, 0x00, 0x00, 0x7C, 0x9C, 0x00,
  0x00, 0x00, 0x00, 0x00, 0x00, 0x00, 0x00, 0x00, 0x00, 0x7C, 0x9C, 0x00, 0x00, 0x00, 0x00, 0x00, 0x00, 0x00, 0x00, 0x00, 0x00, 0x7C, 0x9C, 0x00,
  0x00, 0x00, 0x00, 0x00, 0x00, 0x00, 0x00, 0x00, 0x00, 0x7C, 0xFF, 0xFF, 0xFF, 0xFF, 0xFF, 0xFF, 0xFF, 0xD8, 0x00, 0x00, 0x00, 0x7C, 0xFF, 0xFF,
  0xFF, 0xFF, 0xFF, 0xFF, 0xFF, 0x0C, 0x00, 0x00, 0x7C, 0x9C, 0x00, 0x00, 0x00, 0x00, 0x00, 0x00, 0x00, 0x00, 0x00, 0x7C, 0x9C, 0x00, 0x00, 0x00,
  0x00, 0x00, 0x00, 0x00, 0x00, 0x00, 0x7C, 0x9C, 0x00, 0x00, 0x00, 0x00, 0x00, 0x00, 0x00, 0x00, 0x00, 0x7C, 0x9C, 0x00, 0x00, 0x00, 0x00, 0x00,
  0x00, 0x00, 0x00, 0x00, 0x7C, 0x9C, 0x00, 0x00, 0x00, 0x00, 0x00, 0x00, 0x00, 0x00, 0x00, 0x7C, 0x9C, 0x00, 0x00, 0x00, 0x00, 0x00, 0x00, 0x00,
  0x00, 0x00, 0x7C, 0x9C, 0x00, 0x00, 0x00, 0x00, 0x00, 0x00, 0x00, 0x00, 0x00, 0x7C, 0x9C, 0x00, 0x00, 0x00, 0x00, 0x00, 0x00, 0x00, 0x00, 0x00,
  0x7C, 0xFF, 0xFF, 0xFF, 0xFF, 0xFF, 0xFF, 0x9C, 0x00, 0x00, 0x00, 0x7C, 0x9C, 0x00, 0x00, 0x00, 0x00, 0x00, 0x00, 0x00, 0x00, 0x00, 0x7C, 0x9C,
  0x00, 0x00, 0x00, 0x00, 0x00, 0x00, 0x00, 0x00, 0x00, 0x7C, 0x9C, 0x00, 0x00, 0x00, 0x00, 0x00, 0x00, 0x00, 0x00, 0x00, 0x7C, 0x9C, 0x00, 0x00,
  0x00, 0x00, 0x00, 0x00, 0x00, 0x00, 0x00, 0x7C, 0x9C, 0x00, 0x00, 0x00, 0x00, 0x00, 0x00, 0x00, 0x00, 0x00, 0x7C, 0x9C, 0x00, 0x00, 0x00, 0x00,
  0x00, 0x00, 0x00, 0x00, 0x00, 0x7C, 0x9C, 0x00, 0x00, 0x00, 0x00, 0x00, 0x00, 0x00, 0x00, 0x00, 0x7C, 0x9C, 0x00, 0x00, 0x00, 0x00, 0x00, 0x00,
  0x00, 0x00, 0x00, 0x7C, 0x9C, 0x00, 0x00, 0x00, 0x00, 0x00, 0x00, 0x00, 0x00, 0x00, 0x7C, 0x9C, 0x00, 0x00, 0x00, 0x00, 0x00, 0x00, 0x00, 0x00,
  0x00, 0x00, 0x00, 0x21, 0x9C, 0xD6, 0xDF, 0xE3, 0xC8, 0x6C, 0x02, 0x00, 0x00, 0x00, 0x00, 0x00, 0x00, 0x32, 0xE7, 0x6F, 0x0C, 0x00, 0x00, 0x35,
  0xD0, 0xA1, 0x00, 0x00, 0x00, 0x00, 0x00, 0x04, 0xDB, 0x56, 0x00, 0x00, 0x00, 0x00, 0x00, 0x26, 0xFB, 0x30, 0x00, 0x00, 0x00, 0x00, 0x5A, 0xD1,
  0x00, 0x00, 0x00, 0x00, 0x00, 0x00, 0x00, 0xBC, 0x67, 0x00, 0x00, 0x00, 0x00, 0xA6, 0x76, 0x00, 0x00, 0x00, 0x00, 0x00, 0x00, 0x00, 0x99, 0x86,
  0x00, 0x00, 0x00, 0x00, 0xD7, 0x45, 0x00, 0x00, 0x00, 0x00, 0x00, 0x00, 0x00, 0x1E, 0x20, 0x00, 0x00, 0x00, 0x00, 0xF6, 0x22, 0x00, 0x00, 0x00,
  0x00, 0x00, 0x00, 0x00, 0x00, 0x00, 0x00, 0x00, 0x00, 0x02, 0xFF, 0x15, 0x00, 0x00, 0x00, 0x00, 0x00, 0x00, 0x00, 0x00, 0x00, 0x00, 0x00, 0x00,
  0x0B, 0xFF, 0x0C, 0x00, 0x00, 0x00, 0x00, 0x00, 0x00, 0x00, 0x00, 0x00, 0x00, 0x00, 0x00, 0x13, 0xFF, 0x0C, 0x00, 0x00, 0x00, 0xDC, 0xFF, 0xFF,
  0xFF, 0xFF, 0x7C, 0x00, 0x00, 0x00, 0x17, 0xFF, 0x0C, 0x00, 0x00, 0x00, 0x00, 0x00, 0x00, 0x00, 0x9C, 0x7C, 0x00, 0x00, 0x00, 0x14, 0xFF, 0x0F,
  0x00, 0x00, 0x00, 0x00, 0x00, 0x00, 0x00, 0x9C, 0x7C, 0x00, 0x00, 0x00, 0x0E, 0xFF, 0x11, 0x00, 0x00, 0x00, 0x00, 0x00, 0x00, 0x00, 0x9C, 0x7C,
  0x00, 0x00, 0x00, 0x00, 0xFA, 0x1A, 0x00, 0x00, 0x00, 0x00, 0x00, 0x00, 0x00, 0x9C, 0x7C, 0x00, 0x00, 0x00, 0x00, 0xE3, 0x32, 0x00, 0x00, 0x00,
  0x00, 0x00, 0x00, 0x00, 0x9C, 0x7C, 0x00, 0x00, 0x00, 0x00, 0xAE, 0x65, 0x00, 0x00, 0x00, 0x00, 0x00, 0x00, 0x00, 0x9C, 0x7C, 0x00, 0x00, 0x00,
  0x00, 0x68, 0xBB, 0x00, 0x00, 0x00, 0x00, 0x00, 0x00, 0x00, 0x9C, 0x7C, 0x00, 0x00, 0x00, 0x00, 0x0F, 0xEC, 0x50, 0x00, 0x00, 0x00, 0x00, 0x00,
  0x00, 0x9C, 0x7C, 0x00, 0x00, 0x00, 0x00, 0x00, 0x45, 0xEA, 0x75, 0x10, 0x00, 0x00, 0x07, 0x4A, 0xCF, 0x7C, 0x00, 0x00, 0x00, 0x00, 0x00, 0x00,
  0x26, 0x9C, 0xDE, 0xE5, 0xDF, 0xD9, 0xB2, 0x66, 0x15, 0x00, 0x00, 0x00, 0x00, 0x7C, 0x9C, 0x00, 0x00, 0x00, 0x00, 0x00, 0x00, 0x00, 0x28, 0xF0,
  0x00, 0x00, 0x00, 0x00, 0x7C, 0x9C, 0x00, 0x00, 0x00, 0x00, 0x00, 0x00, 0x00, 0x28, 0xF0, 0x00, 0x00, 0x00, 0x00, 0x7C, 0x9C, 0x00, 0x00, 0x00,
  0x00, 0x00, 0x00, 0x00, 0x28, 0xF0, 0x00, 0x00, 0x00, 0x00, 0x7C, 0x9C, 0x00, 0x00, 0x00, 0x00, 0x00, 0x00, 0x00, 0x28, 0xF0, 0x00, 0x00, 0x00,
  0x00, 0x7C, 0x9C, 0x00, 0x00, 0x00, 0x00, 0x00, 0x00, 0x00, 0x28, 0xF0, 0x00, 0x00, 0x00, 0x00, 0x7C, 0x9C, 0x00, 0x00, 0x00, 0x00, 0x00, 0x00,
  0x00, 0x28, 0xF0, 0x00, 0x00, 0x00, 0x00, 0x7C, 0x9C, 0x00, 0x00, 0x00, 0x00, 0x00, 0x00, 0x00, 0x28, 0xF0, 0x00, 0x00, 0x00, 0x00, 0x7C, 0x9C,
  0x00, 0x00, 0x00, 0x00, 0x00, 0x00, 0x00, 0x28, 0xF0, 0x00, 0x00, 0x00, 0x00, 0x7C, 0x9C, 0x00, 0x00, 0x00, 0x00, 0x00, 0x00, 0x00, 0x28, 0xF0,
  0x00, 0x00, 0x00, 0x00, 0x7C, 0xFF, 0xFF, 0xFF, 0xFF, 0xFF, 0xFF, 0xFF, 0xFF, 0xFF, 0xF0, 0x00, 0x00, 0x00, 0x00, 0x7C, 0x9C, 0x00, 0x00, 0x00,
  0x00, 0x00, 0x00, 0x00, 0x28, 0xF0, 0x00, 0x00, 0x00, 0x00, 0x7C, 0x9C, 0x00, 0x00, 0x00, 0x00, 0x00, 0x00, 0x00, 0x28, 0xF0, 0x00, 0x00, 0x00,
  0x00, 0x7C, 0x9C, 0x00, 0x00, 0x00, 0x00, 0x00, 0x00, 0x00, 0x28, 0xF0, 0x00, 0x00, 0x00, 0x00, 0x7C, 0x9C, 0x00, 0x00, 0x00, 0x00, 0x00, 0x00,
  0x00, 0x28, 0xF0, 0x00, 0x00, 0x00, 0x00, 0x7C, 0x9C, 0x00, 0x00, 0x00, 0x00, 0x00, 0x00, 0x00, 0x28, 0xF0, 0x00, 0x00, 0x00, 0x00, 0x7C, 0x9C,
  0x00, 0x00, 0x00, 0x00, 0x00, 0x00, 0x00, 0x28, 0xF0, 0x00, 0x00, 0x00, 0x00, 0x7C, 0x9C, 0x00, 0x00, 0x00, 0x00, 0x00, 0x00, 0x00, 0x28, 0xF0,
  0x00, 0x00, 0x00, 0x00, 0x7C, 0x9C, 0x00, 0x00, 0x00, 0x00, 0x00, 0x00, 0x00, 0x28, 0xF0, 0x00, 0x00, 0x00, 0x00, 0x7C, 0x9C, 0x00, 0x00, 0x00,
  0x00, 0x00, 0x00, 0x00, 0x28, 0xF0, 0x00, 0x00, 0x00, 0x00, 0x7C, 0x9C, 0x00, 0x00, 0x00, 0x00, 0x00, 0x00, 0x00, 0x28, 0xF0, 0x00, 0x00, 0x00,
  0x00, 0x7C, 0x9C, 0x00, 0x00, 0x00, 0x00, 0x7C, 0x9C, 0x00, 0x00, 0x00, 0x00, 0x7C, 0x9C, 0x00, 0x00, 0x00, 0x00, 0x7C, 0x9C, 0x00, 0x00, 0x00,
  0x00, 0x7C, 0x9C, 0x00, 0x00, 0x00, 0x00, 0x7C, 0x9C, 0x00, 0x00, 0x00, 0x00, 0x7C, 0x9C, 0x00, 0x00, 0x00, 0x00, 0x7C, 0x9C, 0x00, 0x00, 0x00,
  0x00, 0x7C, 0x9C, 0x00, 0x00, 0x00, 0x00, 0x7C, 0x9C, 0x00, 0x00, 0x00, 0x00, 0x7C, 0x9C, 0x00, 0x00, 0x00, 0x00, 0x7C, 0x9C, 0x00, 0x00, 0x00,
  0x00, 0x7C, 0x9C, 0x00, 0x00, 0x00, 0x00, 0x7C, 0x9C, 0x00, 0x00, 0x00, 0x00, 0x7C, 0x9C, 0x00, 0x00, 0x00, 0x00, 0x7C, 0x9C, 0x00, 0x00, 0x00,
  0x00, 0x7C, 0x9C, 0x00, 0x00, 0x00, 0x00, 0x7C, 0x9C, 0x00, 0x00, 0x00, 0x00, 0x7C, 0x9C, 0x00, 0x00, 0x00, 0x00, 0x7C, 0x9C, 0x00, 0x00, 0x00,
  0x00, 0x00, 0x00, 0x00, 0x00, 0x00, 0x00, 0x8C, 0x8C, 0x00, 0x00, 0x00, 0x00, 0x00, 0x00, 0x00, 0x00, 0x00, 0x00, 0x8C, 0x8C, 0x00, 0x00, 0x00,
  0x00, 0x00, 0x00, 0x00, 0x00, 0x00, 0x00, 0x8C, 0x8C, 0x00, 0x00, 0x00, 0x00, 0x00, 0x00, 0x00, 0x00, 0x00, 0x00, 0x8C, 0x8C, 0x00, 0x00, 0x00,
  0x00, 0x00, 0x00, 0x00, 0x00, 0x00, 0x00, 0x8C, 0x8C, 0x00, 0x00, 0x00, 0x00, 0x00, 0x00, 0x00, 0x00, 0x00, 0x00, 0x8C, 0x8C, 0x00, 0x00, 0x00,
  0x00, 0x00, 0x00, 0x00, 0x00, 0x00, 0x00, 0x8C, 0x8C, 0x00, 0x00, 0x00, 0x00, 0x00, 0x00, 0x00, 0x00, 0x00, 0x00, 0x8C, 0x8C, 0x00, 0x00, 0x00,
  0x00, 0x00, 0x00, 0x00, 0x00, 0x00, 0x00, 0x8C, 0x8C, 0x00, 0x00, 0x00, 0x00, 0x00, 0x00, 0x00, 0x00, 0x00, 0x00, 0x8C, 0x8C, 0x00, 0x00, 0x00,
  0x00, 0x00, 0x00, 0x00, 0x00, 0x00, 0x00, 0x8C, 0x8C, 0x00, 0x00, 0x00, 0x00, 0x00, 0x00, 0x00, 0x00, 0x00, 0x00, 0x8C, 0x8C, 0x00, 0x00, 0x00,
  0x00, 0x00, 0x00, 0x00, 0x00, 0x00, 0x00, 0x8C, 0x8C, 0x00, 0x00, 0x00, 0x00, 0x00, 0x00, 0x00, 0x00, 0x00, 0x00, 0x8C, 0x8B, 0x00, 0x00, 0x04,
  0x68, 0x08, 0x00, 0x00, 0x00, 0x00, 0x00, 0x90, 0x81, 0x00, 0x00, 0x02, 0xFC, 0x1C, 0x00, 0x00, 0x00, 0x00, 0x00, 0x9D, 0x73, 0x00, 0x00, 0x00,
  0xE9, 0x34, 0x00, 0x00, 0x00, 0x00, 0x00, 0xBE, 0x5B, 0x00, 0x00, 0x00, 0xB6, 0x7D, 0x00, 0x00, 0x00, 0x00, 0x14, 0xF5, 0x1E, 0x00, 0x00, 0x00,
  0x3F, 0xEF, 0x4D, 0x01, 0x00, 0x1B, 0xBB, 0x9B, 0x00, 0x00, 0x00, 0x00, 0x00, 0x46, 0xC1, 0xE4, 0xE1, 0xD8, 0x7D, 0x05, 0x00, 0x00, 0x00, 0x00,
  0x00, 0x7C, 0x9C, 0x00, 0x00, 0x00, 0x00, 0x00, 0x00, 0x4A, 0xE9, 0x1E, 0x00, 0x00, 0x7C, 0x9C, 0x00, 0x00, 0x00, 0x00, 0x00, 0x22, 0xEB, 0x43,
  0x00, 0x00, 0x00, 0x7C, 0x9C, 0x00, 0x00, 0x00, 0x00, 0x0A, 0xD0, 0x74, 0x00, 0x00, 0x00, 0x00, 0x7C, 0x9C, 0x00, 0x00, 0x00, 0x00, 0xA3, 0xA9,
  0x00, 0x00, 0x00, 0x00, 0x00, 0x7C, 0x9C, 0x00, 0x00, 0x00, 0x6D, 0xD3, 0x0B, 0x00, 0x00, 0x00, 0x00, 0x00, 0x7C, 0x9C, 0x00, 0x00, 0x3B, 0xEA,
  0x24, 0x00, 0x00, 0x00, 0x00, 0x00, 0x00, 0x7C, 0x9C, 0x00, 0x19, 0xE4, 0x4B, 0x00, 0x00, 0x00, 0x00, 0x00, 0x00, 0x00, 0x7C, 0x9C, 0x05, 0xC3,
  0x7E, 0x00, 0x00, 0x00, 0x00, 0x00, 0x00, 0x00, 0x00, 0x7C, 0x9C, 0x92, 0xB2, 0x01, 0x00, 0x00, 0x00, 0x00, 0x00, 0x00, 0x00, 0x00, 0x7C, 0xB7,
  0xFC, 0x2D, 0x00, 0x00, 0x00, 0x00, 0x00, 0x00, 0x00, 0x00, 0x00, 0x7C, 0x9C, 0x81, 0xC2, 0x02, 0x00, 0x00, 0x00, 0x00, 0x00, 0x00, 0x00, 0x00,
  0x7C, 0x9C, 0x04, 0xC7, 0x7C, 0x00, 0x00, 0x00, 0x00, 0x00, 0x00, 0x00, 0x00, 0x7C, 0x9C, 0x00, 0x22, 0xEE, 0x38, 0x00, 0x00, 0x00, 0x00, 0x00,
  0x00, 0x00, 0x7C, 0x9C, 0x00, 0x00, 0x5F, 0xDE, 0x0E, 0x00, 0x00, 0x00, 0x00, 0x00, 0x00, 0x7C, 0x9C, 0x00, 0x00, 0x00, 0xA9, 0xA4, 0x00, 0x00,
  0x00, 0x00, 0x00, 0x00, 0x7C, 0x9C, 0x00, 0x00, 0x00, 0x10, 0xE2, 0x5C, 0x00, 0x00, 0x00, 0x00, 0x00, 0x7C, 0x9C, 0x00, 0x00, 0x00, 0x00, 0x3F,
  0xEF, 0x22, 0x00, 0x00, 0x00, 0x00, 0x7C, 0x9C, 0x00, 0x00, 0x00, 0x00, 0x00, 0x87, 0xC7, 0x04, 0x00, 0x00, 0x00, 0x7C, 0x9C, 0x00, 0x00, 0x00,
  0x00, 0x00, 0x05, 0xCB, 0x84, 0x00, 0x00, 0x00, 0x7C, 0x9C, 0x00, 0x00, 0x00, 0x00, 0x00, 0x00, 0x26, 0xF1, 0x3E, 0x00, 0x00, 0x7C, 0x9C, 0x00,
  0x00, 0x00, 0x00, 0x00, 0x00, 0x00, 0x00, 0x00, 0x7C, 0x9C, 0x00, 0x00, 0x00, 0x00, 0x00, 0x00, 0x00, 0x00, 0x00, 0x7C, 0x9C, 0x00, 0x00, 0x00,
  0x00, 0x00, 0x00, 0x00, 0x00, 0x00, 0x7C, 0x9C, 0x00, 0x00, 0x00, 0x00, 0x00, 0x00, 0x00, 0x00, 0x00, 0x7C, 0x9C, 0x00, 0x00, 0x00, 0x00, 0x00,
  0x00, 0x00, 0x00, 0x00, 0x7C, 0x9C, 0x00, 0x00, 0x00, 0x00, 0x00, 0x00, 0x00, 0x00, 0x00, 0x7C, 0x9C, 0x00, 0x00, 0x00, 0x00, 0x00, 0x00, 0x00,
  0x00, 0x00, 0x7C, 0x9C, 0x00, 0x00, 0x00, 0x00, 0x00, 0x00, 0x00, 0x00, 0x00, 0x7C, 0x9C, 0x00, 0x00, 0x00, 0x00, 0x00, 0x00, 0x00, 0x00, 0x00,
  0x7C, 0x9C, 0x00, 0x00, 0x00, 0x00, 0x00, 0x00, 0x00, 0x00, 0x00, 0x7C, 0x9C, 0x00, 0x00, 0x00, 0x00, 0x00, 0x00, 0x00, 0x00, 0x00, 0x7C, 0x9C,
  0x00, 0x00, 0x00, 0x00, 0x00, 0x00, 0x00, 0x00, 0x00, 0x7C, 0x9C, 0x00, 0x00, 0x00, 0x00, 0x00, 0x00, 0x00, 0x00, 0x00, 0x7C, 0x9C, 0x00, 0x00,
  0x00, 0x00, 0x00, 0x00, 0x00, 0x00, 0x00, 0x7C, 0x9C, 0x00, 0x00, 0x00, 0x00, 0x00, 0x00, 0x00, 0x00, 0x00, 0x7C, 0x9C, 0x00, 0x00, 0x00, 0x00,
  0x00, 0x00, 0x00, 0x00, 0x00, 0x7C, 0x9C, 0x00, 0x00, 0x00, 0x00, 0x00, 0x00, 0x00, 0x00, 0x00, 0x7C, 0x9C, 0x00, 0x00, 0x00, 0x00, 0x00, 0x00,
  0x00, 0x00, 0x00, 0x7C, 0x9C, 0x00, 0x00, 0x00, 0x00, 0x00, 0x00, 0x00, 0x00, 0x00, 0x7C, 0xFF, 0xFF, 0xFF, 0xFF, 0xFF, 0xFF, 0xFF, 0x08, 0x00,
  0x00, 0x7C, 0xFF, 0x71, 0x00, 0x00, 0x00, 0x00, 0x00, 0x00, 0x00, 0x00, 0x00, 0x00, 0x00, 0x56, 0xFF, 0x98, 0x00, 0x00, 0x00, 0x00, 0x7C, 0xD6,
  0xC6, 0x00, 0x00, 0x00, 0x00, 0x00, 0x00, 0x00, 0x00, 0x00, 0x00, 0x00, 0xAA, 0xD5, 0x98, 0x00, 0x00, 0x00, 0x00, 0x7C, 0x8F, 0xEF, 0x1C, 0x00,
  0x00, 0x00, 0x00, 0x00, 0x00, 0x00, 0x00, 0x00, 0x09, 0xEA, 0x8B, 0x98, 0x00, 0x00, 0x00, 0x00, 0x7C, 0x88, 0xA3, 0x6F, 0x00, 0x00, 0x00, 0x00,
  0x00, 0x00, 0x00, 0x00, 0x00, 0x52, 0xAC, 0x80, 0x98, 0x00, 0x00, 0x00, 0x00, 0x7C, 0x88, 0x4E, 0xC4, 0x00, 0x00, 0x00, 0x00, 0x00, 0x00, 0x00,
  0x00, 0x00, 0xA6, 0x58, 0x80, 0x98, 0x00, 0x00, 0x00, 0x00, 0x7C, 0x88, 0x07, 0xEF, 0x1A, 0x00, 0x00, 0x00, 0x00, 0x00, 0x00, 0x00, 0x07, 0xE9,
  0x0C, 0x80, 0x98, 0x00, 0x00, 0x00, 0x00, 0x7C, 0x88, 0x00, 0xA3, 0x6D, 0x00, 0x00, 0x00, 0x00, 0x00, 0x00, 0x00, 0x4E, 0xAF, 0x00, 0x80, 0x98,
  0x00, 0x00, 0x00, 0x00, 0x7C, 0x88, 0x00, 0x4E, 0xC1, 0x00, 0x00, 0x00, 0x00, 0x00, 0x00, 0x00, 0xA2, 0x5B, 0x00, 0x80, 0x98, 0x00, 0x00, 0x00,
  0x00, 0x7C, 0x88, 0x00, 0x07, 0xEF, 0x19, 0x00, 0x00, 0x00, 0x00, 0x00, 0x05, 0xE8, 0x0E, 0x00, 0x80, 0x98, 0x00, 0x00, 0x00, 0x00, 0x7C, 0x88,
  0x00, 0x00, 0xA3, 0x6B, 0x00, 0x00, 0x00, 0x00, 0x00, 0x4A, 0xB2, 0x00, 0x00, 0x80, 0x98, 0x00, 0x00, 0x00, 0x00, 0x7C, 0x88, 0x00, 0x00, 0x4E,
  0xBF, 0x00, 0x00, 0x00, 0x00, 0x00, 0x9E, 0x5D, 0x00, 0x00, 0x80, 0x98, 0x00, 0x00, 0x00, 0x00, 0x7C, 0x88, 0x00, 0x00, 0x07, 0xEE, 0x17, 0x00,
  0x00, 0x00, 0x04, 0xE6, 0x0F, 0x00, 0x00, 0x80, 0x98, 0x00, 0x00, 0x00, 0x00, 0x7C, 0x88, 0x00, 0x00, 0x00, 0xA4, 0x68, 0x00, 0x00, 0x00, 0x46,
  0xB4, 0x00, 0x00, 0x00, 0x80, 0x98, 0x00, 0x00, 0x00, 0x00, 0x7C, 0x88, 0x00, 0x00, 0x00, 0x4E, 0xBD, 0x00, 0x00, 0x00, 0x9A, 0x60, 0x00, 0x00,
  0x00, 0x80, 0x98, 0x00, 0x00, 0x00, 0x00, 0x7C, 0x88, 0x00, 0x00, 0x00, 0x07, 0xEE, 0x15, 0x00, 0x03, 0xE4, 0x11, 0x00, 0x00, 0x00, 0x80, 0x98,
  0x00, 0x00, 0x00, 0x00, 0x7C, 0x88, 0x00, 0x00, 0x00, 0x00, 0xA4, 0x66, 0x00, 0x41, 0xB7, 0x00, 0x00, 0x00, 0x00, 0x80, 0x98, 0x00, 0x00, 0x00,
  0x00, 0x7C, 0x88, 0x00, 0x00, 0x00, 0x00, 0x4F, 0xBB, 0x00, 0x95, 0x63, 0x00, 0x00, 0x00, 0x00, 0x80, 0x98, 0x00, 0x00, 0x00, 0x00, 0x7C, 0x88,
  0x00, 0x00, 0x00, 0x00, 0x07, 0xED, 0x16, 0xE2, 0x13, 0x00, 0x00, 0x00, 0x00, 0x80, 0x98, 0x00, 0x00, 0x00, 0x00, 0x7C, 0x88, 0x00, 0x00, 0x00,
  0x00, 0x00, 0xA4, 0xA1, 0xBA, 0x00, 0x00, 0x00, 0x00, 0x00, 0x80, 0x98, 0x00, 0x00, 0x00, 0x00, 0x7C, 0x88, 0x00, 0x00, 0x00, 0x00, 0x00, 0x4F,
  0xFF, 0x66, 0x00, 0x00, 0x00, 0x00, 0x00, 0x80, 0x98, 0x00, 0x00, 0x00, 0x00, 0x7C, 0xFF, 0x7B, 0x00, 0x00, 0x00, 0x00, 0x00, 0x00, 0x00, 0x00,
  0xD8, 0x2C, 0x00, 0x00, 0x00, 0x00, 0x7C, 0xC9, 0xEA, 0x09, 0x00, 0x00, 0x00, 0x00, 0x00, 0x00, 0x00, 0xD8, 0x2C, 0x00, 0x00, 0x00, 0x00, 0x7C,
  0x90, 0xC2, 0x6C, 0x00, 0x00, 0x00, 0x00, 0x00, 0x00, 0x00, 0xD8, 0x2C, 0x00, 0x00, 0x00, 0x00, 0x7C, 0x90, 0x4A, 0xE0, 0x04, 0x00, 0x00, 0x00,
  0x00, 0x00, 0x00, 0xD8, 0x2C, 0x00, 0x00, 0x00, 0x00, 0x7C, 0x90, 0x00, 0xD1, 0x5D, 0x00, 0x00, 0x00, 0x00, 0x00, 0x00, 0xD8, 0x2C, 0x00, 0x00,
  0x00, 0x00, 0x7C, 0x90, 0x00, 0x5B, 0xD3, 0x01, 0x00, 0x00, 0x00, 0x00, 0x00, 0xD8, 0x2C, 0x00, 0x00, 0x00, 0x00, 0x7C, 0x90, 0x00, 0x03, 0xDE,
  0x4D, 0x00, 0x00, 0x00, 0x00, 0x00, 0xD8, 0x2C, 0x00, 0x00, 0x00, 0x00, 0x7C, 0x90, 0x00, 0x00, 0x6B, 0xC6, 0x00, 0x00, 0x00, 0x00, 0x00, 0xD8,
  0x2C, 0x00, 0x00, 0x00, 0x00, 0x7C, 0x90, 0x00, 0x00, 0x09, 0xE9, 0x3E, 0x00, 0x00, 0x00, 0x00, 0xD8, 0x2C, 0x00, 0x00, 0x00, 0x00, 0x7C, 0x90,
  0x00, 0x00, 0x00, 0x7B, 0xB6, 0x00, 0x00, 0x00, 0x00, 0xD8, 0x2C, 0x00, 0x00, 0x00, 0x00, 0x7C, 0x90, 0x00, 0x00, 0x00, 0x10, 0xF1, 0x2F, 0x00,
  0x00, 0x00, 0xD8, 0x2C, 0x00, 0x00, 0x00, 0x00, 0x7C, 0x90, 0x00, 0x00, 0x00, 0x00, 0x8B, 0xA7, 0x00, 0x00, 0x00, 0xD8, 0x2C, 0x00, 0x00, 0x00,
  0x00, 0x7C, 0x90, 0x00, 0x00, 0x00, 0x00, 0x1A, 0xF5, 0x22, 0x00, 0x00, 0xD8, 0x2C, 0x00, 0x00, 0x00, 0x00, 0x7C, 0x90, 0x00, 0x00, 0x00, 0x00,
  0x00, 0x9C, 0x97, 0x00, 0x00, 0xD8, 0x2C, 0x00, 0x00, 0x00, 0x00, 0x7C, 0x90, 0x00, 0x00, 0x00, 0x00, 0x00, 0x26, 0xF5, 0x18, 0x00, 0xD8, 0x2C,
  0x00, 0x00, 0x00, 0x00, 0x7C, 0x90, 0x00, 0x00, 0x00, 0x00, 0x00, 0x00, 0xAC, 0x88, 0x00, 0xD8, 0x2C, 0x00, 0x00, 0x00, 0x00, 0x7C, 0x90, 0x00,
  0x00, 0x00, 0x00, 0x00, 0x00, 0x34, 0xF0, 0x0F, 0xD8, 0x2C, 0x00, 0x00, 0x00, 0x00, 0x7C, 0x90, 0x00, 0x00, 0x00, 0x00, 0x00, 0x00, 0x00, 0xBC,
  0x79, 0xD8, 0x2C, 0x00, 0x00, 0x00, 0x00, 0x7C, 0x90, 0x00, 0x00, 0x00, 0x00, 0x00, 0x00, 0x00, 0x44, 0xE8, 0xE0, 0x2C, 0x00, 0x00, 0x00, 0x00,
  0x7C, 0x90, 0x00, 0x00, 0x00, 0x00, 0x00, 0x00, 0x00, 0x00, 0xCB, 0xFF, 0x2C, 0x00, 0x00, 0x00, 0x00, 0x00, 0x00, 0x2D, 0xA5, 0xDE, 0xDF, 0xE1,
  0xB3, 0x3D, 0x00, 0x00, 0x00, 0x00, 0x00, 0x00, 0x00, 0x52, 0xEE, 0x65, 0x07, 0x00, 0x05, 0x61, 0xEE, 0x59, 0x00, 0x00, 0x00, 0x00, 0x00, 0x11,
  0xF1, 0x41, 0x00, 0x00, 0x00, 0x00, 0x00, 0x48, 0xED, 0x0B, 0x00, 0x00, 0x00, 0x00, 0x7A, 0xB4, 0x00, 0x00, 0x00, 0x00, 0x00, 0x00, 0x00, 0xC7,
  0x67, 0x00, 0x00, 0x00, 0x00, 0xBD, 0x6C, 0x00, 0x00, 0x00, 0x00, 0x00, 0x00, 0x00, 0x81, 0xA4, 0x00, 0x00, 0x00, 0x00, 0xEC, 0x41, 0x00, 0x00,
  0x00, 0x00, 0x00, 0x00, 0x00, 0x5F, 0xD2, 0x00, 0x00, 0x00, 0x02, 0xFE, 0x2A, 0x00, 0x00, 0x00, 0x00, 0x00, 0x00, 0x00, 0x43, 0xE7, 0x00, 0x00,
  0x00, 0x10, 0xFF, 0x16, 0x00, 0x00, 0x00, 0x00, 0x00, 0x00, 0x00, 0x2C, 0xF8, 0x00, 0x00, 0x00, 0x16, 0xFF, 0x10, 0x00, 0x00, 0x00, 0x00, 0x00,
  0x00, 0x00, 0x27, 0xFE, 0x00, 0x00, 0x00, 0x17, 0xFF, 0x0D, 0x00, 0x00, 0x00, 0x00, 0x00, 0x00, 0x00, 0x23, 0xFF, 0x01, 0x00, 0x00, 0x18, 0xFF,
  0x0C, 0x00, 0x00, 0x00, 0x00, 0x00, 0x00, 0x00, 0x20, 0xFF, 0x02, 0x00, 0x00, 0x16, 0xFF, 0x0E, 0x00, 0x00, 0x00, 0x00, 0x00, 0x00, 0x00, 0x21,
  0xFE, 0x00, 0x00, 0x00, 0x13, 0xFF, 0x11, 0x00, 0x00, 0x00, 0x00, 0x00, 0x00, 0x00, 0x24, 0xF8, 0x00, 0x00, 0x00, 0x07, 0xFF, 0x24, 0x00, 0x00,
  0x00, 0x00, 0x00, 0x00, 0x00, 0x34, 0xEC, 0x00, 0x00, 0x00, 0x00, 0xF4, 0x3D, 0x00, 0x00, 0x00, 0x00, 0x00, 0x00, 0x00, 0x50, 0xD2, 0x00, 0x00,
  0x00, 0x00, 0xCC, 0x5F, 0x00, 0x00, 0x00, 0x00, 0x00, 0x00, 0x00, 0x7D, 0xA7, 0x00, 0x00, 0x00, 0x00, 0x83, 0xAB, 0x00, 0x00, 0x00, 0x00, 0x00,
  0x00, 0x00, 0xCC, 0x5D, 0x00, 0x00, 0x00, 0x00, 0x1D, 0xF0, 0x33, 0x00, 0x00, 0x00, 0x00, 0x00, 0x53, 0xE5, 0x08, 0x00, 0x00, 0x00, 0x00, 0x00,
  0x5B, 0xDE, 0x47, 0x03, 0x00, 0x06, 0x67, 0xEA, 0x44, 0x00, 0x00, 0x00, 0x00, 0x00, 0x00, 0x00, 0x3B, 0xB0, 0xD9, 0xDD, 0xD7, 0xA7, 0x2D, 0x00,
  0x00, 0x00, 0x00, 0x00, 0x00, 0x7C, 0xFF, 0xFF, 0xFF, 0xF9, 0xE3, 0xAF, 0x45, 0x00, 0x00, 0x00, 0x00, 0x7C, 0x9C, 0x00, 0x00, 0x06, 0x22, 0x75,
  0xF5, 0x5A, 0x00, 0x00, 0x00, 0x7C, 0x9C, 0x00, 0x00, 0x00, 0x00, 0x00, 0x69, 0xE1, 0x00, 0x00, 0x00, 0x7C, 0x9C, 0x00, 0x00, 0x00, 0x00, 0x00,
  0x0F, 0xFE, 0x20, 0x00, 0x00, 0x7C, 0x9C, 0x00, 0x00, 0x00, 0x00, 0x00, 0x00, 0xF1, 0x36, 0x00, 0x00, 0x7C, 0x9C, 0x00, 0x00, 0x00, 0x00, 0x00,
  0x00, 0xF5, 0x2F, 0x00, 0x00, 0x7C, 0x9C, 0x00, 0x00, 0x00, 0x00, 0x00, 0x17, 0xFF, 0x16, 0x00, 0x00, 0x7C, 0x9C, 0x00, 0x00, 0x00, 0x00, 0x00,
  0x74, 0xD3, 0x00, 0x00, 0x00, 0x7C, 0x9C, 0x00, 0x00, 0x07, 0x25, 0x7B, 0xF4, 0x49, 0x00, 0x00, 0x00, 0x7C, 0xFF, 0xFF, 0xFB, 0xEE, 0xDD, 0xA9,
  0x39, 0x00, 0x00, 0x00, 0x00, 0x7C, 0x9C, 0x00, 0x00, 0x00, 0x00, 0x00, 0x00, 0x00, 0x00, 0x00, 0x00, 0x7C, 0x9C, 0x00, 0x00, 0x00, 0x00, 0x00,
  0x00, 0x00, 0x00, 0x00, 0x00, 0x7C, 0x9C, 0x00, 0x00, 0x00, 0x00, 0x00, 0x00, 0x00, 0x00, 0x00, 0x00, 0x7C, 0x9C, 0x00, 0x00, 0x00, 0x00, 0x00,
  0x00, 0x00, 0x00, 0x00, 0x00, 0x7C, 0x9C, 0x00, 0x00, 0x00, 0x00, 0x00, 0x00, 0x00, 0x00, 0x00, 0x00, 0x7C, 0x9C, 0x00, 0x00, 0x00, 0x00, 0x00,
  0x00, 0x00, 0x00, 0x00, 0x00, 0x7C, 0x9C, 0x00, 0x00, 0x00, 0x00, 0x00, 0x00, 0x00, 0x00, 0x00, 0x00, 0x7C, 0x9C, 0x00, 0x00, 0x00, 0x00, 0x00,
  0x00, 0x00, 0x00, 0x00, 0x00, 0x7C, 0x9C, 0x00, 0x00, 0x00, 0x00, 0x00, 0x00, 0x00, 0x00, 0x00, 0x00, 0x7C, 0x9C, 0x00, 0x00, 0x00, 0x00, 0x00,
  0x00, 0x00, 0x00, 0x00, 0x00, 0x00, 0x00, 0x32, 0xA8, 0xDE, 0xDF, 0xDF, 0xAD, 0x36, 0x00, 0x00, 0x00, 0x00, 0x00, 0x00, 0x00, 0x56, 0xF0, 0x6D,
  0x07, 0x00, 0x06, 0x65, 0xED, 0x4F, 0x00, 0x00, 0x00, 0x00, 0x00, 0x14, 0xF4, 0x59, 0x00, 0x00, 0x00, 0x00, 0x00, 0x55, 0xEC, 0x09, 0x00, 0x00,
  0x00, 0x00, 0x7E, 0xD0, 0x00, 0x00, 0x00, 0x00, 0x00, 0x00, 0x00, 0xD7, 0x61, 0x00, 0x00, 0x00, 0x00, 0xBE, 0x81, 0x00, 0x00, 0x00, 0x00, 0x00,
  0x00, 0x00, 0x8E, 0x9F, 0x00, 0x00, 0x00, 0x00, 0xEB, 0x58, 0x00, 0x00, 0x00, 0x00, 0x00, 0x00, 0x00, 0x5E, 0xCC, 0x00, 0x00, 0x00, 0x00, 0xFC,
  0x32, 0x00, 0x00, 0x00, 0x00, 0x00, 0x00, 0x00, 0x42, 0xE4, 0x00, 0x00, 0x00, 0x0B, 0xFF, 0x1C, 0x00, 0x00, 0x00, 0x00, 0x00, 0x00, 0x00, 0x32,
  0xF6, 0x00, 0x00, 0x00, 0x12, 0xFF, 0x11, 0x00, 0x00, 0x00, 0x00, 0x00, 0x00, 0x00, 0x26, 0xFD, 0x00, 0x00, 0x00, 0x16, 0xFF, 0x0D, 0x00, 0x00,
  0x00, 0x00, 0x00, 0x00, 0x00, 0x23, 0xFF, 0x01, 0x00, 0x00, 0x17, 0xFF, 0x0C, 0x00, 0x00, 0x00, 0x00, 0x00, 0x00, 0x00, 0x20, 0xFF, 0x02, 0x00,
  0x00, 0x16, 0xFF, 0x0D, 0x00, 0x00, 0x00, 0x00, 0x00, 0x00, 0x00, 0x20, 0xFB, 0x00, 0x00, 0x00, 0x12, 0xFF, 0x0F, 0x00, 0x00, 0x00, 0x00, 0x00,
  0x00, 0x00, 0x20, 0xF4, 0x00, 0x00, 0x00, 0x07, 0xFF, 0x20, 0x00, 0x00, 0x00, 0x00, 0x00, 0x00, 0x00, 0x2B, 0xEC, 0x00, 0x00, 0x00, 0x00, 0xF4,
  0x39, 0x00, 0x00, 0x00, 0x00, 0x00, 0x00, 0x00, 0x42, 0xD5, 0x00, 0x00, 0x00, 0x00, 0xCF, 0x57, 0x00, 0x00, 0x00, 0x00, 0x00, 0x00, 0x00, 0x6E,
  0xAF, 0x00, 0x00, 0x00, 0x00, 0x8C, 0x9E, 0x00, 0x00, 0x00, 0x00, 0x00, 0x00, 0x00, 0xBB, 0x6C, 0x00, 0x00, 0x00, 0x00, 0x25, 0xEC, 0x22, 0x00,
  0x00, 0x00, 0x00, 0x00, 0x3E, 0xE2, 0x0B, 0x00, 0x00, 0x00, 0x00, 0x00, 0x68, 0xD4, 0x3B, 0x00, 0x00, 0x00, 0x4E, 0xCE, 0x36, 0x00, 0x00, 0x00,
  0x00, 0x00, 0x00, 0x00, 0x42, 0xB3, 0xD4, 0xCF, 0xE8, 0xFF, 0xF0, 0xEE, 0xF8, 0xFD, 0x13, 0x00, 0x00, 0x7C, 0xFF, 0xFF, 0xFF, 0xFF, 0xF8, 0xDC,
  0x95, 0x17, 0x00, 0x00, 0x00, 0x00, 0x00, 0x7C, 0x9C, 0x00, 0x00, 0x00, 0x06, 0x2D, 0xA5, 0xDB, 0x0B, 0x00, 0x00, 0x00, 0x00, 0x7C, 0x9C, 0x00,
  0x00, 0x00, 0x00, 0x00, 0x01, 0xCD, 0x67, 0x00, 0x00, 0x00, 0x00, 0x7C, 0x9C, 0x00, 0x00, 0x00, 0x00, 0x00, 0x00, 0x7F, 0xA3, 0x00, 0x00, 0x00,
  0x00, 0x7C, 0x9C, 0x00, 0x00, 0x00, 0x00, 0x00, 0x00, 0x68, 0xB7, 0x00, 0x00, 0x00, 0x00, 0x7C, 0x9C, 0x00, 0x00, 0x00, 0x00, 0x00, 0x00, 0x6E,
  0xB1, 0x00, 0x00, 0x00, 0x00, 0x7C, 0x9C, 0x00, 0x00, 0x00, 0x00, 0x00, 0x00, 0x8E, 0x90, 0x00, 0x00, 0x00, 0x00, 0x7C, 0x9C, 0x00, 0x00, 0x00,
  0x00, 0x00, 0x08, 0xDF, 0x43, 0x00, 0x00, 0x00, 0x00, 0x7C, 0x9C, 0x00, 0x00, 0x04, 0x14, 0x43, 0xC0, 0x95, 0x00, 0x00, 0x00, 0x00, 0x00, 0x7C,
  0xFF, 0xFF, 0xFF, 0xFF, 0xFF, 0xF4, 0x77, 0x00, 0x00, 0x00, 0x00, 0x00, 0x00, 0x7C, 0x9C, 0x00, 0x00, 0x01, 0x0E, 0x40, 0xC7, 0x9C, 0x00, 0x00,
  0x00, 0x00, 0x00, 0x7C, 0x9C, 0x00, 0x00, 0x00, 0x00, 0x00, 0x15, 0xF7, 0x16, 0x00, 0x00, 0x00, 0x00, 0x7C, 0x9C, 0x00, 0x00, 0x00, 0x00, 0x00,
  0x00, 0xCB, 0x49, 0x00, 0x00, 0x00, 0x00, 0x7C, 0x9C, 0x00, 0x00, 0x00, 0x00, 0x00, 0x00, 0xB2, 0x62, 0x00, 0x00, 0x00, 0x00, 0x7C, 0x9C, 0x00,
  0x00, 0x00, 0x00, 0x00, 0x00, 0xA2, 0x6E, 0x00, 0x00, 0x00, 0x00, 0x7C, 0x9C, 0x00, 0x00, 0x00, 0x00, 0x00, 0x00, 0x98, 0x75, 0x00, 0x00, 0x00,
  0x00, 0x7C, 0x9C, 0x00, 0x00, 0x00, 0x00, 0x00, 0x00, 0x91, 0x7B, 0x00, 0x00, 0x00, 0x00, 0x7C, 0x9C, 0x00, 0x00, 0x00, 0x00, 0x00, 0x00, 0x8C,
  0x86, 0x00, 0x00, 0x00, 0x00, 0x7C, 0x9C, 0x00, 0x00, 0x00, 0x00, 0x00, 0x00, 0x7D, 0x97, 0x00, 0x00, 0x00, 0x00, 0x7C, 0x9C, 0x00, 0x00, 0x00,
  0x00, 0x00, 0x00, 0x5C, 0xB7, 0x00, 0x00, 0x00, 0x00, 0x00, 0x2A, 0xA3, 0xE4, 0xE3, 0xE3, 0xB8, 0x45, 0x00, 0x00, 0x00, 0x00, 0x00, 0x3D, 0xEB,
  0x70, 0x0B, 0x00, 0x03, 0x4A, 0xEA, 0x5C, 0x00, 0x00, 0x00, 0x00, 0xD8, 0x59, 0x00, 0x00, 0x00, 0x00, 0x00, 0x5D, 0xE7, 0x02, 0x00, 0x00, 0x24,
  0xF8, 0x05, 0x00, 0x00, 0x00, 0x00, 0x00, 0x05, 0xFC, 0x29, 0x00, 0x00, 0x37, 0xF0, 0x00, 0x00, 0x00, 0x00, 0x00, 0x00, 0x00, 0xD7, 0x3A, 0x00,
  0x00, 0x1C, 0xFF, 0x13, 0x00, 0x00, 0x00, 0x00, 0x00, 0x00, 0x00, 0x00, 0x00, 0x00, 0x00, 0xC2, 0x83, 0x00, 0x00, 0x00, 0x00, 0x00, 0x00, 0x00,
  0x00, 0x00, 0x00, 0x00, 0x35, 0xF4, 0x6E, 0x00, 0x00, 0x00, 0x00, 0x00, 0x00, 0x00, 0x00, 0x00, 0x00, 0x00, 0x41, 0xEC, 0xB1, 0x19, 0x00, 0x00,
  0x00, 0x00, 0x00, 0x00, 0x00, 0x00, 0x00, 0x00, 0x17, 0xAB, 0xF1, 0x69, 0x01, 0x00, 0x00, 0x00, 0x00, 0x00, 0x00, 0x00, 0x00, 0x00, 0x00, 0x48,
  0xE0, 0xB9, 0x16, 0x00, 0x00, 0x00, 0x00, 0x00, 0x00, 0x00, 0x00, 0x00, 0x00, 0x0D, 0xA9, 0xD8, 0x1A, 0x00, 0x00, 0x00, 0x00, 0x00, 0x00, 0x00,
  0x00, 0x00, 0x00, 0x02, 0xB1, 0xAB, 0x00, 0x00, 0x00, 0x00, 0x00, 0x00, 0x00, 0x00, 0x00, 0x00, 0x00, 0x23, 0xFF, 0x21, 0x00, 0x00, 0x37, 0x49,
  0x00, 0x00, 0x00, 0x00, 0x00, 0x00, 0x00, 0xE9, 0x4D, 0x00, 0x00, 0x71, 0xB3, 0x00, 0x00, 0x00, 0x00, 0x00, 0x00, 0x00, 0xDD, 0x4F, 0x00, 0x00,
  0x50, 0xD2, 0x00, 0x00, 0x00, 0x00, 0x00, 0x00, 0x07, 0xFB, 0x2B, 0x00, 0x00, 0x0F, 0xF4, 0x31, 0x00, 0x00, 0x00, 0x00, 0x00, 0x6A, 0xD5, 0x01,
  0x00, 0x00, 0x00, 0x72, 0xE1, 0x46, 0x03, 0x00, 0x05, 0x59, 0xE9, 0x3C, 0x00, 0x00, 0x00, 0x00, 0x00, 0x52, 0xBC, 0xE2, 0xE0, 0xE2, 0xAD, 0x30,
  0x00, 0x00, 0x00, 0xA8, 0xFF, 0xFF, 0xFF, 0xFF, 0xFF, 0xFF, 0xFF, 0xFF, 0xFF, 0xC8, 0x00, 0x00, 0x00, 0x00, 0x00, 0xFC, 0x1C, 0x00, 0x00, 0x00,
  0x00, 0x00, 0x00, 0x00, 0x00, 0x00, 0xFC, 0x1C, 0x00, 0x00, 0x00, 0x00, 0x00, 0x00, 0x00, 0x00, 0x00, 0xFC, 0x1C, 0x00, 0x00, 0x00, 0x00, 0x00,
  0x00, 0x00, 0x00, 0x00, 0xFC, 0x1C, 0x00, 0x00, 0x00, 0x00, 0x00, 0x00, 0x00, 0x00, 0x00, 0xFC, 0x1C, 0x00, 0x00, 0x00, 0x00, 0x00, 0x00, 0x00,
  0x00, 0x00, 0xFC, 0x1C, 0x00, 0x00, 0x00, 0x00, 0x00, 0x00, 0x00, 0x00, 0x00, 0xFC, 0x1C, 0x00, 0x00, 0x00, 0x00, 0x00, 0x00, 0x00, 0x00, 0x00,
  0xFC, 0x1C, 0x00, 0x00, 0x00, 0x00, 0x00, 0x00, 0x00, 0x00, 0x00, 0xFC, 0x1C, 0x00, 0x00, 0x00, 0x00, 0x00, 0x00, 0x00, 0x00, 0x00, 0xFC, 0x1C,
  0x00, 0x00, 0x00, 0x00, 0x00, 0x00, 0x00, 0x00, 0x00, 0xFC, 0x1C, 0x00, 0x00, 0x00, 0x00, 0x00, 0x00, 0x00, 0x00, 0x00, 0xFC, 0x1C, 0x00, 0x00,
  0x00, 0x00, 0x00, 0x00, 0x00, 0x00, 0x00, 0xFC, 0x1C, 0x00, 0x00, 0x00, 0x00, 0x00, 0x00, 0x00, 0x00, 0x00, 0xFC, 0x1C, 0x00, 0x00, 0x00, 0x00,
  0x00, 0x00, 0x00, 0x00, 0x00, 0xFC, 0x1C, 0x00, 0x00, 0x00, 0x00, 0x00, 0x00, 0x00, 0x00, 0x00, 0xFC, 0x1C, 0x00, 0x00, 0x00, 0x00, 0x00, 0x00,
  0x00, 0x00, 0x00, 0xFC, 0x1C, 0x00, 0x00, 0x00, 0x00, 0x00, 0x00, 0x00, 0x00, 0x00, 0xFC, 0x1C, 0x00, 0x00, 0x00, 0x00, 0x00, 0x00, 0x00, 0x00,
  0x00, 0xFC, 0x1C, 0x00, 0x00, 0x00, 0x00, 0x00, 0x00, 0xA0, 0x78, 0x00, 0x00, 0x00, 0x00, 0x00, 0x00, 0x00, 0x20, 0xF8, 0x00, 0x00, 0x00, 0x00,
  0xA0, 0x78, 0x00, 0x00, 0x00, 0x00, 0x00, 0x00, 0x00, 0x20, 0xF8, 0x00, 0x00, 0x00, 0x00, 0xA0, 0x78, 0x00, 0x00, 0x00, 0x00, 0x00, 0x00, 0x00,
  0x20, 0xF8, 0x00, 0x00, 0x00, 0x00, 0xA0, 0x78, 0x00, 0x00, 0x00, 0x00, 0x00, 0x00, 0x00, 0x20, 0xF8, 0x00, 0x00, 0x00, 0x00, 0xA0, 0x78, 0x00,
  0x00, 0x00, 0x00, 0x00, 0x00, 0x00, 0x20, 0xF8, 0x00, 0x00, 0x00, 0x00, 0xA0, 0x78, 0x00, 0x00, 0x00, 0x00, 0x00, 0x00, 0x00, 0x20, 0xF8, 0x00,
  0x00, 0x00, 0x00, 0xA0, 0x78, 0x00, 0x00, 0x00, 0x00, 0x00, 0x00, 0x00, 0x20, 0xF8, 0x00, 0x00, 0x00, 0x00, 0xA0, 0x78, 0x00, 0x00, 0x00, 0x00,
  0x00, 0x00, 0x00, 0x20, 0xF8, 0x00, 0x00, 0x00, 0x00, 0xA0, 0x78, 0x00, 0x00, 0x00, 0x00, 0x00, 0x00, 0x00, 0x20, 0xF8, 0x00, 0x00, 0x00, 0x00,
  0xA0, 0x78, 0x00, 0x00, 0x00, 0x00, 0x00, 0x00, 0x00, 0x20, 0xF8, 0x00, 0x00, 0x00, 0x00, 0xA0, 0x78, 0x00, 0x00, 0x00, 0x00, 0x00, 0x00, 0x00,
  0x20, 0xF8, 0x00, 0x00, 0x00, 0x00, 0xA0, 0x78, 0x00, 0x00, 0x00, 0x00, 0x00, 0x00, 0x00, 0x20, 0xF8, 0x00, 0x00, 0x00, 0x00, 0xA0, 0x78, 0x00,
  0x00, 0x00, 0x00, 0x00, 0x00, 0x00, 0x20, 0xF8, 0x00, 0x00, 0x00, 0x00, 0x9A, 0x79, 0x00, 0x00, 0x00, 0x00, 0x00, 0x00, 0x00, 0x23, 0xF2, 0x00,
  0x00, 0x00, 0x00, 0x8C, 0x82, 0x00, 0x00, 0x00, 0x00, 0x00, 0x00, 0x00, 0x33, 0xE1, 0x00, 0x00, 0x00, 0x00, 0x7C, 0x98, 0x00, 0x00, 0x00, 0x00,
  0x00, 0x00, 0x00, 0x46, 0xCE, 0x00, 0x00, 0x00, 0x00, 0x52, 0xCC, 0x00, 0x00, 0x00, 0x00, 0x00, 0x00, 0x00, 0x7B, 0xA3, 0x00, 0x00, 0x00, 0x00,
  0x0C, 0xEF, 0x3D, 0x00, 0x00, 0x00, 0x00, 0x00, 0x0B, 0xDF, 0x4B, 0x00, 0x00, 0x00, 0x00, 0x00, 0x5A, 0xE8, 0x57, 0x06, 0x00, 0x00, 0x2D, 0xC0,
  0xA4, 0x00, 0x00, 0x00, 0x00, 0x00, 0x00, 0x00, 0x3C, 0xAE, 0xE0, 0xE0, 0xE1, 0xC6, 0x65, 0x01, 0x00, 0x00, 0x00, 0x4E, 0xDD, 0x00, 0x00, 0x00,
  0x00, 0x00, 0x00, 0x00, 0x00, 0x00, 0x76, 0xA0, 0x0D, 0xFA, 0x21, 0x00, 0x00, 0x00, 0x00, 0x00, 0x00, 0x00, 0x00, 0xB8, 0x5B, 0x00, 0xC2, 0x65,
  0x00, 0x00, 0x00, 0x00, 0x00, 0x00, 0x00, 0x06, 0xF3, 0x17, 0x00, 0x7C, 0xA9, 0x00, 0x00, 0x00, 0x00, 0x00, 0x00, 0x00, 0x3E, 0xD1, 0x00, 0x00,
  0x36, 0xEB, 0x01, 0x00, 0x00, 0x00, 0x00, 0x00, 0x00, 0x80, 0x8C, 0x00, 0x00, 0x02, 0xED, 0x31, 0x00, 0x00, 0x00, 0x00, 0x00, 0x00, 0xC3, 0x46,
  0x00, 0x00, 0x00, 0xAB, 0x75, 0x00, 0x00, 0x00, 0x00, 0x00, 0x0B, 0xF2, 0x09, 0x00, 0x00, 0x00, 0x65, 0xB9, 0x00, 0x00, 0x00, 0x00, 0x00, 0x48,
  0xBC, 0x00, 0x00, 0x00, 0x00, 0x1F, 0xF5, 0x07, 0x00, 0x00, 0x00, 0x00, 0x8B, 0x77, 0x00, 0x00, 0x00, 0x00, 0x00, 0xD9, 0x41, 0x00, 0x00, 0x00,
  0x00, 0xCE, 0x32, 0x00, 0x00, 0x00, 0x00, 0x00, 0x94, 0x85, 0x00, 0x00, 0x00, 0x12, 0xE9, 0x01, 0x00, 0x00, 0x00, 0x00, 0x00, 0x4E, 0xC9, 0x00,
  0x00, 0x00, 0x53, 0xA7, 0x00, 0x00, 0x00, 0x00, 0x00, 0x00, 0x0D, 0xF7, 0x10, 0x00, 0x00, 0x96, 0x62, 0x00, 0x00, 0x00, 0x00, 0x00, 0x00, 0x00,
  0xC2, 0x51, 0x00, 0x00, 0xD8, 0x1D, 0x00, 0x00, 0x00, 0x00, 0x00, 0x00, 0x00, 0x7C, 0x95, 0x00, 0x1B, 0xD7, 0x00, 0x00, 0x00, 0x00, 0x00, 0x00,
  0x00, 0x00, 0x37, 0xD9, 0x00, 0x5E, 0x92, 0x00, 0x00, 0x00, 0x00, 0x00, 0x00, 0x00, 0x00, 0x02, 0xED, 0x1D, 0xA1, 0x4D, 0x00, 0x00, 0x00, 0x00,
  0x00, 0x00, 0x00, 0x00, 0x00, 0xAB, 0x61, 0xDE, 0x0D, 0x00, 0x00, 0x00, 0x00, 0x00, 0x00, 0x00, 0x00, 0x00, 0x65, 0xCA, 0xC3, 0x00, 0x00, 0x00,
  0x00, 0x00, 0x00, 0x00, 0x00, 0x00, 0x00, 0x1F, 0xFF, 0x7E, 0x00, 0x00, 0x00, 0x00, 0x00, 0x36, 0xF1, 0x02, 0x00, 0x00, 0x00, 0x00, 0x00, 0x00,
  0x00, 0x8F, 0xFE, 0x11, 0x00, 0x00, 0x00, 0x00, 0x00, 0x00, 0x00, 0x74, 0x9F, 0x04, 0xF4, 0x2F, 0x00, 0x00, 0x00, 0x00, 0x00, 0x00, 0x00, 0xCB,
  0xE2, 0x49, 0x00, 0x00, 0x00, 0x00, 0x00, 0x00, 0x00, 0xB2, 0x60, 0x00, 0xBC, 0x6A, 0x00, 0x00, 0x00, 0x00, 0x00, 0x00, 0x0C, 0xE7, 0x88, 0x82,
  0x00, 0x00, 0x00, 0x00, 0x00, 0x00, 0x01, 0xEE, 0x20, 0x00, 0x7F, 0xA4, 0x00, 0x00, 0x00, 0x00, 0x00, 0x00, 0x45, 0xB0, 0x4E, 0xBB, 0x00, 0x00,
  0x00, 0x00, 0x00, 0x00, 0x2E, 0xE0, 0x00, 0x00, 0x42, 0xDF, 0x00, 0x00, 0x00, 0x00, 0x00, 0x00, 0x81, 0x74, 0x15, 0xF1, 0x02, 0x00, 0x00, 0x00,
  0x00, 0x00, 0x6C, 0xA0, 0x00, 0x00, 0x0A, 0xFA, 0x19, 0x00, 0x00, 0x00, 0x00, 0x00, 0xBE, 0x38, 0x00, 0xDC, 0x2D, 0x00, 0x00, 0x00, 0x00, 0x00,
  0xAB, 0x60, 0x00, 0x00, 0x00, 0xC8, 0x54, 0x00, 0x00, 0x00, 0x00, 0x05, 0xEC, 0x05, 0x00, 0xA3, 0x66, 0x00, 0x00, 0x00, 0x00, 0x00, 0xE8, 0x21,
  0x00, 0x00, 0x00, 0x8B, 0x8F, 0x00, 0x00, 0x00, 0x00, 0x38, 0xC0, 0x00, 0x00, 0x6A, 0x9F, 0x00, 0x00, 0x00, 0x00, 0x27, 0xE1, 0x00, 0x00, 0x00,
  0x00, 0x4E, 0xC9, 0x00, 0x00, 0x00, 0x00, 0x74, 0x84, 0x00, 0x00, 0x31, 0xD8, 0x00, 0x00, 0x00, 0x00, 0x65, 0xA1, 0x00, 0x00, 0x00, 0x00, 0x12,
  0xF9, 0x09, 0x00, 0x00, 0x00, 0xB1, 0x48, 0x00, 0x00, 0x03, 0xF3, 0x13, 0x00, 0x00, 0x00, 0xA4, 0x61, 0x00, 0x00, 0x00, 0x00, 0x00, 0xD4, 0x3E,
  0x00, 0x00, 0x01, 0xEA, 0x0F, 0x00, 0x00, 0x00, 0xBF, 0x4B, 0x00, 0x00, 0x00, 0xE1, 0x21, 0x00, 0x00, 0x00, 0x00, 0x00, 0x97, 0x79, 0x00, 0x00,
  0x2B, 0xD0, 0x00, 0x00, 0x00, 0x00, 0x85, 0x84, 0x00, 0x00, 0x20, 0xE2, 0x00, 0x00, 0x00, 0x00, 0x00, 0x00, 0x5A, 0xB4, 0x00, 0x00, 0x67, 0x95,
  0x00, 0x00, 0x00, 0x00, 0x4C, 0xBD, 0x00, 0x00, 0x5E, 0xA2, 0x00, 0x00, 0x00, 0x00, 0x00, 0x00, 0x1D, 0xED, 0x01, 0x00, 0xA4, 0x59, 0x00, 0x00,
  0x00, 0x00, 0x14, 0xF2, 0x03, 0x00, 0x9D, 0x62, 0x00, 0x00, 0x00, 0x00, 0x00, 0x00, 0x00, 0xE0, 0x29, 0x00, 0xE1, 0x1D, 0x00, 0x00, 0x00, 0x00,
  0x00, 0xDA, 0x2F, 0x00, 0xDB, 0x22, 0x00, 0x00, 0x00, 0x00, 0x00, 0x00, 0x00, 0xA3, 0x63, 0x1D, 0xE1, 0x00, 0x00, 0x00, 0x00, 0x00, 0x00, 0xA1,
  0x68, 0x19, 0xE2, 0x00, 0x00, 0x00, 0x00, 0x00, 0x00, 0x00, 0x00, 0x66, 0x9E, 0x5A, 0xA5, 0x00, 0x00, 0x00, 0x00, 0x00, 0x00, 0x68, 0xA1, 0x57,
  0xA3, 0x00, 0x00, 0x00, 0x00, 0x00, 0x00, 0x00, 0x00, 0x29, 0xD9, 0x97, 0x69, 0x00, 0x00, 0x00, 0x00, 0x00, 0x00, 0x2F, 0xDA, 0x96, 0x63, 0x00,
  0x00, 0x00, 0x00, 0x00, 0x00, 0x00, 0x00, 0x00, 0xEA, 0xE3, 0x2D, 0x00, 0x00, 0x00, 0x00, 0x00, 0x00, 0x03, 0xF2, 0xE3, 0x23, 0x00, 0x00, 0x00,
  0x00, 0x00, 0x00, 0x00, 0x00, 0x00, 0xAF, 0xEF, 0x01, 0x00, 0x00, 0x00, 0x00, 0x00, 0x00, 0x00, 0xBD, 0xE3, 0x00, 0x00, 0x00, 0x00, 0x00, 0x06,
  0xE1, 0x52, 0x00, 0x00, 0x00, 0x00, 0x00, 0x00, 0x00, 0x56, 0xD3, 0x02, 0x00, 0x66, 0xD0, 0x01, 0x00, 0x00, 0x00, 0x00, 0x00, 0x02, 0xD5, 0x52,
  0x00, 0x00, 0x05, 0xDF, 0x50, 0x00, 0x00, 0x00, 0x00, 0x00, 0x5B, 0xCD, 0x01, 0x00, 0x00, 0x00, 0x64, 0xCE, 0x00, 0x00, 0x00, 0x00, 0x03, 0xD9,
  0x4A, 0x00, 0x00, 0x00, 0x00, 0x04, 0xDD, 0x4E, 0x00, 0x00, 0x00, 0x60, 0xC6, 0x00, 0x00, 0x00, 0x00, 0x00, 0x00, 0x61, 0xCC, 0x00, 0x00, 0x04,
  0xDD, 0x43, 0x00, 0x00, 0x00, 0x00, 0x00, 0x00, 0x04, 0xDC, 0x4C, 0x00, 0x65, 0xBF, 0x00, 0x00, 0x00, 0x00, 0x00, 0x00, 0x00, 0x00, 0x5F, 0xCA,
  0x06, 0xE0, 0x3B, 0x00, 0x00, 0x00, 0x00, 0x00, 0x00, 0x00, 0x00, 0x03, 0xDA, 0xAE, 0xB8, 0x00, 0x00, 0x00, 0x00, 0x00, 0x00, 0x00, 0x00, 0x00,
  0x00, 0x69, 0xFF, 0x47, 0x00, 0x00, 0x00, 0x00, 0x00, 0x00, 0x00, 0x00, 0x00, 0x00, 0xAD, 0xD9, 0x98, 0x00, 0x00, 0x00, 0x00, 0x00, 0x00, 0x00,
  0x00, 0x00, 0x2F, 0xDD, 0x1D, 0xF1, 0x22, 0x00, 0x00, 0x00, 0x00, 0x00, 0x00, 0x00, 0x00, 0xAF, 0x65, 0x00, 0x8D, 0xA3, 0x00, 0x00, 0x00, 0x00,
  0x00, 0x00, 0x00, 0x31, 0xE0, 0x05, 0x00, 0x15, 0xF1, 0x2B, 0x00, 0x00, 0x00, 0x00, 0x00, 0x00, 0xB2, 0x69, 0x00, 0x00, 0x00, 0x87, 0xAE, 0x00,
  0x00, 0x00, 0x00, 0x00, 0x33, 0xE3, 0x07, 0x00, 0x00, 0x00, 0x12, 0xF0, 0x34, 0x00, 0x00, 0x00, 0x00, 0xB4, 0x6D, 0x00, 0x00, 0x00, 0x00, 0x00,
  0x82, 0xB8, 0x00, 0x00, 0x00, 0x35, 0xE6, 0x08, 0x00, 0x00, 0x00, 0x00, 0x00, 0x0F, 0xEF, 0x3E, 0x00, 0x00, 0xB6, 0x71, 0x00, 0x00, 0x00, 0x00,
  0x00, 0x00, 0x00, 0x7C, 0xC3, 0x00, 0x37, 0xE8, 0x09, 0x00, 0x00, 0x00, 0x00, 0x00, 0x00, 0x00, 0x0D, 0xEC, 0x49, 0x69, 0xC9, 0x00, 0x00, 0x00,
  0x00, 0x00, 0x00, 0x00, 0x00, 0x11, 0xF2, 0x26, 0x08, 0xE8, 0x3F, 0x00, 0x00, 0x00, 0x00, 0x00, 0x00, 0x00, 0x78, 0xAE, 0x00, 0x00, 0x79, 0xB5,
  0x00, 0x00, 0x00, 0x00, 0x00, 0x00, 0x05, 0xE5, 0x38, 0x00, 0x00, 0x0F, 0xF0, 0x2B, 0x00, 0x00, 0x00, 0x00, 0x00, 0x5E, 0xC2, 0x00, 0x00, 0x00,
  0x00, 0x8A, 0xA0, 0x00, 0x00, 0x00, 0x00, 0x00, 0xD0, 0x4C, 0x00, 0x00, 0x00, 0x00, 0x1A, 0xF3, 0x1B, 0x00, 0x00, 0x00, 0x44, 0xD4, 0x01, 0x00,
  0x00, 0x00, 0x00, 0x00, 0x9B, 0x8B, 0x00, 0x00, 0x00, 0xB6, 0x5F, 0x00, 0x00, 0x00, 0x00, 0x00, 0x00, 0x26, 0xEF, 0x0E, 0x00, 0x2A, 0xE2, 0x05,
  0x00, 0x00, 0x00, 0x00, 0x00, 0x00, 0x00, 0xAC, 0x76, 0x00, 0x9C, 0x73, 0x00, 0x00, 0x00, 0x00, 0x00, 0x00, 0x00, 0x00, 0x35, 0xE5, 0x1D, 0xE8,
  0x0D, 0x00, 0x00, 0x00, 0x00, 0x00, 0x00, 0x00, 0x00, 0x00, 0xBD, 0xD2, 0x87, 0x00, 0x00, 0x00, 0x00, 0x00, 0x00, 0x00, 0x00, 0x00, 0x00, 0x48,
  0xFB, 0x18, 0x00, 0x00, 0x00, 0x00, 0x00, 0x00, 0x00, 0x00, 0x00, 0x00, 0x24, 0xF0, 0x00, 0x00, 0x00, 0x00, 0x00, 0x00, 0x00, 0x00, 0x00, 0x00,
  0x00, 0x24, 0xF0, 0x00, 0x00, 0x00, 0x00, 0x00, 0x00, 0x00, 0x00, 0x00, 0x00, 0x00, 0x24, 0xF0, 0x00, 0x00, 0x00, 0x00, 0x00, 0x00, 0x00, 0x00,
  0x00, 0x00, 0x00, 0x24, 0xF0, 0x00, 0x00, 0x00, 0x00, 0x00, 0x00, 0x00, 0x00, 0x00, 0x00, 0x00, 0x24, 0xF0, 0x00, 0x00, 0x00, 0x00, 0x00, 0x00,
  0x00, 0x00, 0x00, 0x00, 0x00, 0x24, 0xF0, 0x00, 0x00, 0x00, 0x00, 0x00, 0x00, 0x00, 0x00, 0x00, 0x00, 0x00, 0x24, 0xF0, 0x00, 0x00, 0x00, 0x00,
  0x00, 0x00, 0x00, 0x00, 0x00, 0x00, 0x00, 0x24, 0xF0, 0x00, 0x00, 0x00, 0x00, 0x00, 0x00, 0x00, 0x94, 0xFF, 0xFF, 0xFF, 0xFF, 0xFF, 0xFF, 0xFF,
  0xFF, 0xEC, 0x00, 0x00, 0x00, 0x00, 0x00, 0x00, 0x00, 0x00, 0x00, 0x00, 0x7C, 0xB6, 0x00, 0x00, 0x00, 0x00, 0x00, 0x00, 0x00, 0x00, 0x00, 0x0D,
  0xEC, 0x38, 0x00, 0x00, 0x00, 0x00, 0x00, 0x00, 0x00, 0x00, 0x00, 0x79, 0xB8, 0x00, 0x00, 0x00, 0x00, 0x00, 0x00, 0x00, 0x00, 0x00, 0x0B, 0xEB,
  0x3A, 0x00, 0x00, 0x00, 0x00, 0x00, 0x00, 0x00, 0x00, 0x00, 0x76, 0xBB, 0x00, 0x00, 0x00, 0x00, 0x00, 0x00, 0x00, 0x00, 0x00, 0x0A, 0xE9, 0x3C,
  0x00, 0x00, 0x00, 0x00, 0x00, 0x00, 0x00, 0x00, 0x00, 0x73, 0xBD, 0x00, 0x00, 0x00, 0x00, 0x00, 0x00, 0x00, 0x00, 0x00, 0x09, 0xE7, 0x3F, 0x00,
  0x00, 0x00, 0x00, 0x00, 0x00, 0x00, 0x00, 0x00, 0x70, 0xBF, 0x00, 0x00, 0x00, 0x00, 0x00, 0x00, 0x00, 0x00, 0x00, 0x08, 0xE6, 0x41, 0x00, 0x00,
  0x00, 0x00, 0x00, 0x00, 0x00, 0x00, 0x00, 0x6D, 0xC2, 0x00, 0x00, 0x00, 0x00, 0x00, 0x00, 0x00, 0x00, 0x00, 0x07, 0xE4, 0x43, 0x00, 0x00, 0x00,
  0x00, 0x00, 0x00, 0x00, 0x00, 0x00, 0x6A, 0xC4, 0x00, 0x00, 0x00, 0x00, 0x00, 0x00, 0x00, 0x00, 0x00, 0x06, 0xE2, 0x46, 0x00, 0x00, 0x00, 0x00,
  0x00, 0x00, 0x00, 0x00, 0x00, 0x67, 0xC7, 0x00, 0x00, 0x00, 0x00, 0x00, 0x00, 0x00, 0x00, 0x00, 0x05, 0xE0, 0x48, 0x00, 0x00, 0x00, 0x00, 0x00,
  0x00, 0x00, 0x00, 0x00, 0x64, 0xC9, 0x00, 0x00, 0x00, 0x00, 0x00, 0x00, 0x00, 0x00, 0x00, 0x04, 0xDE, 0x4B, 0x00, 0x00, 0x00, 0x00, 0x00, 0x00,
  0x00, 0x00, 0x00, 0x20, 0xFF, 0xFF, 0xFF, 0xFF, 0xFF, 0xFF, 0xFF, 0xFF, 0xFF, 0xDC, 0x00, 0x00, 0x00, 0x01, 0x5B, 0xC8, 0xDF, 0xE5, 0xCA, 0x52,
  0x00, 0x00, 0x00, 0x00, 0x00, 0x84, 0xCC, 0x2B, 0x00, 0x00, 0x48, 0xF0, 0x45, 0x00, 0x00, 0x00, 0x07, 0xF6, 0x26, 0x00, 0x00, 0x00, 0x00, 0x86,
  0xAB, 0x00, 0x00, 0x00, 0x0E, 0x83, 0x00, 0x00, 0x00, 0x00, 0x00, 0x4B, 0xCD, 0x00, 0x00, 0x00, 0x00, 0x00, 0x00, 0x00, 0x00, 0x00, 0x00, 0x38,
  0xE0, 0x00, 0x00, 0x00, 0x00, 0x00, 0x00, 0x00, 0x00, 0x00, 0x00, 0x30, 0xE4, 0x00, 0x00, 0x00, 0x00, 0x08, 0x6D, 0xBC, 0xE1, 0xFC, 0xFF, 0xFF,
  0xE4, 0x00, 0x00, 0x00, 0x09, 0xCA, 0xCE, 0x65, 0x25, 0x0E, 0x01, 0x30, 0xE4, 0x00, 0x00, 0x00, 0x79, 0xCA, 0x07, 0x00, 0x00, 0x00, 0x00, 0x31,
  0xE4, 0x00, 0x00, 0x00, 0xBA, 0x64, 0x00, 0x00, 0x00, 0x00, 0x00, 0x47, 0xE4, 0x00, 0x00, 0x00, 0xBF, 0x57, 0x00, 0x00, 0x00, 0x00, 0x00, 0x78,
  0xE5, 0x00, 0x00, 0x00, 0x94, 0x90, 0x00, 0x00, 0x00, 0x00, 0x06, 0xB6, 0xE7, 0x00, 0x00, 0x00, 0x22, 0xF1, 0x61, 0x05, 0x00, 0x1D, 0xAA, 0x47,
  0xEC, 0x00, 0x00, 0x00, 0x00, 0x2E, 0xBD, 0xEF, 0xDA, 0xBD, 0x3E, 0x05, 0xF4, 0x00, 0x00, 0x00, 0x00, 0xE0, 0x28, 0x00, 0x00, 0x00, 0x00, 0x00,
  0x00, 0x00, 0x00, 0x00, 0x00, 0x00, 0xE0, 0x28, 0x00, 0x00, 0x00, 0x00, 0x00, 0x00, 0x00, 0x00, 0x00, 0x00, 0x00, 0xE0, 0x28, 0x00, 0x00, 0x00,
  0x00, 0x00, 0x00, 0x00, 0x00, 0x00, 0x00, 0x00, 0xE0, 0x28, 0x00, 0x00, 0x00, 0x00, 0x00, 0x00, 0x00, 0x00, 0x00, 0x00, 0x00, 0xE0, 0x28, 0x00,
  0x00, 0x00, 0x00, 0x00, 0x00, 0x00, 0x00, 0x00, 0x00, 0x00, 0xE0, 0x28, 0x00, 0x00, 0x00, 0x00, 0x00, 0x00, 0x00, 0x00, 0x00, 0x00, 0x00, 0xE0,
  0x28, 0x4E, 0xCA, 0xDE, 0xEC, 0xA2, 0x18, 0x00, 0x00, 0x00, 0x00, 0x00, 0xE0, 0x76, 0xB8, 0x19, 0x00, 0x0C, 0x87, 0xD9, 0x09, 0x00, 0x00, 0x00,
  0x00, 0xE0, 0xDE, 0x0C, 0x00, 0x00, 0x00, 0x00, 0xBA, 0x6E, 0x00, 0x00, 0x00, 0x00, 0xE0, 0x8A, 0x00, 0x00, 0x00, 0x00, 0x00, 0x5E, 0xB6, 0x00,
  0x00, 0x00, 0x00, 0xE0, 0x51, 0x00, 0x00, 0x00, 0x00, 0x00, 0x30, 0xDA, 0x00, 0x00, 0x00, 0x00, 0xE0, 0x35, 0x00, 0x00, 0x00, 0x00, 0x00, 0x1D,
  0xEE, 0x00, 0x00, 0x00, 0x00, 0xE0, 0x28, 0x00, 0x00, 0x00, 0x00, 0x00, 0x19, 0xF5, 0x00, 0x00, 0x00, 0x00, 0xE0, 0x26, 0x00, 0x00, 0x00, 0x00,
  0x00, 0x1D, 0xF3, 0x00, 0x00, 0x00, 0x00, 0xE0, 0x2E, 0x00, 0x00, 0x00, 0x00, 0x00, 0x26, 0xEA, 0x00, 0x00, 0x00, 0x00, 0xE0, 0x38, 0x00, 0x00,
  0x00, 0x00, 0x00, 0x3A, 0xD0, 0x00, 0x00, 0x00, 0x00, 0xE0, 0x5E, 0x00, 0x00, 0x00, 0x00, 0x00, 0x67, 0xA3, 0x00, 0x00, 0x00, 0x00, 0xE0, 0xB3,
  0x00, 0x00, 0x00, 0x00, 0x01, 0xC3, 0x56, 0x00, 0x00, 0x00, 0x00, 0xE6, 0x74, 0x99, 0x0C, 0x00, 0x0B, 0x96, 0xC1, 0x01, 0x00, 0x00, 0x00, 0x00,
  0xF3, 0x07, 0x63, 0xD1, 0xDE, 0xE0, 0x8E, 0x0D, 0x00, 0x00, 0x00, 0x00, 0x00, 0x00, 0x47, 0xC4, 0xDF, 0xE4, 0xC6, 0x47, 0x00, 0x00, 0x00, 0x00,
  0x4C, 0xE9, 0x41, 0x00, 0x00, 0x4E, 0xEF, 0x33, 0x00, 0x00, 0x00, 0xDC, 0x5B, 0x00, 0x00, 0x00, 0x00, 0x89, 0x90, 0x00, 0x00, 0x2C, 0xF3, 0x06,
  0x00, 0x00, 0x00, 0x00, 0x53, 0xB2, 0x00, 0x00, 0x56, 0xC8, 0x00, 0x00, 0x00, 0x00, 0x00, 0x06, 0x12, 0x00, 0x00, 0x66, 0xB4, 0x00, 0x00, 0x00,
  0x00, 0x00, 0x00, 0x00, 0x00, 0x00, 0x6F, 0xA6, 0x00, 0x00, 0x00, 0x00, 0x00, 0x00, 0x00, 0x00, 0x00, 0x71, 0xA3, 0x00, 0x00, 0x00, 0x00, 0x00,
  0x00, 0x00, 0x00, 0x00, 0x68, 0xAC, 0x00, 0x00, 0x00, 0x00, 0x00, 0x00, 0x00, 0x00, 0x00, 0x55, 0xC2, 0x00, 0x00, 0x00, 0x00, 0x00, 0x13, 0x34,
  0x00, 0x00, 0x2E, 0xED, 0x01, 0x00, 0x00, 0x00, 0x00, 0x59, 0xB2, 0x00, 0x00, 0x03, 0xE6, 0x44, 0x00, 0x00, 0x00, 0x00, 0x99, 0x86, 0x00, 0x00,
  0x00, 0x64, 0xDE, 0x30, 0x00, 0x00, 0x58, 0xEC, 0x17, 0x00, 0x00, 0x00, 0x00, 0x5A, 0xCB, 0xDF, 0xE4, 0xC0, 0x38, 0x00, 0x00, 0x00, 0x00, 0x00,
  0x00, 0x00, 0x00, 0x00, 0x00, 0x00, 0xA0, 0x6C, 0x00, 0x00, 0x00, 0x00, 0x00, 0x00, 0x00, 0x00, 0x00, 0x00, 0x00, 0xA0, 0x6C, 0x00, 0x00, 0x00,
  0x00, 0x00, 0x00, 0x00, 0x00, 0x00, 0x00, 0x00, 0xA0, 0x6C, 0x00, 0x00, 0x00, 0x00, 0x00, 0x00, 0x00, 0x00, 0x00, 0x00, 0x00, 0xA0, 0x6C, 0x00,
  0x00, 0x00, 0x00, 0x00, 0x00, 0x00, 0x00, 0x00, 0x00, 0x00, 0xA0, 0x6C, 0x00, 0x00, 0x00, 0x00, 0x00, 0x00, 0x00, 0x00, 0x00, 0x00, 0x00, 0xA0,
  0x6C, 0x00, 0x00, 0x00, 0x00, 0x00, 0x3D, 0xBF, 0xE3, 0xDF, 0xBA, 0x2D, 0xA0, 0x6C, 0x00, 0x00, 0x00, 0x00, 0x3C, 0xE5, 0x42, 0x00, 0x00, 0x3B,
  0xD0, 0xAF, 0x6C, 0x00, 0x00, 0x00, 0x00, 0xCA, 0x4F, 0x00, 0x00, 0x00, 0x00, 0x49, 0xFB, 0x6C, 0x00, 0x00, 0x00, 0x1E, 0xF3, 0x02, 0x00, 0x00,
  0x00, 0x00, 0x01, 0xE7, 0x6C, 0x00, 0x00, 0x00, 0x4C, 0xC0, 0x00, 0x00, 0x00, 0x00, 0x00, 0x00, 0xBA, 0x6C, 0x00, 0x00, 0x00, 0x60, 0xA9, 0x00,
  0x00, 0x00, 0x00, 0x00, 0x00, 0xA7, 0x6C, 0x00, 0x00, 0x00, 0x6F, 0xA2, 0x00, 0x00, 0x00, 0x00, 0x00, 0x00, 0x9E, 0x6C, 0x00, 0x00, 0x00, 0x6C,
  0xA5, 0x00, 0x00, 0x00, 0x00, 0x00, 0x00, 0x9A, 0x6C, 0x00, 0x00, 0x00, 0x63, 0xAC, 0x00, 0x00, 0x00, 0x00, 0x00, 0x00, 0xA3, 0x6C, 0x00, 0x00,
  0x00, 0x4E, 0xC8, 0x00, 0x00, 0x00, 0x00, 0x00, 0x00, 0xB0, 0x6C, 0x00, 0x00, 0x00, 0x1F, 0xF6, 0x04, 0x00, 0x00, 0x00, 0x00, 0x00, 0xD7, 0x6C,
  0x00, 0x00, 0x00, 0x00, 0xCB, 0x53, 0x00, 0x00, 0x00, 0x00, 0x31, 0xF7, 0x6C, 0x00, 0x00, 0x00, 0x00, 0x3C, 0xE5, 0x42, 0x00, 0x00, 0x31, 0xC5,
  0x98, 0x72, 0x00, 0x00, 0x00, 0x00, 0x00, 0x3F, 0xBF, 0xE1, 0xE0, 0xBA, 0x2C, 0x7F, 0x80, 0x00, 0x00, 0x00, 0x00, 0x00, 0x3D, 0xBC, 0xE4, 0xDE,
  0xCE, 0x5D, 0x00, 0x00, 0x00, 0x00, 0x00, 0x3E, 0xE0, 0x48, 0x03, 0x00, 0x2D, 0xD9, 0x6C, 0x00, 0x00, 0x00, 0x00, 0xCD, 0x47, 0x00, 0x00, 0x00,
  0x00, 0x38, 0xEC, 0x06, 0x00, 0x00, 0x20, 0xE6, 0x00, 0x00, 0x00, 0x00, 0x00, 0x00, 0xE9, 0x33, 0x00, 0x00, 0x4E, 0xB7, 0x00, 0x00, 0x00, 0x00,
  0x00, 0x00, 0xC5, 0x4B, 0x00, 0x00, 0x63, 0xA4, 0x00, 0x00, 0x00, 0x00, 0x00, 0x00, 0xBC, 0x59, 0x00, 0x00, 0x6B, 0xFF, 0xFF, 0xFF, 0xFF, 0xFF,
  0xFF, 0xFF, 0xFF, 0x5C, 0x00, 0x00, 0x71, 0xA0, 0x00, 0x00, 0x00, 0x00, 0x00, 0x00, 0x00, 0x00, 0x00, 0x00, 0x68, 0xA5, 0x00, 0x00, 0x00, 0x00,
  0x00, 0x00, 0x00, 0x00, 0x00, 0x00, 0x57, 0xB3, 0x00, 0x00, 0x00, 0x00, 0x00, 0x00, 0x3E, 0x15, 0x00, 0x00, 0x39, 0xE3, 0x00, 0x00, 0x00, 0x00,
  0x00, 0x00, 0xE1, 0x29, 0x00, 0x00, 0x06, 0xEC, 0x34, 0x00, 0x00, 0x00, 0x00, 0x2F, 0xE8, 0x00, 0x00, 0x00, 0x00, 0x69, 0xDA, 0x34, 0x00, 0x00,
  0x2B, 0xD1, 0x65, 0x00, 0x00, 0x00, 0x00, 0x00, 0x5B, 0xCB, 0xE2, 0xE9, 0xD2, 0x59, 0x00, 0x00, 0x00, 0x00, 0x00, 0x00, 0x1E, 0xC3, 0xEA, 0x85,
  0x00, 0x00, 0x00, 0xC6, 0x71, 0x01, 0x00, 0x00, 0x00, 0x14, 0xF6, 0x06, 0x00, 0x00, 0x00, 0x00, 0x2B, 0xE1, 0x00, 0x00, 0x00, 0x00, 0x00, 0x33,
  0xDC, 0x00, 0x00, 0x00, 0x00, 0x00, 0x34, 0xDC, 0x00, 0x00, 0x00, 0x5C, 0xFF, 0xFF, 0xFF, 0xFF, 0xFF, 0x94, 0x00, 0x00, 0x34, 0xDC, 0x00, 0x00,
  0x00, 0x00, 0x00, 0x34, 0xDC, 0x00, 0x00, 0x00, 0x00, 0x00, 0x34, 0xDC, 0x00, 0x00, 0x00, 0x00, 0x00, 0x34, 0xDC, 0x00, 0x00, 0x00, 0x00, 0x00,
  0x34, 0xDC, 0x00, 0x00, 0x00, 0x00, 0x00, 0x34, 0xDC, 0x00, 0x00, 0x00, 0x00, 0x00, 0x34, 0xDC, 0x00, 0x00, 0x00, 0x00, 0x00, 0x34, 0xDC, 0x00,
  0x00, 0x00, 0x00, 0x00, 0x34, 0xDC, 0x00, 0x00, 0x00, 0x00, 0x00, 0x34, 0xDC, 0x00, 0x00, 0x00, 0x00, 0x00, 0x34, 0xDC, 0x00, 0x00, 0x00, 0x00,
  0x00, 0x34, 0xDC, 0x00, 0x00, 0x00, 0x00, 0x00, 0x34, 0xDC, 0x00, 0x00, 0x00, 0x00, 0x00, 0x00, 0x45, 0xC3, 0xE3, 0xDC, 0xA9, 0x1D, 0x7F, 0x78,
  0x00, 0x00, 0x00, 0x00, 0x45, 0xE7, 0x3F, 0x00, 0x00, 0x47, 0xCA, 0x89, 0x6F, 0x00, 0x00, 0x00, 0x00, 0xD1, 0x51, 0x00, 0x00, 0x00, 0x00, 0x5F,
  0xE3, 0x6C, 0x00, 0x00, 0x00, 0x21, 0xF6, 0x04, 0x00, 0x00, 0x00, 0x00, 0x06, 0xF0, 0x6C, 0x00, 0x00, 0x00, 0x4D, 0xC7, 0x00, 0x00, 0x00, 0x00,
  0x00, 0x00, 0xC0, 0x6C, 0x00, 0x00, 0x00, 0x5F, 0xAB, 0x00, 0x00, 0x00, 0x00, 0x00, 0x00, 0xAB, 0x6C, 0x00, 0x00, 0x00, 0x6C, 0xA4, 0x00, 0x00,
  0x00, 0x00, 0x00, 0x00, 0x9C, 0x6C, 0x00, 0x00, 0x00, 0x6F, 0xA3, 0x00, 0x00, 0x00, 0x00, 0x00, 0x00, 0x9D, 0x6C, 0x00, 0x00, 0x00, 0x64, 0xAB,
  0x00, 0x00, 0x00, 0x00, 0x00, 0x00, 0xA3, 0x6C, 0x00, 0x00, 0x00, 0x57, 0xBE, 0x00, 0x00, 0x00, 0x00, 0x00, 0x00, 0xB8, 0x6C, 0x00, 0x00, 0x00,
  0x31, 0xF1, 0x02, 0x00, 0x00, 0x00, 0x00, 0x02, 0xEB, 0x6C, 0x00, 0x00, 0x00, 0x02, 0xE5, 0x48, 0x00, 0x00, 0x00, 0x00, 0x5E, 0xE9, 0x6C, 0x00,
  0x00, 0x00, 0x00, 0x5D, 0xE9, 0x4E, 0x0C, 0x13, 0x62, 0xB9, 0xA5, 0x6C, 0x00, 0x00, 0x00, 0x00, 0x00, 0x58, 0xCD, 0xF5, 0xEA, 0x9C, 0x10, 0xA6,
  0x6C, 0x00, 0x00, 0x00, 0x00, 0x00, 0x00, 0x00, 0x00, 0x00, 0x00, 0x00, 0xAD, 0x67, 0x00, 0x00, 0x00, 0x00, 0xE4, 0x1D, 0x00, 0x00, 0x00, 0x00,
  0x00, 0xBD, 0x53, 0x00, 0x00, 0x00, 0x00, 0xC2, 0x5A, 0x00, 0x00, 0x00, 0x00, 0x10, 0xF3, 0x1E, 0x00, 0x00, 0x00, 0x00, 0x4B, 0xE1, 0x37, 0x00,
  0x00, 0x20, 0xBB, 0xA1, 0x00, 0x00, 0x00, 0x00, 0x00, 0x00, 0x5F, 0xD0, 0xEB, 0xE2, 0xD3, 0x7A, 0x04, 0x00, 0x00, 0x00, 0x00, 0x00, 0xE0, 0x30,
  0x00, 0x00, 0x00, 0x00, 0x00, 0x00, 0x00, 0x00, 0x00, 0x00, 0x00, 0xE0, 0x30, 0x00, 0x00, 0x00, 0x00, 0x00, 0x00, 0x00, 0x00, 0x00, 0x00, 0x00,
  0xE0, 0x30, 0x00, 0x00, 0x00, 0x00, 0x00, 0x00, 0x00, 0x00, 0x00, 0x00, 0x00, 0xE0, 0x30, 0x00, 0x00, 0x00, 0x00, 0x00, 0x00, 0x00, 0x00, 0x00,
  0x00, 0x00, 0xE0, 0x30, 0x00, 0x00, 0x00, 0x00, 0x00, 0x00, 0x00, 0x00, 0x00, 0x00, 0x00, 0xE0, 0x30, 0x00, 0x00, 0x00, 0x00, 0x00, 0x00, 0x00,
  0x00, 0x00, 0x00, 0x00, 0xE0, 0x30, 0x46, 0xBE, 0xDC, 0xE7, 0xB4, 0x27, 0x00, 0x00, 0x00, 0x00, 0x00, 0xE0, 0x80, 0xB5, 0x1F, 0x00, 0x04, 0x71,
  0xE2, 0x06, 0x00, 0x00, 0x00, 0x00, 0xE0, 0xD6, 0x09, 0x00, 0x00, 0x00, 0x00, 0xC2, 0x55, 0x00, 0x00, 0x00, 0x00, 0xE0, 0x79, 0x00, 0x00, 0x00,
  0x00, 0x00, 0x85, 0x88, 0x00, 0x00, 0x00, 0x00, 0xE0, 0x4B, 0x00, 0x00, 0x00, 0x00, 0x00, 0x6D, 0x9F, 0x00, 0x00, 0x00, 0x00, 0xE0, 0x37, 0x00,
  0x00, 0x00, 0x00, 0x00, 0x65, 0xA4, 0x00, 0x00, 0x00, 0x00, 0xE0, 0x30, 0x00, 0x00, 0x00, 0x00, 0x00, 0x64, 0xA4, 0x00, 0x00, 0x00, 0x00, 0xE0,
  0x30, 0x00, 0x00, 0x00, 0x00, 0x00, 0x64, 0xA4, 0x00, 0x00, 0x00, 0x00, 0xE0, 0x30, 0x00, 0x00, 0x00, 0x00, 0x00, 0x64, 0xA4, 0x00, 0x00, 0x00,
  0x00, 0xE0, 0x30, 0x00, 0x00, 0x00, 0x00, 0x00, 0x64, 0xA4, 0x00, 0x00, 0x00, 0x00, 0xE0, 0x30, 0x00, 0x00, 0x00, 0x00, 0x00, 0x64, 0xA4, 0x00,
  0x00, 0x00, 0x00, 0xE0, 0x30, 0x00, 0x00, 0x00, 0x00, 0x00, 0x64, 0xA4, 0x00, 0x00, 0x00, 0x00, 0xE0, 0x30, 0x00, 0x00, 0x00, 0x00, 0x00, 0x64,
  0xA4, 0x00, 0x00, 0x00, 0x00, 0xE0, 0x30, 0x00, 0x00, 0x00, 0x00, 0x00, 0x64, 0xA4, 0x00, 0x00, 0x00, 0x00, 0xF4, 0x48, 0x00, 0x00, 0x00, 0xD5,
  0x3F, 0x00, 0x00, 0x00, 0x00, 0x00, 0x00, 0x00, 0x00, 0x00, 0x00, 0x00, 0x00, 0x00, 0x00, 0x00, 0x00, 0x00, 0x00, 0x00, 0x00, 0x00, 0x00, 0x00,
  0xE0, 0x30, 0x00, 0x00, 0x00, 0xE0, 0x30, 0x00, 0x00, 0x00, 0xE0, 0x30, 0x00, 0x00, 0x00, 0xE0, 0x30, 0x00, 0x00, 0x00, 0xE0, 0x30, 0x00, 0x00,
  0x00, 0xE0, 0x30, 0x00, 0x00, 0x00, 0xE0, 0x30, 0x00, 0x00, 0x00, 0xE0, 0x30, 0x00, 0x00, 0x00, 0xE0, 0x30, 0x00, 0x00, 0x00, 0xE0, 0x30, 0x00,
  0x00, 0x00, 0xE0, 0x30, 0x00, 0x00, 0x00, 0xE0, 0x30, 0x00, 0x00, 0x00, 0xE0, 0x30, 0x00, 0x00, 0x00, 0xE0, 0x30, 0x00, 0x00, 0x00, 0x00, 0xF4,
  0x48, 0x00, 0x00, 0x00, 0x00, 0xD5, 0x3F, 0x00, 0x00, 0x00, 0x00, 0x00, 0x00, 0x00, 0x00, 0x00, 0x00, 0x00, 0x00, 0x00, 0x00, 0x00, 0x00, 0x00,
  0x00, 0x00, 0x00, 0x00, 0x00, 0x00, 0x00, 0x00, 0x00, 0x00, 0x00, 0xE0, 0x30, 0x00, 0x00, 0x00, 0x00, 0xE0, 0x30, 0x00, 0x00, 0x00, 0x00, 0xE0,
  0x30, 0x00, 0x00, 0x00, 0x00, 0xE0, 0x30, 0x00, 0x00, 0x00, 0x00, 0xE0, 0x30, 0x00, 0x00, 0x00, 0x00, 0xE0, 0x30, 0x00, 0x00, 0x00, 0x00, 0xE0,
  0x30, 0x00, 0x00, 0x00, 0x00, 0xE0, 0x30, 0x00, 0x00, 0x00, 0x00, 0xE0, 0x30, 0x00, 0x00, 0x00, 0x00, 0xE0, 0x30, 0x00, 0x00, 0x00, 0x00, 0xE0,
  0x30, 0x00, 0x00, 0x00, 0x00, 0xE0, 0x30, 0x00, 0x00, 0x00, 0x00, 0xE0, 0x30, 0x00, 0x00, 0x00, 0x00, 0xE0, 0x30, 0x00, 0x00, 0x00, 0x00, 0xE0,
  0x30, 0x00, 0x00, 0x00, 0x00, 0xE0, 0x2E, 0x00, 0x00, 0x00, 0x00, 0xEC, 0x1E, 0x00, 0x00, 0x00, 0x47, 0xE7, 0x03, 0x00, 0x31, 0xE2, 0xDB, 0x50,
  0x00, 0x00, 0x00, 0x00, 0xE0, 0x30, 0x00, 0x00, 0x00, 0x00, 0x00, 0x00, 0x00, 0x00, 0x00, 0xE0, 0x30, 0x00, 0x00, 0x00, 0x00, 0x00, 0x00, 0x00,
  0x00, 0x00, 0xE0, 0x30, 0x00, 0x00, 0x00, 0x00, 0x00, 0x00, 0x00, 0x00, 0x00, 0xE0, 0x30, 0x00, 0x00, 0x00, 0x00, 0x00, 0x00, 0x00, 0x00, 0x00,
  0xE0, 0x30, 0x00, 0x00, 0x00, 0x00, 0x00, 0x00, 0x00, 0x00, 0x00, 0xE0, 0x30, 0x00, 0x00, 0x00, 0x00, 0x00, 0x00, 0x00, 0x00, 0x00, 0xE0, 0x30,
  0x00, 0x00, 0x00, 0x10, 0xD6, 0x69, 0x00, 0x00, 0x00, 0xE0, 0x30, 0x00, 0x00, 0x04, 0xBB, 0x97, 0x00, 0x00, 0x00, 0x00, 0xE0, 0x30, 0x00, 0x00,
  0x96, 0xB8, 0x04, 0x00, 0x00, 0x00, 0x00, 0xE0, 0x30, 0x00, 0x6E, 0xD2, 0x0E, 0x00, 0x00, 0x00, 0x00, 0x00, 0xE0, 0x30, 0x49, 0xE3, 0x1D, 0x00,
  0x00, 0x00, 0x00, 0x00, 0x00, 0xE0, 0x5B, 0xE6, 0x33, 0x00, 0x00, 0x00, 0x00, 0x00, 0x00, 0x00, 0xE0, 0xA9, 0xBF, 0x00, 0x00, 0x00, 0x00, 0x00,
  0x00, 0x00, 0x00, 0xE0, 0x33, 0xC2, 0x72, 0x00, 0x00, 0x00, 0x00, 0x00, 0x00, 0x00, 0xE0, 0x30, 0x1C, 0xE7, 0x36, 0x00, 0x00, 0x00, 0x00, 0x00,
  0x00, 0xE0, 0x30, 0x00, 0x4E, 0xDE, 0x10, 0x00, 0x00, 0x00, 0x00, 0x00, 0xE0, 0x30, 0x00, 0x00, 0x90, 0xAE, 0x00, 0x00, 0x00, 0x00, 0x00, 0xE0,
  0x30, 0x00, 0x00, 0x06, 0xCD, 0x6E, 0x00, 0x00, 0x00, 0x00, 0xE0, 0x30, 0x00, 0x00, 0x00, 0x24, 0xEC, 0x34, 0x00, 0x00, 0x00, 0xE0, 0x30, 0x00,
  0x00, 0x00, 0x00, 0x5A, 0xDD, 0x0E, 0x00, 0x00, 0xE0, 0x30, 0x00, 0x00, 0x00, 0xE0, 0x30, 0x00, 0x00, 0x00, 0xE0, 0x30, 0x00, 0x00, 0x00, 0xE0,
  0x30, 0x00, 0x00, 0x00, 0xE0, 0x30, 0x00, 0x00, 0x00, 0xE0, 0x30, 0x00, 0x00, 0x00, 0xE0, 0x30, 0x00, 0x00, 0x00, 0xE0, 0x30, 0x00, 0x00, 0x00,
  0xE0, 0x30, 0x00, 0x00, 0x00, 0xE0, 0x30, 0x00, 0x00, 0x00, 0xE0, 0x30, 0x00, 0x00, 0x00, 0xE0, 0x30, 0x00, 0x00, 0x00, 0xE0, 0x30, 0x00, 0x00,
  0x00, 0xE0, 0x30, 0x00, 0x00, 0x00, 0xE0, 0x30, 0x00, 0x00, 0x00, 0xE0, 0x30, 0x00, 0x00, 0x00, 0xE0, 0x30, 0x00, 0x00, 0x00, 0xE0, 0x30, 0x00,
  0x00, 0x00, 0xE0, 0x30, 0x00, 0x00, 0x00, 0xE0, 0x30, 0x00, 0x00, 0x00, 0xF6, 0x0D, 0x5E, 0xCC, 0xDE, 0xD6, 0x58, 0x00, 0x14, 0xA3, 0xD8, 0xE7,
  0xBA, 0x27, 0x00, 0x00, 0x00, 0x00, 0x00, 0xE8, 0x6A, 0x8C, 0x08, 0x00, 0x30, 0xE7, 0x38, 0xBB, 0x48, 0x00, 0x03, 0x77, 0xDC, 0x05, 0x00, 0x00,
  0x00, 0x00, 0xE2, 0xB2, 0x01, 0x00, 0x00, 0x00, 0x80, 0xD9, 0x6F, 0x00, 0x00, 0x00, 0x00, 0xDE, 0x43, 0x00, 0x00, 0x00, 0x00, 0xE0, 0x72, 0x00,
  0x00, 0x00, 0x00, 0x4D, 0xFE, 0x17, 0x00, 0x00, 0x00, 0x00, 0xA8, 0x62, 0x00, 0x00, 0x00, 0x00, 0xE0, 0x3F, 0x00, 0x00, 0x00, 0x00, 0x3F, 0xE9,
  0x00, 0x00, 0x00, 0x00, 0x00, 0x97, 0x73, 0x00, 0x00, 0x00, 0x00, 0xE0, 0x2C, 0x00, 0x00, 0x00, 0x00, 0x3C, 0xD7, 0x00, 0x00, 0x00, 0x00, 0x00,
  0x94, 0x78, 0x00, 0x00, 0x00, 0x00, 0xE0, 0x28, 0x00, 0x00, 0x00, 0x00, 0x3C, 0xD4, 0x00, 0x00, 0x00, 0x00, 0x00, 0x94, 0x78, 0x00, 0x00, 0x00,
  0x00, 0xE0, 0x28, 0x00, 0x00, 0x00, 0x00, 0x3C, 0xD4, 0x00, 0x00, 0x00, 0x00, 0x00, 0x94, 0x78, 0x00, 0x00, 0x00, 0x00, 0xE0, 0x28, 0x00, 0x00,
  0x00, 0x00, 0x3C, 0xD4, 0x00, 0x00, 0x00, 0x00, 0x00, 0x94, 0x78, 0x00, 0x00, 0x00, 0x00, 0xE0, 0x28, 0x00, 0x00, 0x00, 0x00, 0x3C, 0xD4, 0x00,
  0x00, 0x00, 0x00, 0x00, 0x94, 0x78, 0x00, 0x00, 0x00, 0x00, 0xE0, 0x28, 0x00, 0x00, 0x00, 0x00, 0x3C, 0xD4, 0x00, 0x00, 0x00, 0x00, 0x00, 0x94,
  0x78, 0x00, 0x00, 0x00, 0x00, 0xE0, 0x28, 0x00, 0x00, 0x00, 0x00, 0x3C, 0xD4, 0x00, 0x00, 0x00, 0x00, 0x00, 0x94, 0x78, 0x00, 0x00, 0x00, 0x00,
  0xE0, 0x28, 0x00, 0x00, 0x00, 0x00, 0x3C, 0xD4, 0x00, 0x00, 0x00, 0x00, 0x00, 0x94, 0x78, 0x00, 0x00, 0x00, 0x00, 0xE0, 0x28, 0x00, 0x00, 0x00,
  0x00, 0x3C, 0xD4, 0x00, 0x00, 0x00, 0x00, 0x00, 0x94, 0x78, 0x00, 0x00, 0x00, 0x00, 0xF6, 0x0E, 0x40, 0xBD, 0xDC, 0xE6, 0xB1, 0x24, 0x00, 0x00,
  0x00, 0x00, 0x00, 0xE8, 0x5A, 0xAF, 0x1E, 0x00, 0x04, 0x72, 0xE1, 0x0B, 0x00, 0x00, 0x00, 0x00, 0xE2, 0xC4, 0x08, 0x00, 0x00, 0x00, 0x00, 0xC6,
  0x5F, 0x00, 0x00, 0x00, 0x00, 0xE0, 0x82, 0x00, 0x00, 0x00, 0x00, 0x00, 0x8C, 0x88, 0x00, 0x00, 0x00, 0x00, 0xE0, 0x46, 0x00, 0x00, 0x00, 0x00,
  0x00, 0x75, 0x9F, 0x00, 0x00, 0x00, 0x00, 0xE0, 0x30, 0x00, 0x00, 0x00, 0x00, 0x00, 0x6D, 0xA4, 0x00, 0x00, 0x00, 0x00, 0xE0, 0x28, 0x00, 0x00,
  0x00, 0x00, 0x00, 0x6C, 0xA4, 0x00, 0x00, 0x00, 0x00, 0xE0, 0x28, 0x00, 0x00, 0x00, 0x00, 0x00, 0x6C, 0xA4, 0x00, 0x00, 0x00, 0x00, 0xE0, 0x28,
  0x00, 0x00, 0x00, 0x00, 0x00, 0x6C, 0xA4, 0x00, 0x00, 0x00, 0x00, 0xE0, 0x28, 0x00, 0x00, 0x00, 0x00, 0x00, 0x6C, 0xA4, 0x00, 0x00, 0x00, 0x00,
  0xE0, 0x28, 0x00, 0x00, 0x00, 0x00, 0x00, 0x6C, 0xA4, 0x00, 0x00, 0x00, 0x00, 0xE0, 0x28, 0x00, 0x00, 0x00, 0x00, 0x00, 0x6C, 0xA4, 0x00, 0x00,
  0x00, 0x00, 0xE0, 0x28, 0x00, 0x00, 0x00, 0x00, 0x00, 0x6C, 0xA4, 0x00, 0x00, 0x00, 0x00, 0xE0, 0x28, 0x00, 0x00, 0x00, 0x00, 0x00, 0x6C, 0xA4,
  0x00, 0x00, 0x00, 0x00, 0x00, 0x4A, 0xC3, 0xE7, 0xE6, 0xD3, 0x6D, 0x00, 0x00, 0x00, 0x00, 0x00, 0x4F, 0xEB, 0x45, 0x00, 0x00, 0x2F, 0xDB, 0x77,
  0x00, 0x00, 0x00, 0x00, 0xDB, 0x51, 0x00, 0x00, 0x00, 0x00, 0x37, 0xF0, 0x04, 0x00, 0x00, 0x29, 0xF3, 0x01, 0x00, 0x00, 0x00, 0x00, 0x00, 0xDD,
  0x34, 0x00, 0x00, 0x55, 0xC4, 0x00, 0x00, 0x00, 0x00, 0x00, 0x00, 0xB3, 0x55, 0x00, 0x00, 0x69, 0xA8, 0x00, 0x00, 0x00, 0x00, 0x00, 0x00, 0xA6,
  0x67, 0x00, 0x00, 0x71, 0xA2, 0x00, 0x00, 0x00, 0x00, 0x00, 0x00, 0xA1, 0x6D, 0x00, 0x00, 0x72, 0xA0, 0x00, 0x00, 0x00, 0x00, 0x00, 0x00, 0xA0,
  0x6C, 0x00, 0x00, 0x6D, 0xA3, 0x00, 0x00, 0x00, 0x00, 0x00, 0x00, 0xA5, 0x65, 0x00, 0x00, 0x59, 0xAF, 0x00, 0x00, 0x00, 0x00, 0x00, 0x00, 0xB5,
  0x50, 0x00, 0x00, 0x34, 0xDC, 0x00, 0x00, 0x00, 0x00, 0x00, 0x01, 0xE5, 0x2C, 0x00, 0x00, 0x02, 0xEA, 0x2C, 0x00, 0x00, 0x00, 0x00, 0x3D, 0xDE,
  0x00, 0x00, 0x00, 0x00, 0x69, 0xD6, 0x2E, 0x00, 0x00, 0x34, 0xDD, 0x4D, 0x00, 0x00, 0x00, 0x00, 0x00, 0x57, 0xD2, 0xE5, 0xE4, 0xC6, 0x43, 0x00,
  0x00, 0x00, 0x00, 0x00, 0xF4, 0x0A, 0x59, 0xD2, 0xE0, 0xE3, 0xA1, 0x14, 0x00, 0x00, 0x00, 0x00, 0x00, 0xE5, 0x7D, 0xAA, 0x12, 0x00, 0x0B, 0x8A,
  0xD1, 0x06, 0x00, 0x00, 0x00, 0x00, 0xE0, 0xC4, 0x03, 0x00, 0x00, 0x00, 0x00, 0xC1, 0x5E, 0x00, 0x00, 0x00, 0x00, 0xE0, 0x6D, 0x00, 0x00, 0x00,
  0x00, 0x00, 0x63, 0xAB, 0x00, 0x00, 0x00, 0x00, 0xE0, 0x41, 0x00, 0x00, 0x00, 0x00, 0x00, 0x36, 0xD7, 0x00, 0x00, 0x00, 0x00, 0xE0, 0x33, 0x00,
  0x00, 0x00, 0x00, 0x00, 0x22, 0xEB, 0x00, 0x00, 0x00, 0x00, 0xE0, 0x28, 0x00, 0x00, 0x00, 0x00, 0x00, 0x1A, 0xF4, 0x00, 0x00, 0x00, 0x00, 0xE0,
  0x27, 0x00, 0x00, 0x00, 0x00, 0x00, 0x19, 0xF0, 0x00, 0x00, 0x00, 0x00, 0xE0, 0x31, 0x00, 0x00, 0x00, 0x00, 0x00, 0x21, 0xDE, 0x00, 0x00, 0x00,
  0x00, 0xE0, 0x49, 0x00, 0x00, 0x00, 0x00, 0x00, 0x35, 0xCC, 0x00, 0x00, 0x00, 0x00, 0xE0, 0x7C, 0x00, 0x00, 0x00, 0x00, 0x00, 0x62, 0xAC, 0x00,
  0x00, 0x00, 0x00, 0xE0, 0xCD, 0x07, 0x00, 0x00, 0x00, 0x00, 0xBE, 0x65, 0x00, 0x00, 0x00, 0x00, 0xE0, 0x72, 0xB0, 0x17, 0x00, 0x08, 0x92, 0xD6,
  0x06, 0x00, 0x00, 0x00, 0x00, 0xE0, 0x28, 0x4D, 0xCB, 0xDE, 0xE3, 0xA4, 0x1A, 0x00, 0x00, 0x00, 0x00, 0x00, 0xE0, 0x28, 0x00, 0x00, 0x00, 0x00,
  0x00, 0x00, 0x00, 0x00, 0x00, 0x00, 0x00, 0xE0, 0x28, 0x00, 0x00, 0x00, 0x00, 0x00, 0x00, 0x00, 0x00, 0x00, 0x00, 0x00, 0xE0, 0x28, 0x00, 0x00,
  0x00, 0x00, 0x00, 0x00, 0x00, 0x00, 0x00, 0x00, 0x00, 0xE0, 0x28, 0x00, 0x00, 0x00, 0x00, 0x00, 0x00, 0x00, 0x00, 0x00, 0x00, 0x00, 0xE0, 0x28,
  0x00, 0x00, 0x00, 0x00, 0x00, 0x00, 0x00, 0x00, 0x00, 0x00, 0x00, 0x00, 0x44, 0xC3, 0xE1, 0xE2, 0xB4, 0x20, 0x7C, 0x80, 0x00, 0x00, 0x00, 0x00,
  0x3F, 0xF1, 0x4B, 0x00, 0x00, 0x36, 0xC7, 0x93, 0x74, 0x00, 0x00, 0x00, 0x00, 0xCB, 0x5A, 0x00, 0x00, 0x00, 0x00, 0x3D, 0xF5, 0x6D, 0x00, 0x00,
  0x00, 0x20, 0xEE, 0x04, 0x00, 0x00, 0x00, 0x00, 0x00, 0xDF, 0x6C, 0x00, 0x00, 0x00, 0x4E, 0xC1, 0x00, 0x00, 0x00, 0x00, 0x00, 0x00, 0xB4, 0x6C,
  0x00, 0x00, 0x00, 0x5E, 0xAA, 0x00, 0x00, 0x00, 0x00, 0x00, 0x00, 0xA2, 0x6C, 0x00, 0x00, 0x00, 0x6C, 0xA1, 0x00, 0x00, 0x00, 0x00, 0x00, 0x00,
  0x9A, 0x6C, 0x00, 0x00, 0x00, 0x6C, 0xA4, 0x00, 0x00, 0x00, 0x00, 0x00, 0x00, 0x9C, 0x6C, 0x00, 0x00, 0x00, 0x5B, 0xAF, 0x00, 0x00, 0x00, 0x00,
  0x00, 0x00, 0xA5, 0x6C, 0x00, 0x00, 0x00, 0x49, 0xBE, 0x00, 0x00, 0x00, 0x00, 0x00, 0x00, 0xBD, 0x6C, 0x00, 0x00, 0x00, 0x25, 0xEA, 0x01, 0x00,
  0x00, 0x00, 0x00, 0x02, 0xF0, 0x6C, 0x00, 0x00, 0x00, 0x00, 0xD9, 0x4F, 0x00, 0x00, 0x00, 0x00, 0x5B, 0xF0, 0x6C, 0x00, 0x00, 0x00, 0x00, 0x4D,
  0xED, 0x3B, 0x00, 0x01, 0x51, 0xBA, 0xA3, 0x6C, 0x00, 0x00, 0x00, 0x00, 0x00, 0x53, 0xCD, 0xE2, 0xDC, 0xA0, 0x11, 0xA0, 0x6C, 0x00, 0x00, 0x00,
  0x00, 0x00, 0x00, 0x00, 0x00, 0x00, 0x00, 0x00, 0xA0, 0x6C, 0x00, 0x00, 0x00, 0x00, 0x00, 0x00, 0x00, 0x00, 0x00, 0x00, 0x00, 0xA0, 0x6C, 0x00,
  0x00, 0x00, 0x00, 0x00, 0x00, 0x00, 0x00, 0x00, 0x00, 0x00, 0xA0, 0x6C, 0x00, 0x00, 0x00, 0x00, 0x00, 0x00, 0x00, 0x00, 0x00, 0x00, 0x00, 0xA0,
  0x6C, 0x00, 0x00, 0x00, 0x00, 0x00, 0x00, 0x00, 0x00, 0x00, 0x00, 0x00, 0xA0, 0x6C, 0x00, 0x00, 0x00, 0x00, 0xF3, 0x0D, 0x3F, 0xC5, 0xE7, 0x00,
  0x00, 0xE3, 0x54, 0xCF, 0x38, 0x05, 0x00, 0x00, 0xE0, 0xCD, 0x0F, 0x00, 0x00, 0x00, 0x00, 0xE0, 0x72, 0x00, 0x00, 0x00, 0x00, 0x00, 0xE0, 0x3D,
  0x00, 0x00, 0x00, 0x00, 0x00, 0xE0, 0x28, 0x00, 0x00, 0x00, 0x00, 0x00, 0xE0, 0x28, 0x00, 0x00, 0x00, 0x00, 0x00, 0xE0, 0x28, 0x00, 0x00, 0x00,
  0x00, 0x00, 0xE0, 0x28, 0x00, 0x00, 0x00, 0x00, 0x00, 0xE0, 0x28, 0x00, 0x00, 0x00, 0x00, 0x00, 0xE0, 0x28, 0x00, 0x00, 0x00, 0x00, 0x00, 0xE0,
  0x28, 0x00, 0x00, 0x00, 0x00, 0x00, 0xE0, 0x28, 0x00, 0x00, 0x00, 0x00, 0x00, 0xE0, 0x28, 0x00, 0x00, 0x00, 0x00, 0x00, 0x19, 0x9F, 0xDC, 0xE1,
  0xC9, 0x49, 0x00, 0x00, 0x00, 0x05, 0xCE, 0x79, 0x03, 0x00, 0x3C, 0xEE, 0x2F, 0x00, 0x00, 0x37, 0xD5, 0x00, 0x00, 0x00, 0x00, 0x8B, 0x8B, 0x00,
  0x00, 0x4A, 0xBC, 0x00, 0x00, 0x00, 0x00, 0x51, 0xAC, 0x00, 0x00, 0x1A, 0xEC, 0x1A, 0x00, 0x00, 0x00, 0x00, 0x00, 0x00, 0x00, 0x00, 0x70, 0xD9,
  0x35, 0x00, 0x00, 0x00, 0x00, 0x00, 0x00, 0x00, 0x00, 0x46, 0xD3, 0x9F, 0x1A, 0x00, 0x00, 0x00, 0x00, 0x00, 0x00, 0x00, 0x02, 0x60, 0xDC, 0x5F,
  0x00, 0x00, 0x00, 0x00, 0x00, 0x00, 0x00, 0x00, 0x18, 0xDB, 0x4E, 0x00, 0x00, 0x46, 0x1D, 0x00, 0x00, 0x00, 0x00, 0x61, 0xB4, 0x00, 0x00, 0xB4,
  0x5D, 0x00, 0x00, 0x00, 0x00, 0x42, 0xD1, 0x00, 0x00, 0x82, 0x9A, 0x00, 0x00, 0x00, 0x00, 0x6F, 0xB0, 0x00, 0x00, 0x1C, 0xEB, 0x4D, 0x00, 0x00,
  0x40, 0xEA, 0x45, 0x00, 0x00, 0x00, 0x30, 0xBC, 0xE8, 0xE1, 0xC2, 0x44, 0x00, 0x00, 0x00, 0x00, 0x0F, 0xB9, 0x00, 0x00, 0x00, 0x00, 0x00, 0x1C,
  0xEC, 0x00, 0x00, 0x00, 0x00, 0x00, 0x1C, 0xEC, 0x00, 0x00, 0x00, 0x68, 0xFF, 0xFF, 0xFF, 0xFF, 0xFF, 0xC0, 0x00, 0x00, 0x1C, 0xEC, 0x00, 0x00,
  0x00, 0x00, 0x00, 0x1C, 0xEC, 0x00, 0x00, 0x00, 0x00, 0x00, 0x1C, 0xEC, 0x00, 0x00, 0x00, 0x00, 0x00, 0x1C, 0xEC, 0x00, 0x00, 0x00, 0x00, 0x00,
  0x1C, 0xEC, 0x00, 0x00, 0x00, 0x00, 0x00, 0x1C, 0xEC, 0x00, 0x00, 0x00, 0x00, 0x00, 0x1C, 0xEC, 0x00, 0x00, 0x00, 0x00, 0x00, 0x1C, 0xEC, 0x00,
  0x00, 0x00, 0x00, 0x00, 0x1C, 0xEC, 0x00, 0x00, 0x00, 0x00, 0x00, 0x1C, 0xEC, 0x00, 0x00, 0x00, 0x00, 0x00, 0x15, 0xF6, 0x00, 0x00, 0x00, 0x00,
  0x00, 0x03, 0xEC, 0x3E, 0x00, 0x00, 0x00, 0x00, 0x00, 0x52, 0xE0, 0xE5, 0xA8, 0x00, 0x00, 0xE8, 0x28, 0x00, 0x00, 0x00, 0x00, 0x00, 0x6C, 0x9C,
  0x00, 0x00, 0x00, 0x00, 0xE8, 0x28, 0x00, 0x00, 0x00, 0x00, 0x00, 0x6C, 0x9C, 0x00, 0x00, 0x00, 0x00, 0xE8, 0x28, 0x00, 0x00, 0x00, 0x00, 0x00,
  0x6C, 0x9C, 0x00, 0x00, 0x00, 0x00, 0xE8, 0x28, 0x00, 0x00, 0x00, 0x00, 0x00, 0x6C, 0x9C, 0x00, 0x00, 0x00, 0x00, 0xE8, 0x28, 0x00, 0x00, 0x00,
  0x00, 0x00, 0x6C, 0x9C, 0x00, 0x00, 0x00, 0x00, 0xE8, 0x28, 0x00, 0x00, 0x00, 0x00, 0x00, 0x6C, 0x9C, 0x00, 0x00, 0x00, 0x00, 0xE8, 0x28, 0x00,
  0x00, 0x00, 0x00, 0x00, 0x6C, 0x9C, 0x00, 0x00, 0x00, 0x00, 0xE8, 0x28, 0x00, 0x00, 0x00, 0x00, 0x00, 0x6C, 0x9C, 0x00, 0x00, 0x00, 0x00, 0xE8,
  0x28, 0x00, 0x00, 0x00, 0x00, 0x00, 0x73, 0x9C, 0x00, 0x00, 0x00, 0x00, 0xE2, 0x2E, 0x00, 0x00, 0x00, 0x00, 0x00, 0x87, 0x9C, 0x00, 0x00, 0x00,
  0x00, 0xCC, 0x44, 0x00, 0x00, 0x00, 0x00, 0x00, 0xB4, 0x9C, 0x00, 0x00, 0x00, 0x00, 0x98, 0x84, 0x00, 0x00, 0x00, 0x00, 0x24, 0xE1, 0x9D, 0x00,
  0x00, 0x00, 0x00, 0x2F, 0xED, 0x43, 0x00, 0x00, 0x34, 0xBC, 0x70, 0xA4, 0x00, 0x00, 0x00, 0x00, 0x00, 0x48, 0xCB, 0xE5, 0xD8, 0xA1, 0x1D, 0x53,
  0xB1, 0x00, 0x00, 0x37, 0xEC, 0x02, 0x00, 0x00, 0x00, 0x00, 0x00, 0x3C, 0xCB, 0x00, 0x02, 0xEA, 0x37, 0x00, 0x00, 0x00, 0x00, 0x00, 0x82, 0x82,
  0x00, 0x00, 0xA3, 0x7F, 0x00, 0x00, 0x00, 0x00, 0x00, 0xC9, 0x3A, 0x00, 0x00, 0x58, 0xC6, 0x00, 0x00, 0x00, 0x00, 0x12, 0xEB, 0x03, 0x00, 0x00,
  0x11, 0xF9, 0x11, 0x00, 0x00, 0x00, 0x56, 0xA9, 0x00, 0x00, 0x00, 0x00, 0xC4, 0x56, 0x00, 0x00, 0x00, 0x9D, 0x60, 0x00, 0x00, 0x00, 0x00, 0x7A,
  0x9D, 0x00, 0x00, 0x00, 0xE2, 0x19, 0x00, 0x00, 0x00, 0x00, 0x2F, 0xE4, 0x00, 0x00, 0x2B, 0xCF, 0x00, 0x00, 0x00, 0x00, 0x00, 0x00, 0xE4, 0x2D,
  0x00, 0x71, 0x86, 0x00, 0x00, 0x00, 0x00, 0x00, 0x00, 0x9B, 0x74, 0x00, 0xB8, 0x3E, 0x00, 0x00, 0x00, 0x00, 0x00, 0x00, 0x50, 0xBC, 0x08, 0xE7,
  0x04, 0x00, 0x00, 0x00, 0x00, 0x00, 0x00, 0x0C, 0xF2, 0x51, 0xAD, 0x00, 0x00, 0x00, 0x00, 0x00, 0x00, 0x00, 0x00, 0xBC, 0xD4, 0x64, 0x00, 0x00,
  0x00, 0x00, 0x00, 0x00, 0x00, 0x00, 0x71, 0xFF, 0x1C, 0x00, 0x00, 0x00, 0x00, 0x31, 0xEE, 0x02, 0x00, 0x00, 0x00, 0x00, 0x00, 0xDB, 0xA4, 0x00,
  0x00, 0x00, 0x00, 0x00, 0x02, 0xEE, 0x1C, 0x01, 0xE8, 0x35, 0x00, 0x00, 0x00, 0x00, 0x18, 0xF4, 0xE6, 0x00, 0x00, 0x00, 0x00, 0x00, 0x35, 0xD6,
  0x00, 0x00, 0xA4, 0x79, 0x00, 0x00, 0x00, 0x00, 0x55, 0x9E, 0xE8, 0x29, 0x00, 0x00, 0x00, 0x00, 0x78, 0x90, 0x00, 0x00, 0x5D, 0xBC, 0x00, 0x00,
  0x00, 0x00, 0x92, 0x5E, 0xA6, 0x6B, 0x00, 0x00, 0x00, 0x00, 0xBB, 0x49, 0x00, 0x00, 0x17, 0xF6, 0x08, 0x00, 0x00, 0x00, 0xCF, 0x20, 0x63, 0xAD,
  0x00, 0x00, 0x00, 0x07, 0xEF, 0x0A, 0x00, 0x00, 0x00, 0xD0, 0x44, 0x00, 0x00, 0x0F, 0xDE, 0x00, 0x1F, 0xED, 0x02, 0x00, 0x00, 0x41, 0xBD, 0x00,
  0x00, 0x00, 0x00, 0x8A, 0x88, 0x00, 0x00, 0x4A, 0xA2, 0x00, 0x00, 0xDB, 0x31, 0x00, 0x00, 0x84, 0x76, 0x00, 0x00, 0x00, 0x00, 0x43, 0xCB, 0x00,
  0x00, 0x87, 0x63, 0x00, 0x00, 0x98, 0x73, 0x00, 0x00, 0xC7, 0x30, 0x00, 0x00, 0x00, 0x00, 0x07, 0xF2, 0x11, 0x00, 0xC4, 0x24, 0x00, 0x00, 0x54,
  0xB5, 0x00, 0x0E, 0xE4, 0x01, 0x00, 0x00, 0x00, 0x00, 0x00, 0xB6, 0x53, 0x08, 0xDF, 0x00, 0x00, 0x00, 0x12, 0xF0, 0x04, 0x4D, 0xA4, 0x00, 0x00,
  0x00, 0x00, 0x00, 0x00, 0x6F, 0x97, 0x3F, 0xA7, 0x00, 0x00, 0x00, 0x00, 0xCD, 0x3A, 0x90, 0x5D, 0x00, 0x00, 0x00, 0x00, 0x00, 0x00, 0x29, 0xDA,
  0x7C, 0x68, 0x00, 0x00, 0x00, 0x00, 0x89, 0x7C, 0xD2, 0x18, 0x00, 0x00, 0x00, 0x00, 0x00, 0x00, 0x00, 0xE1, 0xD5, 0x29, 0x00, 0x00, 0x00, 0x00,
  0x46, 0xD3, 0xD0, 0x00, 0x00, 0x00, 0x00, 0x00, 0x00, 0x00, 0x00, 0x9B, 0xEA, 0x00, 0x00, 0x00, 0x00, 0x00, 0x09, 0xF8, 0x8B, 0x00, 0x00, 0x00,
  0x00, 0x00, 0xA6, 0x93, 0x00, 0x00, 0x00, 0x00, 0x1D, 0xF0, 0x1D, 0x00, 0x24, 0xF3, 0x1C, 0x00, 0x00, 0x00, 0x9B, 0x88, 0x00, 0x00, 0x00, 0x9A,
  0x95, 0x00, 0x00, 0x24, 0xE7, 0x0F, 0x00, 0x00, 0x00, 0x1C, 0xF1, 0x1C, 0x00, 0xA5, 0x6E, 0x00, 0x00, 0x00, 0x00, 0x00, 0x8F, 0x96, 0x2C, 0xD9,
  0x05, 0x00, 0x00, 0x00, 0x00, 0x00, 0x16, 0xED, 0xC2, 0x54, 0x00, 0x00, 0x00, 0x00, 0x00, 0x00, 0x00, 0xA6, 0xE5, 0x00, 0x00, 0x00, 0x00, 0x00,
  0x00, 0x00, 0x18, 0xE1, 0xD9, 0x46, 0x00, 0x00, 0x00, 0x00, 0x00, 0x00, 0x96, 0x77, 0x59, 0xCB, 0x00, 0x00, 0x00, 0x00, 0x00, 0x24, 0xE5, 0x0B,
  0x02, 0xD5, 0x52, 0x00, 0x00, 0x00, 0x00, 0xA8, 0x74, 0x00, 0x00, 0x57, 0xD6, 0x02, 0x00, 0x00, 0x32, 0xE7, 0x0A, 0x00, 0x00, 0x02, 0xD4, 0x5F,
  0x00, 0x00, 0xBA, 0x71, 0x00, 0x00, 0x00, 0x00, 0x55, 0xDF, 0x06, 0x43, 0xE7, 0x09, 0x00, 0x00, 0x00, 0x00, 0x01, 0xD2, 0x6C, 0x35, 0xED, 0x03,
  0x00, 0x00, 0x00, 0x00, 0x00, 0x3D, 0xD2, 0x00, 0x01, 0xE5, 0x3D, 0x00, 0x00, 0x00, 0x00, 0x00, 0x85, 0x87, 0x00, 0x00, 0x98, 0x89, 0x00, 0x00,
  0x00, 0x00, 0x00, 0xCD, 0x3C, 0x00, 0x00, 0x4A, 0xD4, 0x00, 0x00, 0x00, 0x00, 0x16, 0xED, 0x03, 0x00, 0x00, 0x07, 0xF3, 0x20, 0x00, 0x00, 0x00,
  0x5D, 0xA7, 0x00, 0x00, 0x00, 0x00, 0xAD, 0x6C, 0x00, 0x00, 0x00, 0xA5, 0x5C, 0x00, 0x00, 0x00, 0x00, 0x5E, 0xB7, 0x00, 0x00, 0x01, 0xE8, 0x14,
  0x00, 0x00, 0x00, 0x00, 0x13, 0xF4, 0x0B, 0x00, 0x35, 0xC7, 0x00, 0x00, 0x00, 0x00, 0x00, 0x00, 0xC1, 0x4F, 0x00, 0x7D, 0x7C, 0x00, 0x00, 0x00,
  0x00, 0x00, 0x00, 0x73, 0x9A, 0x00, 0xC6, 0x31, 0x00, 0x00, 0x00, 0x00, 0x00, 0x00, 0x24, 0xE5, 0x12, 0xE2, 0x01, 0x00, 0x00, 0x00, 0x00, 0x00,
  0x00, 0x00, 0xD6, 0x88, 0x9C, 0x00, 0x00, 0x00, 0x00, 0x00, 0x00, 0x00, 0x00, 0x87, 0xF8, 0x51, 0x00, 0x00, 0x00, 0x00, 0x00, 0x00, 0x00, 0x00,
  0x3B, 0xF9, 0x0D, 0x00, 0x00, 0x00, 0x00, 0x00, 0x00, 0x00, 0x00, 0x54, 0xBB, 0x00, 0x00, 0x00, 0x00, 0x00, 0x00, 0x00, 0x00, 0x00, 0x9E, 0x71,
  0x00, 0x00, 0x00, 0x00, 0x00, 0x00, 0x00, 0x00, 0x01, 0xE7, 0x26, 0x00, 0x00, 0x00, 0x00, 0x00, 0x00, 0x00, 0x00, 0x34, 0xDB, 0x00, 0x00, 0x00,
  0x00, 0x00, 0x00, 0x00, 0x00, 0x00, 0x7F, 0x91, 0x00, 0x00, 0x00, 0x00, 0x00, 0x00, 0x00, 0xCC, 0xFF, 0xFF, 0xFF, 0xFF, 0xFF, 0xC7, 0x00, 0x00,
  0x00, 0x00, 0x00, 0x00, 0x00, 0x8F, 0x82, 0x00, 0x00, 0x00, 0x00, 0x00, 0x00, 0x15, 0xE8, 0x12, 0x00, 0x00, 0x00, 0x00, 0x00, 0x00, 0x87, 0x8A,
  0x00, 0x00, 0x00, 0x00, 0x00, 0x00, 0x10, 0xE8, 0x17, 0x00, 0x00, 0x00, 0x00, 0x00, 0x00, 0x7F, 0x92, 0x00, 0x00, 0x00, 0x00, 0x00, 0x00, 0x0C,
  0xE7, 0x1C, 0x00, 0x00, 0x00, 0x00, 0x00, 0x00, 0x77, 0x9A, 0x00, 0x00, 0x00, 0x00, 0x00, 0x00, 0x09, 0xE4, 0x22, 0x00, 0x00, 0x00, 0x00, 0x00,
  0x00, 0x6F, 0xA2, 0x00, 0x00, 0x00, 0x00, 0x00, 0x00, 0x06, 0xE1, 0x28, 0x00, 0x00, 0x00, 0x00, 0x00, 0x00, 0x67, 0xAA, 0x00, 0x00, 0x00, 0x00,
  0x00, 0x00, 0x04, 0xDD, 0x2F, 0x00, 0x00, 0x00, 0x00, 0x00, 0x00, 0x27, 0xFF, 0xFF, 0xFF, 0xFF, 0xFF, 0xFF, 0xEC, 0x00, 0x00, 0x00, 0x00, 0x37,
  0xB9, 0xDF, 0xE1, 0xCF, 0x63, 0x00, 0x00, 0x00, 0x00, 0x00, 0x30, 0xE8, 0x51, 0x01, 0x00, 0x2A, 0xD1, 0x76, 0x00, 0x00, 0x00, 0x00, 0xB4, 0x6F,
  0x00, 0x00, 0x00, 0x00, 0x26, 0xF3, 0x0D, 0x00, 0x00, 0x0A, 0xF7, 0x12, 0x00, 0x00, 0x00, 0x00, 0x00, 0xC5, 0x52, 0x00, 0x00, 0x2F, 0xDE, 0x00,
  0x00, 0x00, 0x00, 0x00, 0x00, 0x93, 0x81, 0x00, 0x00, 0x4C, 0xC3, 0x00, 0x00, 0x00, 0x00, 0x00, 0x00, 0x78, 0x9A, 0x00, 0x00, 0x5A, 0xB6, 0x00,
  0x00, 0x00, 0x00, 0x00, 0x00, 0x6A, 0xAA, 0x00, 0x00, 0x63, 0xB0, 0x00, 0x00, 0x00, 0x00, 0x00, 0x00, 0x65, 0xB1, 0x00, 0x00, 0x66, 0xB0, 0x00,
  0x00, 0x00, 0x00, 0x00, 0x00, 0x64, 0xB4, 0x00, 0x00, 0x68, 0xB0, 0x00, 0x00, 0x00, 0x00, 0x00, 0x00, 0x64, 0xB4, 0x00, 0x00, 0x68, 0xB0, 0x00,
  0x00, 0x00, 0x00, 0x00, 0x00, 0x64, 0xB4, 0x00, 0x00, 0x68, 0xB0, 0x00, 0x00, 0x00, 0x00, 0x00, 0x00, 0x64, 0xB2, 0x00, 0x00, 0x65, 0xB0, 0x00,
  0x00, 0x00, 0x00, 0x00, 0x00, 0x65, 0xAE, 0x00, 0x00, 0x5F, 0xB6, 0x00, 0x00, 0x00, 0x00, 0x00, 0x00, 0x6A, 0xA6, 0x00, 0x00, 0x50, 0xC3, 0x00,
  0x00, 0x00, 0x00, 0x00, 0x00, 0x78, 0x98, 0x00, 0x00, 0x36, 0xDD, 0x00, 0x00, 0x00, 0x00, 0x00, 0x00, 0x92, 0x7C, 0x00, 0x00, 0x0B, 0xFA, 0x12,
  0x00, 0x00, 0x00, 0x00, 0x00, 0xC5, 0x4F, 0x00, 0x00, 0x00, 0xB7, 0x6F, 0x00, 0x00, 0x00, 0x00, 0x26, 0xF1, 0x0C, 0x00, 0x00, 0x00, 0x33, 0xEB,
  0x4D, 0x00, 0x00, 0x27, 0xD0, 0x74, 0x00, 0x00, 0x00, 0x00, 0x00, 0x3A, 0xBB, 0xE2, 0xE0, 0xD1, 0x66, 0x00, 0x00, 0x00, 0x00, 0x00, 0x00, 0x00,
  0x00, 0x0A, 0xC8, 0x9C, 0x00, 0x00, 0x00, 0x00, 0x00, 0x00, 0x00, 0x00, 0x12, 0xC5, 0xDD, 0x9C, 0x00, 0x00, 0x00, 0x00, 0x00, 0x00, 0x00, 0x28,
  0xD8, 0x7C, 0x74, 0x9C, 0x00, 0x00, 0x00, 0x00, 0x00, 0x00, 0x00, 0xA7, 0x57, 0x00, 0x74, 0x9C, 0x00, 0x00, 0x00, 0x00, 0x00, 0x00, 0x00, 0x0B,
  0x00, 0x00, 0x74, 0x9C, 0x00, 0x00, 0x00, 0x00, 0x00, 0x00, 0x00, 0x00, 0x00, 0x00, 0x74, 0x9C, 0x00, 0x00, 0x00, 0x00, 0x00, 0x00, 0x00, 0x00,
  0x00, 0x00, 0x74, 0x9C, 0x00, 0x00, 0x00, 0x00, 0x00, 0x00, 0x00, 0x00, 0x00, 0x00, 0x74, 0x9C, 0x00, 0x00, 0x00, 0x00, 0x00, 0x00, 0x00, 0x00,
  0x00, 0x00, 0x74, 0x9C, 0x00, 0x00, 0x00, 0x00, 0x00, 0x00, 0x00, 0x00, 0x00, 0x00, 0x74, 0x9C, 0x00, 0x00, 0x00, 0x00, 0x00, 0x00, 0x00, 0x00,
  0x00, 0x00, 0x74, 0x9C, 0x00, 0x00, 0x00, 0x00, 0x00, 0x00, 0x00, 0x00, 0x00, 0x00, 0x74, 0x9C, 0x00, 0x00, 0x00, 0x00, 0x00, 0x00, 0x00, 0x00,
  0x00, 0x00, 0x74, 0x9C, 0x00, 0x00, 0x00, 0x00, 0x00, 0x00, 0x00, 0x00, 0x00, 0x00, 0x74, 0x9C, 0x00, 0x00, 0x00, 0x00, 0x00, 0x00, 0x00, 0x00,
  0x00, 0x00, 0x74, 0x9C, 0x00, 0x00, 0x00, 0x00, 0x00, 0x00, 0x00, 0x00, 0x00, 0x00, 0x74, 0x9C, 0x00, 0x00, 0x00, 0x00, 0x00, 0x00, 0x00, 0x00,
  0x00, 0x00, 0x74, 0x9C, 0x00, 0x00, 0x00, 0x00, 0x00, 0x00, 0x00, 0x00, 0x00, 0x00, 0x74, 0x9C, 0x00, 0x00, 0x00, 0x00, 0x00, 0x00, 0x00, 0x00,
  0x00, 0x00, 0x74, 0x9C, 0x00, 0x00, 0x00, 0x00, 0x00, 0x00, 0x00, 0x00, 0x00, 0x00, 0x74, 0x9C, 0x00, 0x00, 0x00, 0x00, 0x00, 0x00, 0x00, 0x3B,
  0xB4, 0xE2, 0xE5, 0xE2, 0x98, 0x17, 0x00, 0x00, 0x00, 0x00, 0x52, 0xEF, 0x5A, 0x03, 0x00, 0x16, 0xA0, 0xDA, 0x0D, 0x00, 0x00, 0x06, 0xE7, 0x5B,
  0x00, 0x00, 0x00, 0x00, 0x02, 0xCC, 0x69, 0x00, 0x00, 0x3B, 0xEE, 0x02, 0x00, 0x00, 0x00, 0x00, 0x00, 0x81, 0x97, 0x00, 0x00, 0x4D, 0xB4, 0x00,
  0x00, 0x00, 0x00, 0x00, 0x00, 0x6A, 0xAC, 0x00, 0x00, 0x00, 0x00, 0x00, 0x00, 0x00, 0x00, 0x00, 0x00, 0x82, 0x96, 0x00, 0x00, 0x00, 0x00, 0x00,
  0x00, 0x00, 0x00, 0x00, 0x00, 0xBC, 0x5A, 0x00, 0x00, 0x00, 0x00, 0x00, 0x00, 0x00, 0x00, 0x00, 0x1F, 0xEF, 0x0F, 0x00, 0x00, 0x00, 0x00, 0x00,
  0x00, 0x00, 0x00, 0x00, 0xA1, 0x8A, 0x00, 0x00, 0x00, 0x00, 0x00, 0x00, 0x00, 0x00, 0x00, 0x3F, 0xE8, 0x0F, 0x00, 0x00, 0x00, 0x00, 0x00, 0x00,
  0x00, 0x00, 0x09, 0xDB, 0x56, 0x00, 0x00, 0x00, 0x00, 0x00, 0x00, 0x00, 0x00, 0x00, 0x8E, 0xAC, 0x00, 0x00, 0x00, 0x00, 0x00, 0x00, 0x00, 0x00,
  0x00, 0x38, 0xE9, 0x16, 0x00, 0x00, 0x00, 0x00, 0x00, 0x00, 0x00, 0x00, 0x07, 0xD6, 0x58, 0x00, 0x00, 0x00, 0x00, 0x00, 0x00, 0x00, 0x00, 0x00,
  0x86, 0xAD, 0x00, 0x00, 0x00, 0x00, 0x00, 0x00, 0x00, 0x00, 0x00, 0x32, 0xE8, 0x17, 0x00, 0x00, 0x00, 0x00, 0x00, 0x00, 0x00, 0x00, 0x05, 0xD0,
  0x59, 0x00, 0x00, 0x00, 0x00, 0x00, 0x00, 0x00, 0x00, 0x00, 0x7E, 0xAF, 0x00, 0x00, 0x00, 0x00, 0x00, 0x00, 0x00, 0x00, 0x00, 0x2B, 0xE6, 0x17,
  0x00, 0x00, 0x00, 0x00, 0x00, 0x00, 0x00, 0x00, 0x00, 0x74, 0xFF, 0xFF, 0xFF, 0xFF, 0xFF, 0xFF, 0xFF, 0xFF, 0xAC, 0x00, 0x00, 0x00, 0x00, 0x59,
  0xC8, 0xE0, 0xE2, 0xD3, 0x6F, 0x00, 0x00, 0x00, 0x00, 0x00, 0x69, 0xE3, 0x3A, 0x00, 0x00, 0x32, 0xDF, 0x72, 0x00, 0x00, 0x00, 0x06, 0xED, 0x43,
  0x00, 0x00, 0x00, 0x00, 0x3B, 0xE9, 0x06, 0x00, 0x00, 0x33, 0xE7, 0x00, 0x00, 0x00, 0x00, 0x00, 0x00, 0xE7, 0x28, 0x00, 0x00, 0x4A, 0xB3, 0x00,
  0x00, 0x00, 0x00, 0x00, 0x00, 0xCE, 0x44, 0x00, 0x00, 0x00, 0x00, 0x00, 0x00, 0x00, 0x00, 0x00, 0x00, 0xD6, 0x3A, 0x00, 0x00, 0x00, 0x00, 0x00,
  0x00, 0x00, 0x00, 0x00, 0x09, 0xF7, 0x16, 0x00, 0x00, 0x00, 0x00, 0x00, 0x00, 0x00, 0x00, 0x00, 0x6D, 0xC2, 0x00, 0x00, 0x00, 0x00, 0x00, 0x00,
  0x00, 0x07, 0x29, 0x83, 0xE5, 0x2D, 0x00, 0x00, 0x00, 0x00, 0x00, 0x00, 0x0C, 0xFF, 0xFF, 0xD9, 0x35, 0x00, 0x00, 0x00, 0x00, 0x00, 0x00, 0x00,
  0x00, 0x09, 0x29, 0x7F, 0xF2, 0x50, 0x00, 0x00, 0x00, 0x00, 0x00, 0x00, 0x00, 0x00, 0x00, 0x00, 0x5C, 0xE8, 0x03, 0x00, 0x00, 0x00, 0x00, 0x00,
  0x00, 0x00, 0x00, 0x00, 0x02, 0xE7, 0x3D, 0x00, 0x00, 0x00, 0x00, 0x00, 0x00, 0x00, 0x00, 0x00, 0x00, 0xB6, 0x5E, 0x00, 0x00, 0x00, 0x00, 0x00,
  0x00, 0x00, 0x00, 0x00, 0x00, 0xA8, 0x68, 0x00, 0x00, 0x9E, 0x76, 0x00, 0x00, 0x00, 0x00, 0x00, 0x00, 0xB8, 0x51, 0x00, 0x00, 0x8B, 0x9F, 0x00,
  0x00, 0x00, 0x00, 0x00, 0x00, 0xDD, 0x34, 0x00, 0x00, 0x41, 0xF0, 0x0E, 0x00, 0x00, 0x00, 0x00, 0x3B, 0xE9, 0x04, 0x00, 0x00, 0x00, 0xB3, 0xB3,
  0x1C, 0x00, 0x00, 0x3A, 0xDD, 0x5E, 0x00, 0x00, 0x00, 0x00, 0x08, 0x83, 0xD8, 0xE1, 0xE1, 0xC3, 0x4F, 0x00, 0x00, 0x00, 0x00, 0x00, 0x00, 0x00,
  0x00, 0x00, 0x00, 0xA3, 0xFF, 0x0C, 0x00, 0x00, 0x00, 0x00, 0x00, 0x00, 0x00, 0x00, 0x1D, 0xE8, 0xFF, 0x0C, 0x00, 0x00, 0x00, 0x00, 0x00, 0x00,
  0x00, 0x00, 0x8E, 0x82, 0xFF, 0x0C, 0x00, 0x00, 0x00, 0x00, 0x00, 0x00, 0x00, 0x10, 0xE7, 0x17, 0xFF, 0x0C, 0x00, 0x00, 0x00, 0x00, 0x00, 0x00,
  0x00, 0x78, 0x92, 0x04, 0xFF, 0x0C, 0x00, 0x00, 0x00, 0x00, 0x00, 0x00, 0x06, 0xE2, 0x20, 0x04, 0xFF, 0x0C, 0x00, 0x00, 0x00, 0x00, 0x00, 0x00,
  0x63, 0xA5, 0x00, 0x04, 0xFF, 0x0C, 0x00, 0x00, 0x00, 0x00, 0x00, 0x01, 0xD6, 0x30, 0x00, 0x04, 0xFF, 0x0C, 0x00, 0x00, 0x00, 0x00, 0x00, 0x4E,
  0xB9, 0x00, 0x00, 0x04, 0xFF, 0x0C, 0x00, 0x00, 0x00, 0x00, 0x00, 0xC3, 0x43, 0x00, 0x00, 0x04, 0xFF, 0x0C, 0x00, 0x00, 0x00, 0x00, 0x38, 0xCD,
  0x00, 0x00, 0x00, 0x04, 0xFF, 0x0C, 0x00, 0x00, 0x00, 0x00, 0xAE, 0x57, 0x00, 0x00, 0x00, 0x04, 0xFF, 0x0C, 0x00, 0x00, 0x00, 0x25, 0xDB, 0x03,
  0x00, 0x00, 0x00, 0x04, 0xFF, 0x0C, 0x00, 0x00, 0x00, 0x97, 0x6B, 0x00, 0x00, 0x00, 0x00, 0x04, 0xFF, 0x0C, 0x00, 0x00, 0x00, 0xC4, 0xFF, 0xFF,
  0xFF, 0xFF, 0xFF, 0xFF, 0xFF, 0xFF, 0xFF, 0x50, 0x00, 0x00, 0x00, 0x00, 0x00, 0x00, 0x00, 0x04, 0xFF, 0x0C, 0x00, 0x00, 0x00, 0x00, 0x00, 0x00,
  0x00, 0x00, 0x00, 0x04, 0xFF, 0x0C, 0x00, 0x00, 0x00, 0x00, 0x00, 0x00, 0x00, 0x00, 0x00, 0x04, 0xFF, 0x0C, 0x00, 0x00, 0x00, 0x00, 0x00, 0x00,
  0x00, 0x00, 0x00, 0x04, 0xFF, 0x0C, 0x00, 0x00, 0x00, 0x00, 0x00, 0x00, 0x00, 0x00, 0x00, 0x04, 0xFF, 0x0C, 0x00, 0x00, 0x00, 0x00, 0xC0, 0xFF,
  0xFF, 0xFF, 0xFF, 0xFF, 0xFF, 0xFF, 0x3C, 0x00, 0x00, 0x00, 0xC6, 0x4F, 0x00, 0x00, 0x00, 0x00, 0x00, 0x00, 0x00, 0x00, 0x00, 0x00, 0xCD, 0x47,
  0x00, 0x00, 0x00, 0x00, 0x00, 0x00, 0x00, 0x00, 0x00, 0x00, 0xD4, 0x3F, 0x00, 0x00, 0x00, 0x00, 0x00, 0x00, 0x00, 0x00, 0x00, 0x00, 0xDB, 0x37,
  0x00, 0x00, 0x00, 0x00, 0x00, 0x00, 0x00, 0x00, 0x00, 0x00, 0xE2, 0x2F, 0x00, 0x00, 0x00, 0x00, 0x00, 0x00, 0x00, 0x00, 0x00, 0x00, 0xE9, 0x27,
  0x00, 0x00, 0x00, 0x00, 0x00, 0x00, 0x00, 0x00, 0x00, 0x00, 0xF0, 0x20, 0x73, 0xDC, 0xF8, 0xE3, 0x93, 0x0E, 0x00, 0x00, 0x00, 0x00, 0xF7, 0xA6,
  0x80, 0x1F, 0x08, 0x30, 0xBA, 0xC8, 0x04, 0x00, 0x00, 0x00, 0xFE, 0x65, 0x00, 0x00, 0x00, 0x00, 0x0A, 0xE4, 0x58, 0x00, 0x00, 0x00, 0x4B, 0x03,
  0x00, 0x00, 0x00, 0x00, 0x00, 0x97, 0x9F, 0x00, 0x00, 0x00, 0x00, 0x00, 0x00, 0x00, 0x00, 0x00, 0x00, 0x5E, 0xBC, 0x00, 0x00, 0x00, 0x00, 0x00,
  0x00, 0x00, 0x00, 0x00, 0x00, 0x4D, 0xCB, 0x00, 0x00, 0x00, 0x00, 0x00, 0x00, 0x00, 0x00, 0x00, 0x00, 0x44, 0xD2, 0x00, 0x00, 0x00, 0x00, 0x00,
  0x00, 0x00, 0x00, 0x00, 0x00, 0x52, 0xC2, 0x00, 0x00, 0x22, 0xE7, 0x00, 0x00, 0x00, 0x00, 0x00, 0x00, 0x63, 0xAF, 0x00, 0x00, 0x0A, 0xFF, 0x0D,
  0x00, 0x00, 0x00, 0x00, 0x00, 0x8F, 0x83, 0x00, 0x00, 0x00, 0xD4, 0x62, 0x00, 0x00, 0x00, 0x00, 0x09, 0xE3, 0x30, 0x00, 0x00, 0x00, 0x51, 0xEC,
  0x47, 0x00, 0x00, 0x1A, 0xB0, 0x98, 0x00, 0x00, 0x00, 0x00, 0x00, 0x4A, 0xC2, 0xE2, 0xDF, 0xD2, 0x70, 0x01, 0x00, 0x00, 0x00, 0x00, 0x00, 0x08,
  0x85, 0xDB, 0xE1, 0xE3, 0xA5, 0x1E, 0x00, 0x00, 0x00, 0x00, 0x02, 0xBB, 0xA6, 0x14, 0x00, 0x0B, 0x8C, 0xDE, 0x0B, 0x00, 0x00, 0x00, 0x5F, 0xD2,
  0x03, 0x00, 0x00, 0x00, 0x00, 0xD6, 0x61, 0x00, 0x00, 0x00, 0xBF, 0x65, 0x00, 0x00, 0x00, 0x00, 0x00, 0x88, 0x8D, 0x00, 0x00, 0x02, 0xF5, 0x23,
  0x00, 0x00, 0x00, 0x00, 0x00, 0x42, 0x5E, 0x00, 0x00, 0x15, 0xFD, 0x02, 0x00, 0x00, 0x00, 0x00, 0x00, 0x00, 0x00, 0x00, 0x00, 0x23, 0xF0, 0x00,
  0x00, 0x00, 0x00, 0x00, 0x00, 0x00, 0x00, 0x00, 0x00, 0x30, 0xE3, 0x00, 0x3B, 0xC3, 0xF4, 0xE8, 0x9B, 0x11, 0x00, 0x00, 0x00, 0x34, 0xDC, 0x34,
  0xAE, 0x2E, 0x07, 0x2A, 0xB7, 0xC9, 0x03, 0x00, 0x00, 0x34, 0xDC, 0x93, 0x04, 0x00, 0x00, 0x00, 0x0A, 0xE5, 0x54, 0x00, 0x00, 0x34, 0xF9, 0x64,
  0x00, 0x00, 0x00, 0x00, 0x00, 0x94, 0x9B, 0x00, 0x00, 0x34, 0xFF, 0x18, 0x00, 0x00, 0x00, 0x00, 0x00, 0x5B, 0xB9, 0x00, 0x00, 0x31, 0xF9, 0x00,
  0x00, 0x00, 0x00, 0x00, 0x00, 0x49, 0xCD, 0x00, 0x00, 0x26, 0xE8, 0x00, 0x00, 0x00, 0x00, 0x00, 0x00, 0x44, 0xD1, 0x00, 0x00, 0x19, 0xF3, 0x00,
  0x00, 0x00, 0x00, 0x00, 0x00, 0x4C, 0xC5, 0x00, 0x00, 0x06, 0xFB, 0x0A, 0x00, 0x00, 0x00, 0x00, 0x00, 0x5D, 0xB6, 0x00, 0x00, 0x00, 0xD2, 0x49,
  0x00, 0x00, 0x00, 0x00, 0x00, 0x8B, 0x8D, 0x00, 0x00, 0x00, 0x7D, 0xA5, 0x00, 0x00, 0x00, 0x00, 0x07, 0xE3, 0x3E, 0x00, 0x00, 0x00, 0x0C, 0xDA,
  0x80, 0x09, 0x00, 0x13, 0xAC, 0xAE, 0x00, 0x00, 0x00, 0x00, 0x00, 0x19, 0x9F, 0xE1, 0xE0, 0xDB, 0x82, 0x05, 0x00, 0x00, 0x00, 0x84, 0xFF, 0xFF,
  0xFF, 0xFF, 0xFF, 0xFF, 0xFF, 0xFF, 0x94, 0x00, 0x00, 0x00, 0x00, 0x00, 0x00, 0x00, 0x00, 0x00, 0x00, 0xA5, 0x6E, 0x00, 0x00, 0x00, 0x00, 0x00,
  0x00, 0x00, 0x00, 0x00, 0x06, 0xEF, 0x1E, 0x00, 0x00, 0x00, 0x00, 0x00, 0x00, 0x00, 0x00, 0x00, 0x49, 0xCD, 0x00, 0x00, 0x00, 0x00, 0x00, 0x00,
  0x00, 0x00, 0x00, 0x00, 0x9B, 0x7D, 0x00, 0x00, 0x00, 0x00, 0x00, 0x00, 0x00, 0x00, 0x00, 0x02, 0xE9, 0x2C, 0x00, 0x00, 0x00, 0x00, 0x00, 0x00,
  0x00, 0x00, 0x00, 0x3F, 0xDC, 0x00, 0x00, 0x00, 0x00, 0x00, 0x00, 0x00, 0x00, 0x00, 0x00, 0x91, 0x8C, 0x00, 0x00, 0x00, 0x00, 0x00, 0x00, 0x00,
  0x00, 0x00, 0x00, 0xE1, 0x3B, 0x00, 0x00, 0x00, 0x00, 0x00, 0x00, 0x00, 0x00, 0x00, 0x35, 0xE9, 0x02, 0x00, 0x00, 0x00, 0x00, 0x00, 0x00, 0x00,
  0x00, 0x00, 0x86, 0x9B, 0x00, 0x00, 0x00, 0x00, 0x00, 0x00, 0x00, 0x00, 0x00, 0x00, 0xD7, 0x4A, 0x00, 0x00, 0x00, 0x00, 0x00, 0x00, 0x00, 0x00,
  0x00, 0x2A, 0xF2, 0x07, 0x00, 0x00, 0x00, 0x00, 0x00, 0x00, 0x00, 0x00, 0x00, 0x7C, 0xAA, 0x00, 0x00, 0x00, 0x00, 0x00, 0x00, 0x00, 0x00, 0x00,
  0x00, 0xCE, 0x59, 0x00, 0x00, 0x00, 0x00, 0x00, 0x00, 0x00, 0x00, 0x00, 0x20, 0xF9, 0x0F, 0x00, 0x00, 0x00, 0x00, 0x00, 0x00, 0x00, 0x00, 0x00,
  0x72, 0xB9, 0x00, 0x00, 0x00, 0x00, 0x00, 0x00, 0x00, 0x00, 0x00, 0x00, 0xC4, 0x68, 0x00, 0x00, 0x00, 0x00, 0x00, 0x00, 0x00, 0x00, 0x00, 0x17,
  0xFC, 0x19, 0x00, 0x00, 0x00, 0x00, 0x00, 0x00, 0x00, 0x00, 0x00, 0x67, 0xC8, 0x00, 0x00, 0x00, 0x00, 0x00, 0x00, 0x00, 0x00, 0x00, 0x00, 0x3B,
  0xBA, 0xE3, 0xE1, 0xD8, 0x82, 0x07, 0x00, 0x00, 0x00, 0x00, 0x43, 0xEF, 0x56, 0x01, 0x00, 0x1C, 0xB6, 0xAC, 0x00, 0x00, 0x00, 0x00, 0xD2, 0x62,
  0x00, 0x00, 0x00, 0x00, 0x0C, 0xF3, 0x37, 0x00, 0x00, 0x15, 0xF9, 0x08, 0x00, 0x00, 0x00, 0x00, 0x00, 0xA7, 0x7B, 0x00, 0x00, 0x34, 0xDF, 0x00,
  0x00, 0x00, 0x00, 0x00, 0x00, 0x88, 0x95, 0x00, 0x00, 0x38, 0xE2, 0x00, 0x00, 0x00, 0x00, 0x00, 0x00, 0x8B, 0x8E, 0x00, 0x00, 0x1A, 0xFA, 0x0B,
  0x00, 0x00, 0x00, 0x00, 0x00, 0xB2, 0x6B, 0x00, 0x00, 0x00, 0xC9, 0x6D, 0x00, 0x00, 0x00, 0x00, 0x1D, 0xF7, 0x21, 0x00, 0x00, 0x00, 0x2B, 0xE6,
  0x6E, 0x12, 0x08, 0x3D, 0xD1, 0x7B, 0x00, 0x00, 0x00, 0x00, 0x00, 0x3E, 0xE8, 0xFF, 0xFF, 0xFD, 0x8F, 0x04, 0x00, 0x00, 0x00, 0x00, 0x5E, 0xEA,
  0x5E, 0x12, 0x08, 0x35, 0xBE, 0xC0, 0x04, 0x00, 0x00, 0x05, 0xEF, 0x4A, 0x00, 0x00, 0x00, 0x00, 0x09, 0xDF, 0x5B, 0x00, 0x00, 0x3F, 0xE3, 0x01,
  0x00, 0x00, 0x00, 0x00, 0x00, 0x84, 0xA2, 0x00, 0x00, 0x63, 0xB5, 0x00, 0x00, 0x00, 0x00, 0x00, 0x00, 0x64, 0xC1, 0x00, 0x00, 0x6E, 0xA5, 0x00,
  0x00, 0x00, 0x00, 0x00, 0x00, 0x55, 0xC9, 0x00, 0x00, 0x5A, 0xB6, 0x00, 0x00, 0x00, 0x00, 0x00, 0x00, 0x66, 0xB3, 0x00, 0x00, 0x3E, 0xE0, 0x01,
  0x00, 0x00, 0x00, 0x00, 0x00, 0x8C, 0x95, 0x00, 0x00, 0x07, 0xEC, 0x46, 0x00, 0x00, 0x00, 0x00, 0x05, 0xE5, 0x4B, 0x00, 0x00, 0x00, 0x5F, 0xE4,
  0x41, 0x00, 0x00, 0x18, 0xAB, 0xB3, 0x00, 0x00, 0x00, 0x00, 0x00, 0x4D, 0xC2, 0xE2, 0xE0, 0xD6, 0x7C, 0x07, 0x00, 0x00, 0x00, 0x00, 0x00, 0x4D,
  0xC4, 0xE1, 0xDF, 0xCC, 0x5A, 0x00, 0x00, 0x00, 0x00, 0x00, 0x5C, 0xE0, 0x3A, 0x00, 0x00, 0x2F, 0xD6, 0x67, 0x00, 0x00, 0x00, 0x08, 0xEA, 0x3C,
  0x00, 0x00, 0x00, 0x00, 0x30, 0xEC, 0x04, 0x00, 0x00, 0x43, 0xE2, 0x00, 0x00, 0x00, 0x00, 0x00, 0x00, 0xD6, 0x3A, 0x00, 0x00, 0x65, 0xAD, 0x00,
  0x00, 0x00, 0x00, 0x00, 0x00, 0xAC, 0x5F, 0x00, 0x00, 0x7A, 0x9B, 0x00, 0x00, 0x00, 0x00, 0x00, 0x00, 0x9C, 0x6E, 0x00, 0x00, 0x7B, 0x9C, 0x00,
  0x00, 0x00, 0x00, 0x00, 0x00, 0xA7, 0x76, 0x00, 0x00, 0x69, 0xAE, 0x00, 0x00, 0x00, 0x00, 0x00, 0x00, 0xB9, 0x7D, 0x00, 0x00, 0x4C, 0xE6, 0x00,
  0x00, 0x00, 0x00, 0x00, 0x02, 0xE9, 0x80, 0x00, 0x00, 0x10, 0xF6, 0x44, 0x00, 0x00, 0x00, 0x00, 0x59, 0xFB, 0x80, 0x00, 0x00, 0x00, 0x7F, 0xEA,
  0x50, 0x0C, 0x12, 0x62, 0xD7, 0xA1, 0x80, 0x00, 0x00, 0x00, 0x00, 0x6C, 0xD5, 0xF7, 0xEB, 0xA7, 0x1E, 0x90, 0x80, 0x00, 0x00, 0x00, 0x00, 0x00,
  0x00, 0x00, 0x00, 0x00, 0x00, 0x92, 0x7C, 0x00, 0x00, 0x00, 0x00, 0x00, 0x00, 0x00, 0x00, 0x00, 0x00, 0x99, 0x77, 0x00, 0x00, 0x00, 0x00, 0x00,
  0x00, 0x00, 0x00, 0x00, 0x00, 0xA7, 0x68, 0x00, 0x00, 0x2B, 0x85, 0x00, 0x00, 0x00, 0x00, 0x00, 0x00, 0xC3, 0x50, 0x00, 0x00, 0x38, 0xEE, 0x00,
  0x00, 0x00, 0x00, 0x00, 0x03, 0xF1, 0x23, 0x00, 0x00, 0x0B, 0xF6, 0x37, 0x00, 0x00, 0x00, 0x00, 0x51, 0xD0, 0x00, 0x00, 0x00, 0x00, 0x8D, 0xD5,
  0x29, 0x00, 0x00, 0x3E, 0xE3, 0x44, 0x00, 0x00, 0x00, 0x00, 0x03, 0x7A, 0xD7, 0xE1, 0xE0, 0xC0, 0x43, 0x00, 0x00, 0x00, 0x00, 0x00, 0x88, 0xB4,
  0x00, 0x00, 0x00, 0x00, 0x88, 0xB4, 0x00, 0x00, 0x00, 0xE0, 0xFF, 0xFF, 0xFF, 0xFF, 0x28, 0x00, 0x00, 0x00, 0x00, 0x00, 0x00, 0x00, 0x00, 0x00,
  0x00, 0x00, 0x00, 0x00, 0x00, 0x00, 0x00, 0x00, 0x00, 0x00, 0x00, 0x00, 0x00, 0x00, 0x00, 0x00, 0x00, 0x00, 0x00, 0x00, 0x00, 0x00, 0x00, 0x00,
  0x00, 0x00, 0x00, 0x00, 0x00, 0x00, 0x00, 0x00, 0x00, 0x00, 0x00, 0x00, 0x00, 0x00, 0x00, 0x00, 0x00, 0x00, 0x00, 0x00, 0x00, 0x00, 0x00, 0xAD,
  0x4F, 0x00, 0x00, 0x00, 0x00, 0x00, 0x00, 0x0D, 0xE7, 0x07, 0x00, 0x00, 0x00, 0x00, 0x00, 0x00, 0x5D, 0x9F, 0x00, 0x00, 0x00, 0x00, 0x00, 0x00,
  0x00, 0xB6, 0x47, 0x00, 0x00, 0x00, 0x00, 0x00, 0x00, 0x13, 0xE5, 0x04, 0x00, 0x00, 0x00, 0x00, 0x00, 0x00, 0x67, 0x96, 0x00, 0x00, 0x00, 0x00,
  0x00, 0x00, 0x00, 0xBF, 0x3E, 0x00, 0x00, 0x00, 0x00, 0x00, 0x00, 0x19, 0xE1, 0x01, 0x00, 0x00, 0x00, 0x00, 0x00, 0x00, 0x70, 0x8E, 0x00, 0x00,
  0x00, 0x00, 0x00, 0x00, 0x00, 0xC8, 0x35, 0x00, 0x00, 0x00, 0x00, 0x00, 0x00, 0x21, 0xDC, 0x00, 0x00, 0x00, 0x00, 0x00, 0x00, 0x00, 0x79, 0x85,
  0x00, 0x00, 0x00, 0x00, 0x00, 0x00, 0x00, 0xD1, 0x2D, 0x00, 0x00, 0x00, 0x00, 0x00, 0x00, 0x29, 0xD5, 0x00, 0x00, 0x00, 0x00, 0x00, 0x00, 0x00,
  0x82, 0x7C, 0x00, 0x00, 0x00, 0x00, 0x00, 0x00, 0x00, 0xDA, 0x24, 0x00, 0x00, 0x00, 0x00, 0x00, 0x00, 0x33, 0xCC, 0x00, 0x00, 0x00, 0x00, 0x00,
  0x00, 0x00, 0x8B, 0x74, 0x00, 0x00, 0x00, 0x00, 0x00, 0x00, 0x01, 0xE0, 0x1D, 0x00, 0x00, 0x00, 0x00, 0x00, 0x00, 0x3C, 0xC4, 0x00, 0x00, 0x00,
  0x00, 0x00, 0x00, 0x00, 0x00, 0x00, 0x42, 0xCE, 0xEA, 0xE3, 0xA8, 0x16, 0x00, 0x00, 0x00, 0x0F, 0xF1, 0x56, 0x00, 0x06, 0xA5, 0xB9, 0x00, 0x00,
  0x00, 0x60, 0xC2, 0x00, 0x00, 0x00, 0x18, 0xFF, 0x17, 0x00, 0x00, 0x80, 0x97, 0x00, 0x00, 0x00, 0x00, 0xEA, 0x34, 0x00, 0x00, 0x20, 0x20, 0x00,
  0x00, 0x00, 0x00, 0xE0, 0x3E, 0x00, 0x00, 0x00, 0x00, 0x00, 0x00, 0x00, 0x00, 0xF0, 0x2E, 0x00, 0x00, 0x00, 0x00, 0x00, 0x00, 0x00, 0x1C, 0xF7,
  0x07, 0x00, 0x00, 0x00, 0x00, 0x00, 0x00, 0x00, 0x6A, 0xAE, 0x00, 0x00, 0x00, 0x00, 0x00, 0x00, 0x00, 0x04, 0xDA, 0x40, 0x00, 0x00, 0x00, 0x00,
  0x00, 0x00, 0x00, 0x68, 0xBF, 0x00, 0x00, 0x00, 0x00, 0x00, 0x00, 0x00, 0x01, 0xDF, 0x48, 0x00, 0x00, 0x00, 0x00, 0x00, 0x00, 0x00, 0x3A, 0xDB,
  0x01, 0x00, 0x00, 0x00, 0x00, 0x00, 0x00, 0x00, 0x74, 0x8E, 0x00, 0x00, 0x00, 0x00, 0x00, 0x00, 0x00, 0x00, 0x95, 0x67, 0x00, 0x00, 0x00, 0x00,
  0x00, 0x00, 0x00, 0x00, 0xA3, 0x59, 0x00, 0x00, 0x00, 0x00, 0x00, 0x00, 0x00, 0x00, 0x73, 0x3C, 0x00, 0x00, 0x00, 0x00, 0x00, 0x00, 0x00, 0x00,
  0x00, 0x00, 0x00, 0x00, 0x00, 0x00, 0x00, 0x00, 0x00, 0x00, 0x00, 0x00, 0x00, 0x00, 0x00, 0x00, 0x00, 0x00, 0x00, 0x00, 0xBA, 0x6E, 0x00, 0x00,
  0x00, 0x00, 0x00, 0x00, 0x00, 0x00, 0xC4, 0x74, 0x00, 0x00, 0x00, 0x00, 0x00, 0x00, 0x00, 0x00, 0x00, 0x00, 0x00, 0x08, 0xF5, 0xBD, 0x00, 0x00,
  0x00, 0x00, 0x00, 0x00, 0x00, 0x00, 0x00, 0x00, 0x00, 0x00, 0x00, 0x00, 0x00, 0x4B, 0xFF, 0xFA, 0x0E, 0x00, 0x00, 0x00, 0x00, 0x00, 0x00, 0x00,
  0x00, 0x00, 0x00, 0x00, 0x00, 0x00, 0x00, 0x97, 0xCC, 0xFC, 0x55, 0x00, 0x00, 0x00, 0x00, 0x00, 0x00, 0x00, 0x00, 0x00, 0x00, 0x00, 0x00, 0x00,
  0x00, 0xE3, 0x70, 0xC3, 0xA1, 0x00, 0x00, 0x00, 0x00, 0x00, 0x00, 0x00, 0x00, 0x00, 0x00, 0x00, 0x00, 0x00, 0x30, 0xFF, 0x25, 0x79, 0xEA, 0x02,
  0x00, 0x00, 0x00, 0x00, 0x00, 0x00, 0x00, 0x00, 0x00, 0x00, 0x00, 0x00, 0x7D, 0xD9, 0x00, 0x2F, 0xFF, 0x39, 0x00, 0x00, 0x00, 0x00, 0x00, 0x00,
  0x00, 0x00, 0x00, 0x00, 0x00, 0x00, 0xC9, 0x8E, 0x00, 0x00, 0xE3, 0x84, 0x00, 0x00, 0x00, 0x00, 0x00, 0x00, 0x00, 0x00, 0x00, 0x00, 0x00, 0x17,
  0xFE, 0x42, 0x00, 0x00, 0x9A, 0xD0, 0x00, 0x00, 0x00, 0x00, 0x00, 0x00, 0x00, 0x00, 0x00, 0x00, 0x00, 0x62, 0xF1, 0x05, 0x00, 0x00, 0x50, 0xFF,
  0x1C, 0x00, 0x00, 0x00, 0x00, 0x00, 0x00, 0x00, 0x00, 0x00, 0x00, 0xAF, 0xAB, 0x00, 0x00, 0x00, 0x0C, 0xF9, 0x68, 0x00, 0x00, 0x00, 0x00, 0x00,
  0x00, 0x00, 0x00, 0x00, 0x07, 0xF3, 0x5F, 0x00, 0x00, 0x00, 0x00, 0xBB, 0xB4, 0x00, 0x00, 0x00, 0x00, 0x00, 0x00, 0x00, 0x00, 0x00, 0x48, 0xFD,
  0x15, 0x00, 0x00, 0x00, 0x00, 0x71, 0xF6, 0x09, 0x00, 0x00, 0x00, 0x00, 0x00, 0x00, 0x00, 0x00, 0x94, 0xC8, 0x00, 0x00, 0x00, 0x00, 0x00, 0x27,
  0xFF, 0x4B, 0x00, 0x00, 0x00, 0x00, 0x00, 0x00, 0x00, 0x00, 0xE0, 0x7C, 0x00, 0x00, 0x00, 0x00, 0x00, 0x00, 0xDC, 0x97, 0x00, 0x00, 0x00, 0x00,
  0x00, 0x00, 0x00, 0x2D, 0xFF, 0x30, 0x00, 0x00, 0x00, 0x00, 0x00, 0x00, 0x92, 0xE2, 0x00, 0x00, 0x00, 0x00, 0x00, 0x00, 0x00, 0x7A, 0xE4, 0x00,
  0x00, 0x00, 0x00, 0x00, 0x00, 0x00, 0x48, 0xFF, 0x2F, 0x00, 0x00, 0x00, 0x00, 0x00, 0x00, 0xC6, 0x99, 0x00, 0x00, 0x00, 0x00, 0x00, 0x00, 0x00,
  0x08, 0xF5, 0x7B, 0x00, 0x00, 0x00, 0x00, 0x00, 0x15, 0xFD, 0xFF, 0xFF, 0xFF, 0xFF, 0xFF, 0xFF, 0xFF, 0xFF, 0xFF, 0xFF, 0xC7, 0x00, 0x00, 0x00,
  0x00, 0x00, 0x5F, 0xEB, 0x02, 0x00, 0x00, 0x00, 0x00, 0x00, 0x00, 0x00, 0x00, 0x4B, 0xFD, 0x15, 0x00, 0x00, 0x00, 0x00, 0xAC, 0xA1, 0x00, 0x00,
  0x00, 0x00, 0x00, 0x00, 0x00, 0x00, 0x00, 0x09, 0xF6, 0x5E, 0x00, 0x00, 0x00, 0x06, 0xF1, 0x55, 0x00, 0x00, 0x00, 0x00, 0x00, 0x00, 0x00, 0x00,
  0x00, 0x00, 0xB5, 0xAA, 0x00, 0x00, 0x00, 0x45, 0xFA, 0x0E, 0x00, 0x00, 0x00, 0x00, 0x00, 0x00, 0x00, 0x00, 0x00, 0x00, 0x6A, 0xF1, 0x05, 0x00,
  0x00, 0x91, 0xBD, 0x00, 0x00, 0x00, 0x00, 0x00, 0x00, 0x00, 0x00, 0x00, 0x00, 0x00, 0x1F, 0xFF, 0x42, 0x00, 0x00, 0xDD, 0x71, 0x00, 0x00, 0x00,
  0x00, 0x00, 0x00, 0x00, 0x00, 0x00, 0x00, 0x00, 0x00, 0xD4, 0x8E, 0x00, 0x2A, 0xFF, 0x25, 0x00, 0x00, 0x00, 0x00, 0x00, 0x00, 0x00, 0x00, 0x00,
  0x00, 0x00, 0x00, 0x89, 0xDA, 0x00, 0x00, 0x00, 0x00, 0xF0, 0xFF, 0xFF, 0xFF, 0xFF, 0xFC, 0xEC, 0xC0, 0x6C, 0x07, 0x00, 0x00, 0x00, 0x00, 0x00,
  0x00, 0x00, 0xF0, 0x6C, 0x00, 0x00, 0x00, 0x07, 0x22, 0x6A, 0xE6, 0xC4, 0x08, 0x00, 0x00, 0x00, 0x00, 0x00, 0x00, 0xF0, 0x6C, 0x00, 0x00, 0x00,
  0x00, 0x00, 0x00, 0x1E, 0xEE, 0x7C, 0x00, 0x00, 0x00, 0x00, 0x00, 0x00, 0xF0, 0x6C, 0x00, 0x00, 0x00, 0x00, 0x00, 0x00, 0x00, 0x87, 0xDF, 0x00,
  0x00, 0x00, 0x00, 0x00, 0x00, 0xF0, 0x6C, 0x00, 0x00, 0x00, 0x00, 0x00, 0x00, 0x00, 0x45, 0xFF, 0x16, 0x00, 0x00, 0x00, 0x00, 0x00, 0xF0, 0x6C,
  0x00, 0x00, 0x00, 0x00, 0x00, 0x00, 0x00, 0x27, 0xFF, 0x32, 0x00, 0x00, 0x00, 0x00, 0x00, 0xF0, 0x6C, 0x00, 0x00, 0x00, 0x00, 0x00, 0x00, 0x00,
  0x22, 0xFF, 0x3A, 0x00, 0x00, 0x00, 0x00, 0x00, 0xF0, 0x6C, 0x00, 0x00, 0x00, 0x00, 0x00, 0x00, 0x00, 0x3A, 0xFF, 0x27, 0x00, 0x00, 0x00, 0x00,
  0x00, 0xF0, 0x6C, 0x00, 0x00, 0x00, 0x00, 0x00, 0x00, 0x00, 0x57, 0xFD, 0x0D, 0x00, 0x00, 0x00, 0x00, 0x00, 0xF0, 0x6C, 0x00, 0x00, 0x00, 0x00,
  0x00, 0x00, 0x00, 0xA0, 0xC0, 0x00, 0x00, 0x00, 0x00, 0x00, 0x00, 0xF0, 0x6C, 0x00, 0x00, 0x00, 0x00, 0x00, 0x00, 0x36, 0xFB, 0x57, 0x00, 0x00,
  0x00, 0x00, 0x00, 0x00, 0xF0, 0x6C, 0x00, 0x00, 0x00, 0x04, 0x21, 0x74, 0xEC, 0x7B, 0x00, 0x00, 0x00, 0x00, 0x00, 0x00, 0x00, 0xF0, 0xFF, 0xFF,
  0xFF, 0xFF, 0xFF, 0xFF, 0xF1, 0x68, 0x02, 0x00, 0x00, 0x00, 0x00, 0x00, 0x00, 0x00, 0xF0, 0x6C, 0x00, 0x00, 0x00, 0x02, 0x14, 0x46, 0xB7, 0xD7,
  0x2B, 0x00, 0x00, 0x00, 0x00, 0x00, 0x00, 0xF0, 0x6C, 0x00, 0x00, 0x00, 0x00, 0x00, 0x00, 0x01, 0xA2, 0xE2, 0x09, 0x00, 0x00, 0x00, 0x00, 0x00,
  0xF0, 0x6C, 0x00, 0x00, 0x00, 0x00, 0x00, 0x00, 0x00, 0x16, 0xFA, 0x61, 0x00, 0x00, 0x00, 0x00, 0x00, 0xF0, 0x6C, 0x00, 0x00, 0x00, 0x00, 0x00,
  0x00, 0x00, 0x00, 0xC4, 0xA0, 0x00, 0x00, 0x00, 0x00, 0x00, 0xF0, 0x6C, 0x00, 0x00, 0x00, 0x00, 0x00, 0x00, 0x00, 0x00, 0x9F, 0xBF, 0x00, 0x00,
  0x00, 0x00, 0x00, 0xF0, 0x6C, 0x00, 0x00, 0x00, 0x00, 0x00, 0x00, 0x00, 0x00, 0x93, 0xC8, 0x00, 0x00, 0x00, 0x00, 0x00, 0xF0, 0x6C, 0x00, 0x00,
  0x00, 0x00, 0x00, 0x00, 0x00, 0x00, 0x9D, 0xBD, 0x00, 0x00, 0x00, 0x00, 0x00, 0xF0, 0x6C, 0x00, 0x00, 0x00, 0x00, 0x00, 0x00, 0x00, 0x00, 0xBC,
  0xA1, 0x00, 0x00, 0x00, 0x00, 0x00, 0xF0, 0x6C, 0x00, 0x00, 0x00, 0x00, 0x00, 0x00, 0x00, 0x0B, 0xF2, 0x69, 0x00, 0x00, 0x00, 0x00, 0x00, 0xF0,
  0x6C, 0x00, 0x00, 0x00, 0x00, 0x00, 0x00, 0x00, 0x88, 0xF1, 0x13, 0x00, 0x00, 0x00, 0x00, 0x00, 0xF0, 0x6C, 0x00, 0x00, 0x00, 0x04, 0x15, 0x43,
  0xAA, 0xF8, 0x52, 0x00, 0x00, 0x00, 0x00, 0x00, 0x00, 0xF0, 0xFF, 0xFF, 0xFF, 0xFF, 0xFE, 0xF2, 0xD5, 0x98, 0x29, 0x00, 0x00, 0x00, 0x00, 0x00,
  0x00, 0x00, 0x00, 0x00, 0x12, 0x81, 0xD0, 0xDF, 0xE3, 0xE4, 0xB6, 0x51, 0x00, 0x00, 0x00, 0x00, 0x00, 0x00, 0x00, 0x00, 0x2F, 0xE5, 0x98, 0x1E,
  0x00, 0x00, 0x12, 0x75, 0xF9, 0x82, 0x00, 0x00, 0x00, 0x00, 0x00, 0x00, 0x0E, 0xE3, 0x96, 0x00, 0x00, 0x00, 0x00, 0x00, 0x00, 0x5E, 0xFE, 0x30,
  0x00, 0x00, 0x00, 0x00, 0x00, 0x7F, 0xE6, 0x0A, 0x00, 0x00, 0x00, 0x00, 0x00, 0x00, 0x00, 0xDB, 0x8E, 0x00, 0x00, 0x00, 0x00, 0x00, 0xDE, 0x8D,
  0x00, 0x00, 0x00, 0x00, 0x00, 0x00, 0x00, 0x00, 0xA7, 0xC2, 0x00, 0x00, 0x00, 0x00, 0x24, 0xFF, 0x3C, 0x00, 0x00, 0x00, 0x00, 0x00, 0x00, 0x00,
  0x00, 0x8A, 0xD7, 0x00, 0x00, 0x00, 0x00, 0x4E, 0xFE, 0x0C, 0x00, 0x00, 0x00, 0x00, 0x00, 0x00, 0x00, 0x00, 0x2E, 0x4F, 0x00, 0x00, 0x00, 0x00,
  0x6C, 0xE7, 0x00, 0x00, 0x00, 0x00, 0x00, 0x00, 0x00, 0x00, 0x00, 0x00, 0x00, 0x00, 0x00, 0x00, 0x00, 0x8A, 0xCF, 0x00, 0x00, 0x00, 0x00, 0x00,
  0x00, 0x00, 0x00, 0x00, 0x00, 0x00, 0x00, 0x00, 0x00, 0x00, 0x9E, 0xC2, 0x00, 0x00, 0x00, 0x00, 0x00, 0x00, 0x00, 0x00, 0x00, 0x00, 0x00, 0x00,
  0x00, 0x00, 0x00, 0xA4, 0xBA, 0x00, 0x00, 0x00, 0x00, 0x00, 0x00, 0x00, 0x00, 0x00, 0x00, 0x00, 0x00, 0x00, 0x00, 0x00, 0xA9, 0xB6, 0x00, 0x00,
  0x00, 0x00, 0x00, 0x00, 0x00, 0x00, 0x00, 0x00, 0x00, 0x00, 0x00, 0x00, 0x00, 0xAE, 0xB4, 0x00, 0x00, 0x00, 0x00, 0x00, 0x00, 0x00, 0x00, 0x00,
  0x00, 0x00, 0x00, 0x00, 0x00, 0x00, 0xAE, 0xB5, 0x00, 0x00, 0x00, 0x00, 0x00, 0x00, 0x00, 0x00, 0x00, 0x00, 0x00, 0x00, 0x00, 0x00, 0x00, 0xAA,
  0xB6, 0x00, 0x00, 0x00, 0x00, 0x00, 0x00, 0x00, 0x00, 0x00, 0x00, 0x00, 0x00, 0x00, 0x00, 0x00, 0xA6, 0xBB, 0x00, 0x00, 0x00, 0x00, 0x00, 0x00,
  0x00, 0x00, 0x00, 0x00, 0x00, 0x00, 0x00, 0x00, 0x00, 0xA2, 0xC4, 0x00, 0x00, 0x00, 0x00, 0x00, 0x00, 0x00, 0x00, 0x00, 0x00, 0x00, 0x00, 0x00,
  0x00, 0x00, 0x94, 0xD3, 0x00, 0x00, 0x00, 0x00, 0x00, 0x00, 0x00, 0x00, 0x00, 0x00, 0x00, 0x00, 0x00, 0x00, 0x00, 0x7B, 0xF1, 0x00, 0x00, 0x00,
  0x00, 0x00, 0x00, 0x00, 0x00, 0x00, 0x40, 0xC0, 0x04, 0x00, 0x00, 0x00, 0x53, 0xFF, 0x17, 0x00, 0x00, 0x00, 0x00, 0x00, 0x00, 0x00, 0x00, 0x62,
  0xF9, 0x00, 0x00, 0x00, 0x00, 0x16, 0xFF, 0x5B, 0x00, 0x00, 0x00, 0x00, 0x00, 0x00, 0x00, 0x00, 0x89, 0xD7, 0x00, 0x00, 0x00, 0x00, 0x00, 0xBA,
  0xB4, 0x00, 0x00, 0x00, 0x00, 0x00, 0x00, 0x00, 0x01, 0xD6, 0x93, 0x00, 0x00, 0x00, 0x00, 0x00, 0x3C, 0xFC, 0x4F, 0x00, 0x00, 0x00, 0x00, 0x00,
  0x00, 0x68, 0xF8, 0x26, 0x00, 0x00, 0x00, 0x00, 0x00, 0x00, 0x5F, 0xF6, 0x76, 0x10, 0x00, 0x00, 0x18, 0x82, 0xF6, 0x5B, 0x00, 0x00, 0x00, 0x00,
  0x00, 0x00, 0x00, 0x00, 0x33, 0xA3, 0xE0, 0xE6, 0xE1, 0xD9, 0x9A, 0x2A, 0x00, 0x00, 0x00, 0x00, 0x00, 0x00, 0x00, 0xF0, 0xFF, 0xFF, 0xFF, 0xFF,
  0xF9, 0xEA, 0xC1, 0x7E, 0x18, 0x00, 0x00, 0x00, 0x00, 0x00, 0x00, 0x00, 0x00, 0xF0, 0x64, 0x00, 0x00, 0x00, 0x04, 0x17, 0x4D, 0xB4, 0xF3, 0x56,
  0x00, 0x00, 0x00, 0x00, 0x00, 0x00, 0x00, 0xF0, 0x64, 0x00, 0x00, 0x00, 0x00, 0x00, 0x00, 0x00, 0x6F, 0xFB, 0x3E, 0x00, 0x00, 0x00, 0x00, 0x00,
  0x00, 0xF0, 0x64, 0x00, 0x00, 0x00, 0x00, 0x00, 0x00, 0x00, 0x00, 0xB2, 0xCC, 0x00, 0x00, 0x00, 0x00, 0x00, 0x00, 0xF0, 0x64, 0x00, 0x00, 0x00,
  0x00, 0x00, 0x00, 0x00, 0x00, 0x48, 0xFF, 0x2B, 0x00, 0x00, 0x00, 0x00, 0x00, 0xF0, 0x64, 0x00, 0x00, 0x00, 0x00, 0x00, 0x00, 0x00, 0x00, 0x0E,
  0xFE, 0x68, 0x00, 0x00, 0x00, 0x00, 0x00, 0xF0, 0x64, 0x00, 0x00, 0x00, 0x00, 0x00, 0x00, 0x00, 0x00, 0x00, 0xD8, 0x8E, 0x00, 0x00, 0x00, 0x00,
  0x00, 0xF0, 0x64, 0x00, 0x00, 0x00, 0x00, 0x00, 0x00, 0x00, 0x00, 0x00, 0xBA, 0xA8, 0x00, 0x00, 0x00, 0x00, 0x00, 0xF0, 0x64, 0x00, 0x00, 0x00,
  0x00, 0x00, 0x00, 0x00, 0x00, 0x00, 0xAA, 0xB9, 0x00, 0x00, 0x00, 0x00, 0x00, 0xF0, 0x64, 0x00, 0x00, 0x00, 0x00, 0x00, 0x00, 0x00, 0x00, 0x00,
  0x9A, 0xC3, 0x00, 0x00, 0x00, 0x00, 0x00, 0xF0, 0x64, 0x00, 0x00, 0x00, 0x00, 0x00, 0x00, 0x00, 0x00, 0x00, 0x97, 0xCA, 0x00, 0x00, 0x00, 0x00,
  0x00, 0xF0, 0x64, 0x00, 0x00, 0x00, 0x00, 0x00, 0x00, 0x00, 0x00, 0x00, 0x95, 0xCD, 0x00, 0x00, 0x00, 0x00, 0x00, 0xF0, 0x64, 0x00, 0x00, 0x00,
  0x00, 0x00, 0x00, 0x00, 0x00, 0x00, 0x95, 0xCE, 0x00, 0x00, 0x00, 0x00, 0x00, 0xF0, 0x64, 0x00, 0x00, 0x00, 0x00, 0x00, 0x00, 0x00, 0x00, 0x00,
  0x99, 0xC7, 0x00, 0x00, 0x00, 0x00, 0x00, 0xF0, 0x64, 0x00, 0x00, 0x00, 0x00, 0x00, 0x00, 0x00, 0x00, 0x00, 0x9F, 0xBF, 0x00, 0x00, 0x00, 0x00,
  0x00, 0xF0, 0x64, 0x00, 0x00, 0x00, 0x00, 0x00, 0x00, 0x00, 0x00, 0x00, 0xAC, 0xB6, 0x00, 0x00, 0x00, 0x00, 0x00, 0xF0, 0x64, 0x00, 0x00, 0x00,
  0x00, 0x00, 0x00, 0x00, 0x00, 0x00, 0xBF, 0xA0, 0x00, 0x00, 0x00, 0x00, 0x00, 0xF0, 0x64, 0x00, 0x00, 0x00, 0x00, 0x00, 0x00, 0x00, 0x00, 0x00,
  0xD9, 0x85, 0x00, 0x00, 0x00, 0x00, 0x00, 0xF0, 0x64, 0x00, 0x00, 0x00, 0x00, 0x00, 0x00, 0x00, 0x00, 0x03, 0xF9, 0x65, 0x00, 0x00, 0x00, 0x00,
  0x00, 0xF0, 0x64, 0x00, 0x00, 0x00, 0x00, 0x00, 0x00, 0x00, 0x00, 0x2F, 0xFF, 0x28, 0x00, 0x00, 0x00, 0x00, 0x00, 0xF0, 0x64, 0x00, 0x00, 0x00,
  0x00, 0x00, 0x00, 0x00, 0x00, 0x76, 0xE4, 0x00, 0x00, 0x00, 0x00, 0x00, 0x00, 0xF0, 0x64, 0x00, 0x00, 0x00, 0x00, 0x00, 0x00, 0x00, 0x07, 0xDD,
  0x70, 0x00, 0x00, 0x00, 0x00, 0x00, 0x00, 0xF0, 0x64, 0x00, 0x00, 0x00, 0x00, 0x00, 0x00, 0x01, 0x96, 0xD7, 0x05, 0x00, 0x00, 0x00, 0x00, 0x00,
  0x00, 0xF0, 0x64, 0x00, 0x00, 0x00, 0x00, 0x0E, 0x49, 0xC9, 0xD6, 0x1E, 0x00, 0x00, 0x00, 0x00, 0x00, 0x00, 0x00, 0xF0, 0xFF, 0xFF, 0xFF, 0xFF,
  0xFC, 0xE9, 0xC0, 0x6C, 0x06, 0x00, 0x00, 0x00, 0x00, 0x00, 0x00, 0x00, 0x00, 0xF0, 0xFF, 0xFF, 0xFF, 0xFF, 0xFF, 0xFF, 0xFF, 0xFF, 0xEC, 0x00,
  0x00, 0x00, 0x00, 0x00, 0xF0, 0x64, 0x00, 0x00, 0x00, 0x00, 0x00, 0x00, 0x00, 0x00, 0x00, 0x00, 0x00, 0x00, 0x00, 0xF0, 0x64, 0x00, 0x00, 0x00,
  0x00, 0x00, 0x00, 0x00, 0x00, 0x00, 0x00, 0x00, 0x00, 0x00, 0xF0, 0x64, 0x00, 0x00, 0x00, 0x00, 0x00, 0x00, 0x00, 0x00, 0x00, 0x00, 0x00, 0x00,
  0x00, 0xF0, 0x64, 0x00, 0x00, 0x00, 0x00, 0x00, 0x00, 0x00, 0x00, 0x00, 0x00, 0x00, 0x00, 0x00, 0xF0, 0x64, 0x00, 0x00, 0x00, 0x00, 0x00, 0x00,
  0x00, 0x00, 0x00, 0x00, 0x00, 0x00, 0x00, 0xF0, 0x64, 0x00, 0x00, 0x00, 0x00, 0x00, 0x00, 0x00, 0x00, 0x00, 0x00, 0x00, 0x00, 0x00, 0xF0, 0x64,
  0x00, 0x00, 0x00, 0x00, 0x00, 0x00, 0x00, 0x00, 0x00, 0x00, 0x00, 0x00, 0x00, 0xF0, 0x64, 0x00, 0x00, 0x00, 0x00, 0x00, 0x00, 0x00, 0x00, 0x00,
  0x00, 0x00, 0x00, 0x00, 0xF0, 0x64, 0x00, 0x00, 0x00, 0x00, 0x00, 0x00, 0x00, 0x00, 0x00, 0x00, 0x00, 0x00, 0x00, 0xF0, 0x64, 0x00, 0x00, 0x00,
  0x00, 0x00, 0x00, 0x00, 0x00, 0x00, 0x00, 0x00, 0x00, 0x00, 0xF0, 0x64, 0x00, 0x00, 0x00, 0x00, 0x00, 0x00, 0x00, 0x00, 0x00, 0x00, 0x00, 0x00,
  0x00, 0xF0, 0xFF, 0xFF, 0xFF, 0xFF, 0xFF, 0xFF, 0xFF, 0xFF, 0x9C, 0x00, 0x00, 0x00, 0x00, 0x00, 0xF0, 0x64, 0x00, 0x00, 0x00, 0x00, 0x00, 0x00,
  0x00, 0x00, 0x00, 0x00, 0x00, 0x00, 0x00, 0xF0, 0x64, 0x00, 0x00, 0x00, 0x00, 0x00, 0x00, 0x00, 0x00, 0x00, 0x00, 0x00, 0x00, 0x00, 0xF0, 0x64,
  0x00, 0x00, 0x00, 0x00, 0x00, 0x00, 0x00, 0x00, 0x00, 0x00, 0x00, 0x00, 0x00, 0xF0, 0x64, 0x00, 0x00, 0x00, 0x00, 0x00, 0x00, 0x00, 0x00, 0x00,
  0x00, 0x00, 0x00, 0x00, 0xF0, 0x64, 0x00, 0x00, 0x00, 0x00, 0x00, 0x00, 0x00, 0x00, 0x00, 0x00, 0x00, 0x00, 0x00, 0xF0, 0x64, 0x00, 0x00, 0x00,
  0x00, 0x00, 0x00, 0x00, 0x00, 0x00, 0x00, 0x00, 0x00, 0x00, 0xF0, 0x64, 0x00, 0x00, 0x00, 0x00, 0x00, 0x00, 0x00, 0x00, 0x00, 0x00, 0x00, 0x00,
  0x00, 0xF0, 0x64, 0x00, 0x00, 0x00, 0x00, 0x00, 0x00, 0x00, 0x00, 0x00, 0x00, 0x00, 0x00, 0x00, 0xF0, 0x64, 0x00, 0x00, 0x00, 0x00, 0x00, 0x00,
  0x00, 0x00, 0x00, 0x00, 0x00, 0x00, 0x00, 0xF0, 0x64, 0x00, 0x00, 0x00, 0x00, 0x00, 0x00, 0x00, 0x00, 0x00, 0x00, 0x00, 0x00, 0x00, 0xF0, 0x64,
  0x00, 0x00, 0x00, 0x00, 0x00, 0x00, 0x00, 0x00, 0x00, 0x00, 0x00, 0x00, 0x00, 0xF0, 0xFF, 0xFF, 0xFF, 0xFF, 0xFF, 0xFF, 0xFF, 0xFF, 0xFF, 0x28,
  0x00, 0x00, 0x00, 0x00, 0xF0, 0xFF, 0xFF, 0xFF, 0xFF, 0xFF, 0xFF, 0xFF, 0xFF, 0x34, 0x00, 0x00, 0x00, 0xF0, 0x64, 0x00, 0x00, 0x00, 0x00, 0x00,
  0x00, 0x00, 0x00, 0x00, 0x00, 0x00, 0xF0, 0x64, 0x00, 0x00, 0x00, 0x00, 0x00, 0x00, 0x00, 0x00, 0x00, 0x00, 0x00, 0xF0, 0x64, 0x00, 0x00, 0x00,
  0x00, 0x00, 0x00, 0x00, 0x00, 0x00, 0x00, 0x00, 0xF0, 0x64, 0x00, 0x00, 0x00, 0x00, 0x00, 0x00, 0x00, 0x00, 0x00, 0x00, 0x00, 0xF0, 0x64, 0x00,
  0x00, 0x00, 0x00, 0x00, 0x00, 0x00, 0x00, 0x00, 0x00, 0x00, 0xF0, 0x64, 0x00, 0x00, 0x00, 0x00, 0x00, 0x00, 0x00, 0x00, 0x00, 0x00, 0x00, 0xF0,
  0x64, 0x00, 0x00, 0x00, 0x00, 0x00, 0x00, 0x00, 0x00, 0x00, 0x00, 0x00, 0xF0, 0x64, 0x00, 0x00, 0x00, 0x00, 0x00, 0x00, 0x00, 0x00, 0x00, 0x00,
  0x00, 0xF0, 0x64, 0x00, 0x00, 0x00, 0x00, 0x00, 0x00, 0x00, 0x00, 0x00, 0x00, 0x00, 0xF0, 0x64, 0x00, 0x00, 0x00, 0x00, 0x00, 0x00, 0x00, 0x00,
  0x00, 0x00, 0x00, 0xF0, 0x64, 0x00, 0x00, 0x00, 0x00, 0x00, 0x00, 0x00, 0x00, 0x00, 0x00, 0x00, 0xF0, 0xFF, 0xFF, 0xFF, 0xFF, 0xFF, 0xFF, 0xFF,
  0xA8, 0x00, 0x00, 0x00, 0x00, 0xF0, 0x64, 0x00, 0x00, 0x00, 0x00, 0x00, 0x00, 0x00, 0x00, 0x00, 0x00, 0x00, 0xF0, 0x64, 0x00, 0x00, 0x00, 0x00,
  0x00, 0x00, 0x00, 0x00, 0x00, 0x00, 0x00, 0xF0, 0x64, 0x00, 0x00, 0x00, 0x00, 0x00, 0x00, 0x00, 0x00, 0x00, 0x00, 0x00, 0xF0, 0x64, 0x00, 0x00,
  0x00, 0x00, 0x00, 0x00, 0x00, 0x00, 0x00, 0x00, 0x00, 0xF0, 0x64, 0x00, 0x00, 0x00, 0x00, 0x00, 0x00, 0x00, 0x00, 0x00, 0x00, 0x00, 0xF0, 0x64,
  0x00, 0x00, 0x00, 0x00, 0x00, 0x00, 0x00, 0x00, 0x00, 0x00, 0x00, 0xF0, 0x64, 0x00, 0x00, 0x00, 0x00, 0x00, 0x00, 0x00, 0x00, 0x00, 0x00, 0x00,
  0xF0, 0x64, 0x00, 0x00, 0x00, 0x00, 0x00, 0x00, 0x00, 0x00, 0x00, 0x00, 0x00, 0xF0, 0x64, 0x00, 0x00, 0x00, 0x00, 0x00, 0x00, 0x00, 0x00, 0x00,
  0x00, 0x00, 0xF0, 0x64, 0x00, 0x00, 0x00, 0x00, 0x00, 0x00, 0x00, 0x00, 0x00, 0x00, 0x00, 0xF0, 0x64, 0x00, 0x00, 0x00, 0x00, 0x00, 0x00, 0x00,
  0x00, 0x00, 0x00, 0x00, 0xF0, 0x64, 0x00, 0x00, 0x00, 0x00, 0x00, 0x00, 0x00, 0x00, 0x00, 0x00, 0x00, 0x00, 0x00, 0x0E, 0x7F, 0xCE, 0xE9, 0xE1,
  0xE7, 0xC9, 0x82, 0x13, 0x00, 0x00, 0x00, 0x00, 0x00, 0x00, 0x00, 0x00, 0x19, 0xDC, 0xAE, 0x2F, 0x00, 0x00, 0x04, 0x42, 0xD0, 0xE0, 0x19, 0x00,
  0x00, 0x00, 0x00, 0x00, 0x00, 0x05, 0xD1, 0x96, 0x00, 0x00, 0x00, 0x00, 0x00, 0x00, 0x10, 0xE3, 0xA4, 0x00, 0x00, 0x00, 0x00, 0x00, 0x00, 0x68,
  0xE1, 0x08, 0x00, 0x00, 0x00, 0x00, 0x00, 0x00, 0x00, 0x73, 0xF7, 0x05, 0x00, 0x00, 0x00, 0x00, 0x00, 0xD7, 0x7A, 0x00, 0x00, 0x00, 0x00, 0x00,
  0x00, 0x00, 0x00, 0x34, 0xFF, 0x2C, 0x00, 0x00, 0x00, 0x00, 0x1E, 0xFF, 0x34, 0x00, 0x00, 0x00, 0x00, 0x00, 0x00, 0x00, 0x00, 0x1C, 0xFF, 0x3F,
  0x00, 0x00, 0x00, 0x00, 0x56, 0xFC, 0x09, 0x00, 0x00, 0x00, 0x00, 0x00, 0x00, 0x00, 0x00, 0x03, 0x28, 0x0A, 0x00, 0x00, 0x00, 0x00, 0x77, 0xD9,
  0x00, 0x00, 0x00, 0x00, 0x00, 0x00, 0x00, 0x00, 0x00, 0x00, 0x00, 0x00, 0x00, 0x00, 0x00, 0x00, 0x90, 0xC8, 0x00, 0x00, 0x00, 0x00, 0x00, 0x00,
  0x00, 0x00, 0x00, 0x00, 0x00, 0x00, 0x00, 0x00, 0x00, 0x00, 0x99, 0xBC, 0x00, 0x00, 0x00, 0x00, 0x00, 0x00, 0x00, 0x00, 0x00, 0x00, 0x00, 0x00,
  0x00, 0x00, 0x00, 0x00, 0xA0, 0xB4, 0x00, 0x00, 0x00, 0x00, 0x00, 0x00, 0x00, 0x00, 0x00, 0x00, 0x00, 0x00, 0x00, 0x00, 0x00, 0x00, 0xA7, 0xB4,
  0x00, 0x00, 0x00, 0x00, 0x00, 0x00, 0x00, 0x00, 0x00, 0x00, 0x00, 0x00, 0x00, 0x00, 0x00, 0x00, 0xAE, 0xB4, 0x00, 0x00, 0x00, 0x00, 0x54, 0xFF,
  0xFF, 0xFF, 0xFF, 0xFF, 0xFF, 0x28, 0x00, 0x00, 0x00, 0x00, 0xAE, 0xB5, 0x00, 0x00, 0x00, 0x00, 0x00, 0x00, 0x00, 0x00, 0x00, 0x28, 0xFF, 0x28,
  0x00, 0x00, 0x00, 0x00, 0xAB, 0xB7, 0x00, 0x00, 0x00, 0x00, 0x00, 0x00, 0x00, 0x00, 0x00, 0x28, 0xFF, 0x28, 0x00, 0x00, 0x00, 0x00, 0xA7, 0xB9,
  0x00, 0x00, 0x00, 0x00, 0x00, 0x00, 0x00, 0x00, 0x00, 0x28, 0xFF, 0x28, 0x00, 0x00, 0x00, 0x00, 0x96, 0xBD, 0x00, 0x00, 0x00, 0x00, 0x00, 0x00,
  0x00, 0x00, 0x00, 0x28, 0xFF, 0x28, 0x00, 0x00, 0x00, 0x00, 0x7F, 0xCE, 0x00, 0x00, 0x00, 0x00, 0x00, 0x00, 0x00, 0x00, 0x00, 0x28, 0xFF, 0x28,
  0x00, 0x00, 0x00, 0x00, 0x63, 0xE9, 0x00, 0x00, 0x00, 0x00, 0x00, 0x00, 0x00, 0x00, 0x00, 0x28, 0xFF, 0x28, 0x00, 0x00, 0x00, 0x00, 0x27, 0xFF,
  0x20, 0x00, 0x00, 0x00, 0x00, 0x00, 0x00, 0x00, 0x00, 0x28, 0xFF, 0x28, 0x00, 0x00, 0x00, 0x00, 0x00, 0xE3, 0x6C, 0x00, 0x00, 0x00, 0x00, 0x00,
  0x00, 0x00, 0x00, 0x28, 0xFF, 0x28, 0x00, 0x00, 0x00, 0x00, 0x00, 0x87, 0xDC, 0x05, 0x00, 0x00, 0x00, 0x00, 0x00, 0x00, 0x00, 0x28, 0xFF, 0x28,
  0x00, 0x00, 0x00, 0x00, 0x00, 0x12, 0xE2, 0x9D, 0x00, 0x00, 0x00, 0x00, 0x00, 0x00, 0x00, 0x28, 0xFF, 0x28, 0x00, 0x00, 0x00, 0x00, 0x00, 0x00,
  0x2A, 0xDE, 0xAB, 0x31, 0x01, 0x00, 0x00, 0x0A, 0x3D, 0xA1, 0xFF, 0x26, 0x00, 0x00, 0x00, 0x00, 0x00, 0x00, 0x00, 0x09, 0x70, 0xC0, 0xDF, 0xE0,
  0xE9, 0xDD, 0xB6, 0x7C, 0x2C, 0x00, 0x00, 0x00, 0x00, 0x00, 0x00, 0xF0, 0x64, 0x00, 0x00, 0x00, 0x00, 0x00, 0x00, 0x00, 0x00, 0x00, 0xA0, 0xB4,
  0x00, 0x00, 0x00, 0x00, 0x00, 0x00, 0xF0, 0x64, 0x00, 0x00, 0x00, 0x00, 0x00, 0x00, 0x00, 0x00, 0x00, 0xA0, 0xB4, 0x00, 0x00, 0x00, 0x00, 0x00,
  0x00, 0xF0, 0x64, 0x00, 0x00, 0x00, 0x00, 0x00, 0x00, 0x00, 0x00, 0x00, 0xA0, 0xB4, 0x00, 0x00, 0x00, 0x00, 0x00, 0x00, 0xF0, 0x64, 0x00, 0x00,
  0x00, 0x00, 0x00, 0x00, 0x00, 0x00, 0x00, 0xA0, 0xB4, 0x00, 0x00, 0x00, 0x00, 0x00, 0x00, 0xF0, 0x64, 0x00, 0x00, 0x00, 0x00, 0x00, 0x00, 0x00,
  0x00, 0x00, 0xA0, 0xB4, 0x00, 0x00, 0x00, 0x00, 0x00, 0x00, 0xF0, 0x64, 0x00, 0x00, 0x00, 0x00, 0x00, 0x00, 0x00, 0x00, 0x00, 0xA0, 0xB4, 0x00,
  0x00, 0x00, 0x00, 0x00, 0x00, 0xF0, 0x64, 0x00, 0x00, 0x00, 0x00, 0x00, 0x00, 0x00, 0x00, 0x00, 0xA0, 0xB4, 0x00, 0x00, 0x00, 0x00, 0x00, 0x00,
  0xF0, 0x64, 0x00, 0x00, 0x00, 0x00, 0x00, 0x00, 0x00, 0x00, 0x00, 0xA0, 0xB4, 0x00, 0x00, 0x00, 0x00, 0x00, 0x00, 0xF0, 0x64, 0x00, 0x00, 0x00,
  0x00, 0x00, 0x00, 0x00, 0x00, 0x00, 0xA0, 0xB4, 0x00, 0x00, 0x00, 0x00, 0x00, 0x00, 0xF0, 0x64, 0x00, 0x00, 0x00, 0x00, 0x00, 0x00, 0x00, 0x00,
  0x00, 0xA0, 0xB4, 0x00, 0x00, 0x00, 0x00, 0x00, 0x00, 0xF0, 0x64, 0x00, 0x00, 0x00, 0x00, 0x00, 0x00, 0x00, 0x00, 0x00, 0xA0, 0xB4, 0x00, 0x00,
  0x00, 0x00, 0x00, 0x00, 0xF0, 0x64, 0x00, 0x00, 0x00, 0x00, 0x00, 0x00, 0x00, 0x00, 0x00, 0xA0, 0xB4, 0x00, 0x00, 0x00, 0x00, 0x00, 0x00, 0xF0,
  0xFF, 0xFF, 0xFF, 0xFF, 0xFF, 0xFF, 0xFF, 0xFF, 0xFF, 0xFF, 0xFF, 0xB4, 0x00, 0x00, 0x00, 0x00, 0x00, 0x00, 0xF0, 0x64, 0x00, 0x00, 0x00, 0x00,
  0x00, 0x00, 0x00, 0x00, 0x00, 0xA0, 0xB4, 0x00, 0x00, 0x00, 0x00, 0x00, 0x00, 0xF0, 0x64, 0x00, 0x00, 0x00, 0x00, 0x00, 0x00, 0x00, 0x00, 0x00,
  0xA0, 0xB4, 0x00, 0x00, 0x00, 0x00, 0x00, 0x00, 0xF0, 0x64, 0x00, 0x00, 0x00, 0x00, 0x00, 0x00, 0x00, 0x00, 0x00, 0xA0, 0xB4, 0x00, 0x00, 0x00,
  0x00, 0x00, 0x00, 0xF0, 0x64, 0x00, 0x00, 0x00, 0x00, 0x00, 0x00, 0x00, 0x00, 0x00, 0xA0, 0xB4, 0x00, 0x00, 0x00, 0x00, 0x00, 0x00, 0xF0, 0x64,
  0x00, 0x00, 0x00, 0x00, 0x00, 0x00, 0x00, 0x00, 0x00, 0xA0, 0xB4, 0x00, 0x00, 0x00, 0x00, 0x00, 0x00, 0xF0, 0x64, 0x00, 0x00, 0x00, 0x00, 0x00,
  0x00, 0x00, 0x00, 0x00, 0xA0, 0xB4, 0x00, 0x00, 0x00, 0x00, 0x00, 0x00, 0xF0, 0x64, 0x00, 0x00, 0x00, 0x00, 0x00, 0x00, 0x00, 0x00, 0x00, 0xA0,
  0xB4, 0x00, 0x00, 0x00, 0x00, 0x00, 0x00, 0xF0, 0x64, 0x00, 0x00, 0x00, 0x00, 0x00, 0x00, 0x00, 0x00, 0x00, 0xA0, 0xB4, 0x00, 0x00, 0x00, 0x00,
  0x00, 0x00, 0xF0, 0x64, 0x00, 0x00, 0x00, 0x00, 0x00, 0x00, 0x00, 0x00, 0x00, 0xA0, 0xB4, 0x00, 0x00, 0x00, 0x00, 0x00, 0x00, 0xF0, 0x64, 0x00,
  0x00, 0x00, 0x00, 0x00, 0x00, 0x00, 0x00, 0x00, 0xA0, 0xB4, 0x00, 0x00, 0x00, 0x00, 0x00, 0x00, 0xF0, 0x64, 0x00, 0x00, 0x00, 0x00, 0x00, 0x00,
  0x00, 0x00, 0x00, 0xA0, 0xB4, 0x00, 0x00, 0x00, 0x00, 0x00, 0x00, 0xF0, 0x64, 0x00, 0x00, 0x00, 0x00, 0x00, 0x00, 0x00, 0x00, 0x00, 0xA0, 0xB4,
  0x00, 0x00, 0x00, 0x00, 0x00, 0x00, 0xF0, 0x64, 0x00, 0x00, 0x00, 0x00, 0x00, 0xF0, 0x64, 0x00, 0x00, 0x00, 0x00, 0x00, 0xF0, 0x64, 0x00, 0x00,
  0x00, 0x00, 0x00, 0xF0, 0x64, 0x00, 0x00, 0x00, 0x00, 0x00, 0xF0, 0x64, 0x00, 0x00, 0x00, 0x00, 0x00, 0xF0, 0x64, 0x00, 0x00, 0x00, 0x00, 0x00,
  0xF0, 0x64, 0x00, 0x00, 0x00, 0x00, 0x00, 0xF0, 0x64, 0x00, 0x00, 0x00, 0x00, 0x00, 0xF0, 0x64, 0x00, 0x00, 0x00, 0x00, 0x00, 0xF0, 0x64, 0x00,
  0x00, 0x00, 0x00, 0x00, 0xF0, 0x64, 0x00, 0x00, 0x00, 0x00, 0x00, 0xF0, 0x64, 0x00, 0x00, 0x00, 0x00, 0x00, 0xF0, 0x64, 0x00, 0x00, 0x00, 0x00,
  0x00, 0xF0, 0x64, 0x00, 0x00, 0x00, 0x00, 0x00, 0xF0, 0x64, 0x00, 0x00, 0x00, 0x00, 0x00, 0xF0, 0x64, 0x00, 0x00, 0x00, 0x00, 0x00, 0xF0, 0x64,
  0x00, 0x00, 0x00, 0x00, 0x00, 0xF0, 0x64, 0x00, 0x00, 0x00, 0x00, 0x00, 0xF0, 0x64, 0x00, 0x00, 0x00, 0x00, 0x00, 0xF0, 0x64, 0x00, 0x00, 0x00,
  0x00, 0x00, 0xF0, 0x64, 0x00, 0x00, 0x00, 0x00, 0x00, 0xF0, 0x64, 0x00, 0x00, 0x00, 0x00, 0x00, 0xF0, 0x64, 0x00, 0x00, 0x00, 0x00, 0x00, 0xF0,
  0x64, 0x00, 0x00, 0x00, 0x00, 0x00, 0xF0, 0x64, 0x00, 0x00, 0x00, 0x00, 0x00, 0x00, 0x00, 0x00, 0x00, 0x00, 0x00, 0x00, 0xBC, 0x98, 0x00, 0x00,
  0x00, 0x00, 0x00, 0x00, 0x00, 0x00, 0x00, 0x00, 0x00, 0x00, 0xBC, 0x98, 0x00, 0x00, 0x00, 0x00, 0x00, 0x00, 0x00, 0x00, 0x00, 0x00, 0x00, 0x00,
  0xBC, 0x98, 0x00, 0x00, 0x00, 0x00, 0x00, 0x00, 0x00, 0x00, 0x00, 0x00, 0x00, 0x00, 0xBC, 0x98, 0x00, 0x00, 0x00, 0x00, 0x00, 0x00, 0x00, 0x00,
  0x00, 0x00, 0x00, 0x00, 0xBC, 0x98, 0x00, 0x00, 0x00, 0x00, 0x00, 0x00, 0x00, 0x00, 0x00, 0x00, 0x00, 0x00, 0xBC, 0x98, 0x00, 0x00, 0x00, 0x00,
  0x00, 0x00, 0x00, 0x00, 0x00, 0x00, 0x00, 0x00, 0xBC, 0x98, 0x00, 0x00, 0x00, 0x00, 0x00, 0x00, 0x00, 0x00, 0x00, 0x00, 0x00, 0x00, 0xBC, 0x98,
  0x00, 0x00, 0x00, 0x00, 0x00, 0x00, 0x00, 0x00, 0x00, 0x00, 0x00, 0x00, 0xBC, 0x98, 0x00, 0x00, 0x00, 0x00, 0x00, 0x00, 0x00, 0x00, 0x00, 0x00,
  0x00, 0x00, 0xBC, 0x98, 0x00, 0x00, 0x00, 0x00, 0x00, 0x00, 0x00, 0x00, 0x00, 0x00, 0x00, 0x00, 0xBC, 0x98, 0x00, 0x00, 0x00, 0x00, 0x00, 0x00,
  0x00, 0x00, 0x00, 0x00, 0x00, 0x00, 0xBC, 0x98, 0x00, 0x00, 0x00, 0x00, 0x00, 0x00, 0x00, 0x00, 0x00, 0x00, 0x00, 0x00, 0xBC, 0x98, 0x00, 0x00,
  0x00, 0x00, 0x00, 0x00, 0x00, 0x00, 0x00, 0x00, 0x00, 0x00, 0xBC, 0x98, 0x00, 0x00, 0x00, 0x00, 0x00, 0x00, 0x00, 0x00, 0x00, 0x00, 0x00, 0x00,
  0xBC, 0x98, 0x00, 0x00, 0x00, 0x00, 0x00, 0x00, 0x00, 0x00, 0x00, 0x00, 0x00, 0x00, 0xBC, 0x98, 0x00, 0x00, 0x00, 0x00, 0x00, 0x00, 0x00, 0x00,
  0x00, 0x00, 0x00, 0x00, 0xBC, 0x98, 0x00, 0x00, 0x00, 0x00, 0x00, 0x00, 0x00, 0x00, 0x00, 0x00, 0x00, 0x00, 0xBC, 0x95, 0x00, 0x00, 0x00, 0x51,
  0x31, 0x00, 0x00, 0x00, 0x00, 0x00, 0x00, 0x00, 0xC2, 0x8E, 0x00, 0x00, 0x00, 0xCC, 0x8B, 0x00, 0x00, 0x00, 0x00, 0x00, 0x00, 0x00, 0xD0, 0x7E,
  0x00, 0x00, 0x00, 0xB6, 0x99, 0x00, 0x00, 0x00, 0x00, 0x00, 0x00, 0x00, 0xEC, 0x63, 0x00, 0x00, 0x00, 0x98, 0xC2, 0x00, 0x00, 0x00, 0x00, 0x00,
  0x00, 0x23, 0xFF, 0x2F, 0x00, 0x00, 0x00, 0x4F, 0xFD, 0x2A, 0x00, 0x00, 0x00, 0x00, 0x00, 0x8D, 0xD1, 0x00, 0x00, 0x00, 0x00, 0x01, 0xBE, 0xDD,
  0x3E, 0x00, 0x00, 0x0B, 0x74, 0xF1, 0x34, 0x00, 0x00, 0x00, 0x00, 0x00, 0x0B, 0x80, 0xD0, 0xE7, 0xE0, 0xDF, 0xA3, 0x28, 0x00, 0x00, 0x00, 0x00,
  0x00, 0x00, 0x00, 0xF0, 0x64, 0x00, 0x00, 0x00, 0x00, 0x00, 0x00, 0x00, 0x0B, 0xD6, 0xB3, 0x01, 0x00, 0x00, 0x00, 0xF0, 0x64, 0x00, 0x00, 0x00,
  0x00, 0x00, 0x00, 0x00, 0xA5, 0xDE, 0x11, 0x00, 0x00, 0x00, 0x00, 0xF0, 0x64, 0x00, 0x00, 0x00, 0x00, 0x00, 0x00, 0x6A, 0xF8, 0x32, 0x00, 0x00,
  0x00, 0x00, 0x00, 0xF0, 0x64, 0x00, 0x00, 0x00, 0x00, 0x00, 0x33, 0xF8, 0x65, 0x00, 0x00, 0x00, 0x00, 0x00, 0x00, 0xF0, 0x64, 0x00, 0x00, 0x00,
  0x00, 0x11, 0xDF, 0xA0, 0x00, 0x00, 0x00, 0x00, 0x00, 0x00, 0x00, 0xF0, 0x64, 0x00, 0x00, 0x00, 0x01, 0xB3, 0xD2, 0x09, 0x00, 0x00, 0x00, 0x00,
  0x00, 0x00, 0x00, 0xF0, 0x64, 0x00, 0x00, 0x00, 0x79, 0xF1, 0x25, 0x00, 0x00, 0x00, 0x00, 0x00, 0x00, 0x00, 0x00, 0xF0, 0x64, 0x00, 0x00, 0x3F,
  0xFB, 0x52, 0x00, 0x00, 0x00, 0x00, 0x00, 0x00, 0x00, 0x00, 0x00, 0xF0, 0x64, 0x00, 0x18, 0xE7, 0x8C, 0x00, 0x00, 0x00, 0x00, 0x00, 0x00, 0x00,
  0x00, 0x00, 0x00, 0xF0, 0x64, 0x03, 0xBF, 0xC2, 0x04, 0x00, 0x00, 0x00, 0x00, 0x00, 0x00, 0x00, 0x00, 0x00, 0x00, 0xF0, 0x64, 0x88, 0xE8, 0x19,
  0x00, 0x00, 0x00, 0x00, 0x00, 0x00, 0x00, 0x00, 0x00, 0x00, 0x00, 0xF0, 0xA4, 0xFE, 0x48, 0x00, 0x00, 0x00, 0x00, 0x00, 0x00, 0x00, 0x00, 0x00,
  0x00, 0x00, 0x00, 0xF0, 0x76, 0xE5, 0x91, 0x00, 0x00, 0x00, 0x00, 0x00, 0x00, 0x00, 0x00, 0x00, 0x00, 0x00, 0x00, 0xF0, 0x64, 0x47, 0xFD, 0x45,
  0x00, 0x00, 0x00, 0x00, 0x00, 0x00, 0x00, 0x00, 0x00, 0x00, 0x00, 0xF0, 0x64, 0x00, 0x96, 0xE5, 0x11, 0x00, 0x00, 0x00, 0x00, 0x00, 0x00, 0x00,
  0x00, 0x00, 0x00, 0xF0, 0x64, 0x00, 0x0A, 0xDA, 0xA9, 0x00, 0x00, 0x00, 0x00, 0x00, 0x00, 0x00, 0x00, 0x00, 0x00, 0xF0, 0x64, 0x00, 0x00, 0x37,
  0xFC, 0x5C, 0x00, 0x00, 0x00, 0x00, 0x00, 0x00, 0x00, 0x00, 0x00, 0xF0, 0x64, 0x00, 0x00, 0x00, 0x83, 0xF0, 0x1E, 0x00, 0x00, 0x00, 0x00, 0x00,
  0x00, 0x00, 0x00, 0xF0, 0x64, 0x00, 0x00, 0x00, 0x05, 0xCD, 0xBF, 0x02, 0x00, 0x00, 0x00, 0x00, 0x00, 0x00, 0x00, 0xF0, 0x64, 0x00, 0x00, 0x00,
  0x00, 0x29, 0xF7, 0x74, 0x00, 0x00, 0x00, 0x00, 0x00, 0x00, 0x00, 0xF0, 0x64, 0x00, 0x00, 0x00, 0x00, 0x00, 0x70, 0xF8, 0x2E, 0x00, 0x00, 0x00,
  0x00, 0x00, 0x00, 0xF0, 0x64, 0x00, 0x00, 0x00, 0x00, 0x00, 0x01, 0xBD, 0xD2, 0x07, 0x00, 0x00, 0x00, 0x00, 0x00, 0xF0, 0x64, 0x00, 0x00, 0x00,
  0x00, 0x00, 0x00, 0x1D, 0xF0, 0x8C, 0x00, 0x00, 0x00, 0x00, 0x00, 0xF0, 0x64, 0x00, 0x00, 0x00, 0x00, 0x00, 0x00, 0x00, 0x5D, 0xFE, 0x41, 0x00,
  0x00, 0x00, 0x00, 0xF0, 0x64, 0x00, 0x00, 0x00, 0x00, 0x00, 0x00, 0x00, 0x00, 0xAC, 0xE2, 0x10, 0x00, 0x00, 0x00, 0xF0, 0x64, 0x00, 0x00, 0x00,
  0x00, 0x00, 0x00, 0x00, 0x00, 0x00, 0x00, 0x00, 0xF0, 0x64, 0x00, 0x00, 0x00, 0x00, 0x00, 0x00, 0x00, 0x00, 0x00, 0x00, 0x00, 0xF0, 0x64, 0x00,
  0x00, 0x00, 0x00, 0x00, 0x00, 0x00, 0x00, 0x00, 0x00, 0x00, 0xF0, 0x64, 0x00, 0x00, 0x00, 0x00, 0x00, 0x00, 0x00, 0x00, 0x00, 0x00, 0x00, 0xF0,
  0x64, 0x00, 0x00, 0x00, 0x00, 0x00, 0x00, 0x00, 0x00, 0x00, 0x00, 0x00, 0xF0, 0x64, 0x00, 0x00, 0x00, 0x00, 0x00, 0x00, 0x00, 0x00, 0x00, 0x00,
  0x00, 0xF0, 0x64, 0x00, 0x00, 0x00, 0x00, 0x00, 0x00, 0x00, 0x00, 0x00, 0x00, 0x00, 0xF0, 0x64, 0x00, 0x00, 0x00, 0x00, 0x00, 0x00, 0x00, 0x00,
  0x00, 0x00, 0x00, 0xF0, 0x64, 0x00, 0x00, 0x00, 0x00, 0x00, 0x00, 0x00, 0x00, 0x00, 0x00, 0x00, 0xF0, 0x64, 0x00, 0x00, 0x00, 0x00, 0x00, 0x00,
  0x00, 0x00, 0x00, 0x00, 0x00, 0xF0, 0x64, 0x00, 0x00, 0x00, 0x00, 0x00, 0x00, 0x00, 0x00, 0x00, 0x00, 0x00, 0xF0, 0x64, 0x00, 0x00, 0x00, 0x00,
  0x00, 0x00, 0x00, 0x00, 0x00, 0x00, 0x00, 0xF0, 0x64, 0x00, 0x00, 0x00, 0x00, 0x00, 0x00, 0x00, 0x00, 0x00, 0x00, 0x00, 0xF0, 0x64, 0x00, 0x00,
  0x00, 0x00, 0x00, 0x00, 0x00, 0x00, 0x00, 0x00, 0x00, 0xF0, 0x64, 0x00, 0x00, 0x00, 0x00, 0x00, 0x00, 0x00, 0x00, 0x00, 0x00, 0x00, 0xF0, 0x64,
  0x00, 0x00, 0x00, 0x00, 0x00, 0x00, 0x00, 0x00, 0x00, 0x00, 0x00, 0xF0, 0x64, 0x00, 0x00, 0x00, 0x00, 0x00, 0x00, 0x00, 0x00, 0x00, 0x00, 0x00,
  0xF0, 0x64, 0x00, 0x00, 0x00, 0x00, 0x00, 0x00, 0x00, 0x00, 0x00, 0x00, 0x00, 0xF0, 0x64, 0x00, 0x00, 0x00, 0x00, 0x00, 0x00, 0x00, 0x00, 0x00,
  0x00, 0x00, 0xF0, 0x64, 0x00, 0x00, 0x00, 0x00, 0x00, 0x00, 0x00, 0x00, 0x00, 0x00, 0x00, 0xF0, 0x64, 0x00, 0x00, 0x00, 0x00, 0x00, 0x00, 0x00,
  0x00, 0x00, 0x00, 0x00, 0xF0, 0x64, 0x00, 0x00, 0x00, 0x00, 0x00, 0x00, 0x00, 0x00, 0x00, 0x00, 0x00, 0xF0, 0x64, 0x00, 0x00, 0x00, 0x00, 0x00,
  0x00, 0x00, 0x00, 0x00, 0x00, 0x00, 0xF0, 0x64, 0x00, 0x00, 0x00, 0x00, 0x00, 0x00, 0x00, 0x00, 0x00, 0x00, 0x00, 0xF0, 0xFF, 0xFF, 0xFF, 0xFF,
  0xFF, 0xFF, 0xFF, 0xFF, 0x2C, 0x00, 0x00, 0x00, 0xF0, 0xFF, 0x5C, 0x00, 0x00, 0x00, 0x00, 0x00, 0x00, 0x00, 0x00, 0x00, 0x00, 0x00, 0x00, 0x00,
  0x00, 0xB9, 0xFF, 0x94, 0x00, 0x00, 0x00, 0x00, 0x00, 0x00, 0xF0, 0xE8, 0xAF, 0x00, 0x00, 0x00, 0x00, 0x00, 0x00, 0x00, 0x00, 0x00, 0x00, 0x00,
  0x00, 0x00, 0x0F, 0xFA, 0xE8, 0x94, 0x00, 0x00, 0x00, 0x00, 0x00, 0x00, 0xF0, 0x98, 0xF6, 0x0A, 0x00, 0x00, 0x00, 0x00, 0x00, 0x00, 0x00, 0x00,
  0x00, 0x00, 0x00, 0x00, 0x5C, 0xD9, 0xC0, 0x94, 0x00, 0x00, 0x00, 0x00, 0x00, 0x00, 0xF0, 0x51, 0xF4, 0x53, 0x00, 0x00, 0x00, 0x00, 0x00, 0x00,
  0x00, 0x00, 0x00, 0x00, 0x00, 0x00, 0xAD, 0x86, 0xC0, 0x94, 0x00, 0x00, 0x00, 0x00, 0x00, 0x00, 0xF0, 0x48, 0xAB, 0xA6, 0x00, 0x00, 0x00, 0x00,
  0x00, 0x00, 0x00, 0x00, 0x00, 0x00, 0x00, 0x09, 0xF5, 0x34, 0xC0, 0x94, 0x00, 0x00, 0x00, 0x00, 0x00, 0x00, 0xF0, 0x48, 0x58, 0xF1, 0x06, 0x00,
  0x00, 0x00, 0x00, 0x00, 0x00, 0x00, 0x00, 0x00, 0x00, 0x50, 0xE1, 0x00, 0xC0, 0x94, 0x00, 0x00, 0x00, 0x00, 0x00, 0x00, 0xF0, 0x48, 0x0D, 0xF8,
  0x4A, 0x00, 0x00, 0x00, 0x00, 0x00, 0x00, 0x00, 0x00, 0x00, 0x00, 0xA1, 0x90, 0x00, 0xC0, 0x94, 0x00, 0x00, 0x00, 0x00, 0x00, 0x00, 0xF0, 0x48,
  0x00, 0xB2, 0x9C, 0x00, 0x00, 0x00, 0x00, 0x00, 0x00, 0x00, 0x00, 0x00, 0x04, 0xED, 0x3E, 0x00, 0xC0, 0x94, 0x00, 0x00, 0x00, 0x00, 0x00, 0x00,
  0xF0, 0x48, 0x00, 0x5F, 0xEB, 0x03, 0x00, 0x00, 0x00, 0x00, 0x00, 0x00, 0x00, 0x00, 0x44, 0xE9, 0x02, 0x00, 0xC0, 0x94, 0x00, 0x00, 0x00, 0x00,
  0x00, 0x00, 0xF0, 0x48, 0x00, 0x11, 0xFA, 0x41, 0x00, 0x00, 0x00, 0x00, 0x00, 0x00, 0x00, 0x00, 0x96, 0x99, 0x00, 0x00, 0xC0, 0x94, 0x00, 0x00,
  0x00, 0x00, 0x00, 0x00, 0xF0, 0x48, 0x00, 0x00, 0xBA, 0x93, 0x00, 0x00, 0x00, 0x00, 0x00, 0x00, 0x00, 0x01, 0xE5, 0x47, 0x00, 0x00, 0xC0, 0x94,
  0x00, 0x00, 0x00, 0x00, 0x00, 0x00, 0xF0, 0x48, 0x00, 0x00, 0x67, 0xE4, 0x01, 0x00, 0x00, 0x00, 0x00, 0x00, 0x00, 0x38, 0xEF, 0x05, 0x00, 0x00,
  0xC0, 0x94, 0x00, 0x00, 0x00, 0x00, 0x00, 0x00, 0xF0, 0x48, 0x00, 0x00, 0x17, 0xFD, 0x38, 0x00, 0x00, 0x00, 0x00, 0x00, 0x00, 0x8A, 0xA3, 0x00,
  0x00, 0x00, 0xC0, 0x94, 0x00, 0x00, 0x00, 0x00, 0x00, 0x00, 0xF0, 0x48, 0x00, 0x00, 0x00, 0xC1, 0x8A, 0x00, 0x00, 0x00, 0x00, 0x00, 0x00, 0xDB,
  0x51, 0x00, 0x00, 0x00, 0xC0, 0x94, 0x00, 0x00, 0x00, 0x00, 0x00, 0x00, 0xF0, 0x48, 0x00, 0x00, 0x00, 0x6E, 0xDC, 0x00, 0x00, 0x00, 0x00, 0x00,
  0x2D, 0xF4, 0x09, 0x00, 0x00, 0x00, 0xC0, 0x94, 0x00, 0x00, 0x00, 0x00, 0x00, 0x00, 0xF0, 0x48, 0x00, 0x00, 0x00, 0x1C, 0xFE, 0x2E, 0x00, 0x00,
  0x00, 0x00, 0x7E, 0xAC, 0x00, 0x00, 0x00, 0x00, 0xC0, 0x94, 0x00, 0x00, 0x00, 0x00, 0x00, 0x00, 0xF0, 0x48, 0x00, 0x00, 0x00, 0x00, 0xC8, 0x81,
  0x00, 0x00, 0x00, 0x00, 0xD0, 0x5A, 0x00, 0x00, 0x00, 0x00, 0xC0, 0x94, 0x00, 0x00, 0x00, 0x00, 0x00, 0x00, 0xF0, 0x48, 0x00, 0x00, 0x00, 0x00,
  0x76, 0xD3, 0x00, 0x00, 0x00, 0x21, 0xF9, 0x0E, 0x00, 0x00, 0x00, 0x00, 0xC0, 0x94, 0x00, 0x00, 0x00, 0x00, 0x00, 0x00, 0xF0, 0x48, 0x00, 0x00,
  0x00, 0x00, 0x23, 0xFF, 0x25, 0x00, 0x00, 0x72, 0xB6, 0x00, 0x00, 0x00, 0x00, 0x00, 0xC0, 0x94, 0x00, 0x00, 0x00, 0x00, 0x00, 0x00, 0xF0, 0x48,
  0x00, 0x00, 0x00, 0x00, 0x00, 0xD0, 0x77, 0x00, 0x00, 0xC4, 0x63, 0x00, 0x00, 0x00, 0x00, 0x00, 0xC0, 0x94, 0x00, 0x00, 0x00, 0x00, 0x00, 0x00,
  0xF0, 0x48, 0x00, 0x00, 0x00, 0x00, 0x00, 0x7D, 0xCA, 0x00, 0x17, 0xFA, 0x14, 0x00, 0x00, 0x00, 0x00, 0x00, 0xC0, 0x94, 0x00, 0x00, 0x00, 0x00,
  0x00, 0x00, 0xF0, 0x48, 0x00, 0x00, 0x00, 0x00, 0x00, 0x2A, 0xFE, 0x1D, 0x67, 0xBF, 0x00, 0x00, 0x00, 0x00, 0x00, 0x00, 0xC0, 0x94, 0x00, 0x00,
  0x00, 0x00, 0x00, 0x00, 0xF0, 0x48, 0x00, 0x00, 0x00, 0x00, 0x00, 0x00, 0xD7, 0x6E, 0xB8, 0x6D, 0x00, 0x00, 0x00, 0x00, 0x00, 0x00, 0xC0, 0x94,
  0x00, 0x00, 0x00, 0x00, 0x00, 0x00, 0xF0, 0x48, 0x00, 0x00, 0x00, 0x00, 0x00, 0x00, 0x84, 0xCD, 0xF8, 0x1C, 0x00, 0x00, 0x00, 0x00, 0x00, 0x00,
  0xC0, 0x94, 0x00, 0x00, 0x00, 0x00, 0x00, 0x00, 0xF0, 0x48, 0x00, 0x00, 0x00, 0x00, 0x00, 0x00, 0x31, 0xFF, 0xC9, 0x00, 0x00, 0x00, 0x00, 0x00,
  0x00, 0x00, 0xC0, 0x94, 0x00, 0x00, 0x00, 0x00, 0x00, 0x00, 0xF0, 0xFF, 0x65, 0x00, 0x00, 0x00, 0x00, 0x00, 0x00, 0x00, 0x00, 0x00, 0x04, 0xFF,
  0x34, 0x00, 0x00, 0x00, 0x00, 0x00, 0xF0, 0xE4, 0xD8, 0x01, 0x00, 0x00, 0x00, 0x00, 0x00, 0x00, 0x00, 0x00, 0x04, 0xFF, 0x34, 0x00, 0x00, 0x00,
  0x00, 0x00, 0xF0, 0x77, 0xFE, 0x4F, 0x00, 0x00, 0x00, 0x00, 0x00, 0x00, 0x00, 0x00, 0x04, 0xFF, 0x34, 0x00, 0x00, 0x00, 0x00, 0x00, 0xF0, 0x50,
  0xB1, 0xC4, 0x00, 0x00, 0x00, 0x00, 0x00, 0x00, 0x00, 0x00, 0x04, 0xFF, 0x34, 0x00, 0x00, 0x00, 0x00, 0x00, 0xF0, 0x50, 0x3D, 0xFF, 0x39, 0x00,
  0x00, 0x00, 0x00, 0x00, 0x00, 0x00, 0x04, 0xFF, 0x34, 0x00, 0x00, 0x00, 0x00, 0x00, 0xF0, 0x50, 0x00, 0xC8, 0xAE, 0x00, 0x00, 0x00, 0x00, 0x00,
  0x00, 0x00, 0x04, 0xFF, 0x34, 0x00, 0x00, 0x00, 0x00, 0x00, 0xF0, 0x50, 0x00, 0x54, 0xFD, 0x25, 0x00, 0x00, 0x00, 0x00, 0x00, 0x00, 0x04, 0xFF,
  0x34, 0x00, 0x00, 0x00, 0x00, 0x00, 0xF0, 0x50, 0x00, 0x02, 0xDC, 0x97, 0x00, 0x00, 0x00, 0x00, 0x00, 0x00, 0x04, 0xFF, 0x34, 0x00, 0x00, 0x00,
  0x00, 0x00, 0xF0, 0x50, 0x00, 0x00, 0x6B, 0xF7, 0x15, 0x00, 0x00, 0x00, 0x00, 0x00, 0x04, 0xFF, 0x34, 0x00, 0x00, 0x00, 0x00, 0x00, 0xF0, 0x50,
  0x00, 0x00, 0x0A, 0xEC, 0x81, 0x00, 0x00, 0x00, 0x00, 0x00, 0x04, 0xFF, 0x34, 0x00, 0x00, 0x00, 0x00, 0x00, 0xF0, 0x50, 0x00, 0x00, 0x00, 0x82,
  0xEC, 0x0A, 0x00, 0x00, 0x00, 0x00, 0x04, 0xFF, 0x34, 0x00, 0x00, 0x00, 0x00, 0x00, 0xF0, 0x50, 0x00, 0x00, 0x00, 0x16, 0xF7, 0x6B, 0x00, 0x00,
  0x00, 0x00, 0x04, 0xFF, 0x34, 0x00, 0x00, 0x00, 0x00, 0x00, 0xF0, 0x50, 0x00, 0x00, 0x00, 0x00, 0x99, 0xDD, 0x03, 0x00, 0x00, 0x00, 0x04, 0xFF,
  0x34, 0x00, 0x00, 0x00, 0x00, 0x00, 0xF0, 0x50, 0x00, 0x00, 0x00, 0x00, 0x26, 0xFD, 0x55, 0x00, 0x00, 0x00, 0x04, 0xFF, 0x34, 0x00, 0x00, 0x00,
  0x00, 0x00, 0xF0, 0x50, 0x00, 0x00, 0x00, 0x00, 0x00, 0xB0, 0xC9, 0x00, 0x00, 0x00, 0x04, 0xFF, 0x34, 0x00, 0x00, 0x00, 0x00, 0x00, 0xF0, 0x50,
  0x00, 0x00, 0x00, 0x00, 0x00, 0x3B, 0xFF, 0x3E, 0x00, 0x00, 0x04, 0xFF, 0x34, 0x00, 0x00, 0x00, 0x00, 0x00, 0xF0, 0x50, 0x00, 0x00, 0x00, 0x00,
  0x00, 0x00, 0xC6, 0xB3, 0x00, 0x00, 0x04, 0xFF, 0x34, 0x00, 0x00, 0x00, 0x00, 0x00, 0xF0, 0x50, 0x00, 0x00, 0x00, 0x00, 0x00, 0x00, 0x52, 0xFE,
  0x29, 0x00, 0x04, 0xFF, 0x34, 0x00, 0x00, 0x00, 0x00, 0x00, 0xF0, 0x50, 0x00, 0x00, 0x00, 0x00, 0x00, 0x00, 0x02, 0xDB, 0x9D, 0x00, 0x04, 0xFF,
  0x34, 0x00, 0x00, 0x00, 0x00, 0x00, 0xF0, 0x50, 0x00, 0x00, 0x00, 0x00, 0x00, 0x00, 0x00, 0x69, 0xF9, 0x19, 0x04, 0xFF, 0x34, 0x00, 0x00, 0x00,
  0x00, 0x00, 0xF0, 0x50, 0x00, 0x00, 0x00, 0x00, 0x00, 0x00, 0x00, 0x09, 0xEB, 0x87, 0x04, 0xFF, 0x34, 0x00, 0x00, 0x00, 0x00, 0x00, 0xF0, 0x50,
  0x00, 0x00, 0x00, 0x00, 0x00, 0x00, 0x00, 0x00, 0x80, 0xEF, 0x10, 0xFF, 0x34, 0x00, 0x00, 0x00, 0x00, 0x00, 0xF0, 0x50, 0x00, 0x00, 0x00, 0x00,
  0x00, 0x00, 0x00, 0x00, 0x14, 0xF6, 0x74, 0xFF, 0x34, 0x00, 0x00, 0x00, 0x00, 0x00, 0xF0, 0x50, 0x00, 0x00, 0x00, 0x00, 0x00, 0x00, 0x00, 0x00,
  0x00, 0x97, 0xE4, 0xFF, 0x34, 0x00, 0x00, 0x00, 0x00, 0x00, 0xF0, 0x50, 0x00, 0x00, 0x00, 0x00, 0x00, 0x00, 0x00, 0x00, 0x00, 0x25, 0xFD, 0xFF,
  0x34, 0x00, 0x00, 0x00, 0x00, 0x00, 0x00, 0x00, 0x11, 0x7C, 0xCE, 0xDE, 0xDF, 0xDC, 0xA2, 0x36, 0x00, 0x00, 0x00, 0x00, 0x00, 0x00, 0x00, 0x00,
  0x00, 0x37, 0xE4, 0x92, 0x20, 0x00, 0x00, 0x10, 0x6E, 0xF1, 0x6D, 0x00, 0x00, 0x00, 0x00, 0x00, 0x00, 0x00, 0x1E, 0xEC, 0x70, 0x00, 0x00, 0x00,
  0x00, 0x00, 0x00, 0x48, 0xFD, 0x43, 0x00, 0x00, 0x00, 0x00, 0x00, 0x00, 0xA1, 0xC7, 0x00, 0x00, 0x00, 0x00, 0x00, 0x00, 0x00, 0x00, 0xA9, 0xC9,
  0x00, 0x00, 0x00, 0x00, 0x00, 0x0B, 0xF7, 0x66, 0x00, 0x00, 0x00, 0x00, 0x00, 0x00, 0x00, 0x00, 0x4B, 0xFF, 0x1F, 0x00, 0x00, 0x00, 0x00, 0x3C,
  0xFF, 0x2A, 0x00, 0x00, 0x00, 0x00, 0x00, 0x00, 0x00, 0x00, 0x0A, 0xFC, 0x55, 0x00, 0x00, 0x00, 0x00, 0x6E, 0xFB, 0x01, 0x00, 0x00, 0x00, 0x00,
  0x00, 0x00, 0x00, 0x00, 0x00, 0xDE, 0x88, 0x00, 0x00, 0x00, 0x00, 0x8B, 0xE7, 0x00, 0x00, 0x00, 0x00, 0x00, 0x00, 0x00, 0x00, 0x00, 0x00, 0xBE,
  0xA4, 0x00, 0x00, 0x00, 0x00, 0x9B, 0xD1, 0x00, 0x00, 0x00, 0x00, 0x00, 0x00, 0x00, 0x00, 0x00, 0x00, 0xAD, 0xB5, 0x00, 0x00, 0x00, 0x00, 0xA9,
  0xC0, 0x00, 0x00, 0x00, 0x00, 0x00, 0x00, 0x00, 0x00, 0x00, 0x00, 0xA2, 0xC5, 0x00, 0x00, 0x00, 0x00, 0xAD, 0xBB, 0x00, 0x00, 0x00, 0x00, 0x00,
  0x00, 0x00, 0x00, 0x00, 0x00, 0x9D, 0xCA, 0x00, 0x00, 0x00, 0x00, 0xAF, 0xB7, 0x00, 0x00, 0x00, 0x00, 0x00, 0x00, 0x00, 0x00, 0x00, 0x00, 0x99,
  0xCC, 0x00, 0x00, 0x00, 0x00, 0xB0, 0xB4, 0x00, 0x00, 0x00, 0x00, 0x00, 0x00, 0x00, 0x00, 0x00, 0x00, 0x94, 0xCF, 0x00, 0x00, 0x00, 0x00, 0xB0,
  0xB4, 0x00, 0x00, 0x00, 0x00, 0x00, 0x00, 0x00, 0x00, 0x00, 0x00, 0x94, 0xCC, 0x00, 0x00, 0x00, 0x00, 0xAE, 0xB5, 0x00, 0x00, 0x00, 0x00, 0x00,
  0x00, 0x00, 0x00, 0x00, 0x00, 0x95, 0xC9, 0x00, 0x00, 0x00, 0x00, 0xAB, 0xB7, 0x00, 0x00, 0x00, 0x00, 0x00, 0x00, 0x00, 0x00, 0x00, 0x00, 0x97,
  0xC3, 0x00, 0x00, 0x00, 0x00, 0xA2, 0xBF, 0x00, 0x00, 0x00, 0x00, 0x00, 0x00, 0x00, 0x00, 0x00, 0x00, 0xA2, 0xB7, 0x00, 0x00, 0x00, 0x00, 0x95,
  0xCE, 0x00, 0x00, 0x00, 0x00, 0x00, 0x00, 0x00, 0x00, 0x00, 0x00, 0xB4, 0xA6, 0x00, 0x00, 0x00, 0x00, 0x7A, 0xEC, 0x00, 0x00, 0x00, 0x00, 0x00,
  0x00, 0x00, 0x00, 0x00, 0x00, 0xD7, 0x85, 0x00, 0x00, 0x00, 0x00, 0x4F, 0xFF, 0x17, 0x00, 0x00, 0x00, 0x00, 0x00, 0x00, 0x00, 0x00, 0x08, 0xFB,
  0x58, 0x00, 0x00, 0x00, 0x00, 0x0F, 0xF8, 0x60, 0x00, 0x00, 0x00, 0x00, 0x00, 0x00, 0x00, 0x00, 0x4E, 0xFC, 0x11, 0x00, 0x00, 0x00, 0x00, 0x00,
  0xA5, 0xC0, 0x00, 0x00, 0x00, 0x00, 0x00, 0x00, 0x00, 0x00, 0xB1, 0xAA, 0x00, 0x00, 0x00, 0x00, 0x00, 0x00, 0x1D, 0xF4, 0x63, 0x00, 0x00, 0x00,
  0x00, 0x00, 0x00, 0x56, 0xF8, 0x2D, 0x00, 0x00, 0x00, 0x00, 0x00, 0x00, 0x00, 0x40, 0xEE, 0x7C, 0x16, 0x00, 0x00, 0x12, 0x86, 0xF7, 0x51, 0x00,
  0x00, 0x00, 0x00, 0x00, 0x00, 0x00, 0x00, 0x00, 0x23, 0x97, 0xD9, 0xE3, 0xE2, 0xDD, 0x97, 0x20, 0x00, 0x00, 0x00, 0x00, 0x00, 0x00, 0x00, 0x00,
  0xF0, 0xFF, 0xFF, 0xFF, 0xFC, 0xEE, 0xCB, 0x8B, 0x20, 0x00, 0x00, 0x00, 0x00, 0x00, 0x00, 0xF0, 0x64, 0x00, 0x00, 0x03, 0x15, 0x49, 0xBB, 0xF3,
  0x3F, 0x00, 0x00, 0x00, 0x00, 0x00, 0xF0, 0x64, 0x00, 0x00, 0x00, 0x00, 0x00, 0x01, 0xAD, 0xE4, 0x05, 0x00, 0x00, 0x00, 0x00, 0xF0, 0x64, 0x00,
  0x00, 0x00, 0x00, 0x00, 0x00, 0x2B, 0xFF, 0x4C, 0x00, 0x00, 0x00, 0x00, 0xF0, 0x64, 0x00, 0x00, 0x00, 0x00, 0x00, 0x00, 0x00, 0xEB, 0x82, 0x00,
  0x00, 0x00, 0x00, 0xF0, 0x64, 0x00, 0x00, 0x00, 0x00, 0x00, 0x00, 0x00, 0xCF, 0x98, 0x00, 0x00, 0x00, 0x00, 0xF0, 0x64, 0x00, 0x00, 0x00, 0x00,
  0x00, 0x00, 0x00, 0xC7, 0x9E, 0x00, 0x00, 0x00, 0x00, 0xF0, 0x64, 0x00, 0x00, 0x00, 0x00, 0x00, 0x00, 0x00, 0xD3, 0x8F, 0x00, 0x00, 0x00, 0x00,
  0xF0, 0x64, 0x00, 0x00, 0x00, 0x00, 0x00, 0x00, 0x01, 0xF3, 0x75, 0x00, 0x00, 0x00, 0x00, 0xF0, 0x64, 0x00, 0x00, 0x00, 0x00, 0x00, 0x00, 0x37,
  0xFF, 0x39, 0x00, 0x00, 0x00, 0x00, 0xF0, 0x64, 0x00, 0x00, 0x00, 0x00, 0x00, 0x03, 0xB8, 0xD1, 0x01, 0x00, 0x00, 0x00, 0x00, 0xF0, 0x64, 0x00,
  0x00, 0x06, 0x19, 0x4D, 0xC1, 0xED, 0x2F, 0x00, 0x00, 0x00, 0x00, 0x00, 0xF0, 0xFF, 0xFF, 0xFE, 0xF7, 0xE6, 0xC4, 0x83, 0x16, 0x00, 0x00, 0x00,
  0x00, 0x00, 0x00, 0xF0, 0x64, 0x00, 0x00, 0x00, 0x00, 0x00, 0x00, 0x00, 0x00, 0x00, 0x00, 0x00, 0x00, 0x00, 0xF0, 0x64, 0x00, 0x00, 0x00, 0x00,
  0x00, 0x00, 0x00, 0x00, 0x00, 0x00, 0x00, 0x00, 0x00, 0xF0, 0x64, 0x00, 0x00, 0x00, 0x00, 0x00, 0x00, 0x00, 0x00, 0x00, 0x00, 0x00, 0x00, 0x00,
  0xF0, 0x64, 0x00, 0x00, 0x00, 0x00, 0x00, 0x00, 0x00, 0x00, 0x00, 0x00, 0x00, 0x00, 0x00, 0xF0, 0x64, 0x00, 0x00, 0x00, 0x00, 0x00, 0x00, 0x00,
  0x00, 0x00, 0x00, 0x00, 0x00, 0x00, 0xF0, 0x64, 0x00, 0x00, 0x00, 0x00, 0x00, 0x00, 0x00, 0x00, 0x00, 0x00, 0x00, 0x00, 0x00, 0xF0, 0x64, 0x00,
  0x00, 0x00, 0x00, 0x00, 0x00, 0x00, 0x00, 0x00, 0x00, 0x00, 0x00, 0x00, 0xF0, 0x64, 0x00, 0x00, 0x00, 0x00, 0x00, 0x00, 0x00, 0x00, 0x00, 0x00,
  0x00, 0x00, 0x00, 0xF0, 0x64, 0x00, 0x00, 0x00, 0x00, 0x00, 0x00, 0x00, 0x00, 0x00, 0x00, 0x00, 0x00, 0x00, 0xF0, 0x64, 0x00, 0x00, 0x00, 0x00,
  0x00, 0x00, 0x00, 0x00, 0x00, 0x00, 0x00, 0x00, 0x00, 0xF0, 0x64, 0x00, 0x00, 0x00, 0x00, 0x00, 0x00, 0x00, 0x00, 0x00, 0x00, 0x00, 0x00, 0x00,
  0xF0, 0x64, 0x00, 0x00, 0x00, 0x00, 0x00, 0x00, 0x00, 0x00, 0x00, 0x00, 0x00, 0x00, 0x00, 0x00, 0x00, 0x16, 0x81, 0xD1, 0xDD, 0xDD, 0xDA, 0x9C,
  0x2F, 0x00, 0x00, 0x00, 0x00, 0x00, 0x00, 0x00, 0x00, 0x00, 0x3B, 0xE9, 0xB7, 0x26, 0x00, 0x00, 0x11, 0x83, 0xF3, 0x60, 0x00, 0x00, 0x00, 0x00,
  0x00, 0x00, 0x00, 0x1C, 0xEC, 0x9B, 0x00, 0x00, 0x00, 0x00, 0x00, 0x00, 0x58, 0xFB, 0x38, 0x00, 0x00, 0x00, 0x00, 0x00, 0x00, 0x92, 0xE6, 0x0D,
  0x00, 0x00, 0x00, 0x00, 0x00, 0x00, 0x00, 0xBB, 0xBE, 0x00, 0x00, 0x00, 0x00, 0x00, 0x0B, 0xF4, 0x8C, 0x00, 0x00, 0x00, 0x00, 0x00, 0x00, 0x00,
  0x00, 0x5A, 0xFE, 0x18, 0x00, 0x00, 0x00, 0x00, 0x3A, 0xFF, 0x42, 0x00, 0x00, 0x00, 0x00, 0x00, 0x00, 0x00, 0x00, 0x19, 0xFF, 0x4D, 0x00, 0x00,
  0x00, 0x00, 0x69, 0xFF, 0x1B, 0x00, 0x00, 0x00, 0x00, 0x00, 0x00, 0x00, 0x00, 0x00, 0xE7, 0x7D, 0x00, 0x00, 0x00, 0x00, 0x85, 0xF5, 0x01, 0x00,
  0x00, 0x00, 0x00, 0x00, 0x00, 0x00, 0x00, 0x00, 0xCA, 0x9F, 0x00, 0x00, 0x00, 0x00, 0x93, 0xD4, 0x00, 0x00, 0x00, 0x00, 0x00, 0x00, 0x00, 0x00,
  0x00, 0x00, 0xB2, 0xB0, 0x00, 0x00, 0x00, 0x00, 0xA0, 0xC4, 0x00, 0x00, 0x00, 0x00, 0x00, 0x00, 0x00, 0x00, 0x00, 0x00, 0xA6, 0xC1, 0x00, 0x00,
  0x00, 0x00, 0xA7, 0xBB, 0x00, 0x00, 0x00, 0x00, 0x00, 0x00, 0x00, 0x00, 0x00, 0x00, 0x9C, 0xC9, 0x00, 0x00, 0x00, 0x00, 0xAB, 0xB7, 0x00, 0x00,
  0x00, 0x00, 0x00, 0x00, 0x00, 0x00, 0x00, 0x00, 0x98, 0xCB, 0x00, 0x00, 0x00, 0x00, 0xAE, 0xB4, 0x00, 0x00, 0x00, 0x00, 0x00, 0x00, 0x00, 0x00,
  0x00, 0x00, 0x94, 0xCE, 0x00, 0x00, 0x00, 0x00, 0xB0, 0xB4, 0x00, 0x00, 0x00, 0x00, 0x00, 0x00, 0x00, 0x00, 0x00, 0x00, 0x94, 0xCD, 0x00, 0x00,
  0x00, 0x00, 0xAE, 0xB5, 0x00, 0x00, 0x00, 0x00, 0x00, 0x00, 0x00, 0x00, 0x00, 0x00, 0x94, 0xCA, 0x00, 0x00, 0x00, 0x00, 0xAB, 0xB6, 0x00, 0x00,
  0x00, 0x00, 0x00, 0x00, 0x00, 0x00, 0x00, 0x00, 0x94, 0xC5, 0x00, 0x00, 0x00, 0x00, 0xA2, 0xBD, 0x00, 0x00, 0x00, 0x00, 0x00, 0x00, 0x00, 0x00,
  0x00, 0x00, 0x9C, 0xBC, 0x00, 0x00, 0x00, 0x00, 0x95, 0xCA, 0x00, 0x00, 0x00, 0x00, 0x00, 0x00, 0x00, 0x00, 0x00, 0x00, 0xA8, 0xAE, 0x00, 0x00,
  0x00, 0x00, 0x79, 0xE5, 0x00, 0x00, 0x00, 0x00, 0x00, 0x00, 0x00, 0x00, 0x00, 0x00, 0xC7, 0x93, 0x00, 0x00, 0x00, 0x00, 0x51, 0xFE, 0x0D, 0x00,
  0x00, 0x00, 0x00, 0x00, 0x00, 0x00, 0x00, 0x02, 0xEE, 0x6E, 0x00, 0x00, 0x00, 0x00, 0x12, 0xFB, 0x50, 0x00, 0x00, 0x00, 0x00, 0x00, 0x00, 0x00,
  0x00, 0x39, 0xFF, 0x2E, 0x00, 0x00, 0x00, 0x00, 0x00, 0xB1, 0xA6, 0x00, 0x00, 0x00, 0x00, 0x00, 0x00, 0x00, 0x00, 0x96, 0xD9, 0x01, 0x00, 0x00,
  0x00, 0x00, 0x00, 0x27, 0xF8, 0x44, 0x00, 0x00, 0x00, 0x00, 0x00, 0x00, 0x36, 0xFC, 0x4E, 0x00, 0x00, 0x00, 0x00, 0x00, 0x00, 0x00, 0x4B, 0xE5,
  0x5A, 0x04, 0x00, 0x00, 0x03, 0x57, 0xE4, 0x58, 0x00, 0x00, 0x00, 0x00, 0x00, 0x00, 0x00, 0x00, 0x00, 0x27, 0x99, 0xCE, 0xC6, 0xCC, 0xEF, 0xFF,
  0xF5, 0xE9, 0xF4, 0xFA, 0xFD, 0x1B, 0x00, 0x00, 0x00, 0xF0, 0xFF, 0xFF, 0xFF, 0xFF, 0xFE, 0xF0, 0xCD, 0x86, 0x15, 0x00, 0x00, 0x00, 0x00, 0x00,
  0x00, 0x00, 0xF0, 0x64, 0x00, 0x00, 0x00, 0x01, 0x0F, 0x44, 0xC0, 0xE4, 0x1C, 0x00, 0x00, 0x00, 0x00, 0x00, 0x00, 0xF0, 0x64, 0x00, 0x00, 0x00,
  0x00, 0x00, 0x00, 0x04, 0xCD, 0xA6, 0x00, 0x00, 0x00, 0x00, 0x00, 0x00, 0xF0, 0x64, 0x00, 0x00, 0x00, 0x00, 0x00, 0x00, 0x00, 0x61, 0xF8, 0x06,
  0x00, 0x00, 0x00, 0x00, 0x00, 0xF0, 0x64, 0x00, 0x00, 0x00, 0x00, 0x00, 0x00, 0x00, 0x2F, 0xFF, 0x2B, 0x00, 0x00, 0x00, 0x00, 0x00, 0xF0, 0x64,
  0x00, 0x00, 0x00, 0x00, 0x00, 0x00, 0x00, 0x1F, 0xFF, 0x3B, 0x00, 0x00, 0x00, 0x00, 0x00, 0xF0, 0x64, 0x00, 0x00, 0x00, 0x00, 0x00, 0x00, 0x00,
  0x27, 0xFF, 0x36, 0x00, 0x00, 0x00, 0x00, 0x00, 0xF0, 0x64, 0x00, 0x00, 0x00, 0x00, 0x00, 0x00, 0x00, 0x3F, 0xFF, 0x1C, 0x00, 0x00, 0x00, 0x00,
  0x00, 0xF0, 0x64, 0x00, 0x00, 0x00, 0x00, 0x00, 0x00, 0x00, 0x7A, 0xE4, 0x00, 0x00, 0x00, 0x00, 0x00, 0x00, 0xF0, 0x64, 0x00, 0x00, 0x00, 0x00,
  0x00, 0x00, 0x15, 0xE5, 0x7A, 0x00, 0x00, 0x00, 0x00, 0x00, 0x00, 0xF0, 0x64, 0x00, 0x00, 0x02, 0x0B, 0x26, 0x65, 0xDF, 0x9D, 0x03, 0x00, 0x00,
  0x00, 0x00, 0x00, 0x00, 0xF0, 0xFF, 0xFF, 0xFF, 0xFF, 0xFF, 0xFF, 0xE9, 0x62, 0x00, 0x00, 0x00, 0x00, 0x00, 0x00, 0x00, 0x00, 0xF0, 0x64, 0x00,
  0x00, 0x00, 0x07, 0x1E, 0x61, 0xE3, 0xA5, 0x01, 0x00, 0x00, 0x00, 0x00, 0x00, 0x00, 0xF0, 0x64, 0x00, 0x00, 0x00, 0x00, 0x00, 0x00, 0x27, 0xFB,
  0x50, 0x00, 0x00, 0x00, 0x00, 0x00, 0x00, 0xF0, 0x64, 0x00, 0x00, 0x00, 0x00, 0x00, 0x00, 0x00, 0xBD, 0x97, 0x00, 0x00, 0x00, 0x00, 0x00, 0x00,
  0xF0, 0x64, 0x00, 0x00, 0x00, 0x00, 0x00, 0x00, 0x00, 0x92, 0xBE, 0x00, 0x00, 0x00, 0x00, 0x00, 0x00, 0xF0, 0x64, 0x00, 0x00, 0x00, 0x00, 0x00,
  0x00, 0x00, 0x7C, 0xD3, 0x00, 0x00, 0x00, 0x00, 0x00, 0x00, 0xF0, 0x64, 0x00, 0x00, 0x00, 0x00, 0x00, 0x00, 0x00, 0x6D, 0xDE, 0x00, 0x00, 0x00,
  0x00, 0x00, 0x00, 0xF0, 0x64, 0x00, 0x00, 0x00, 0x00, 0x00, 0x00, 0x00, 0x62, 0xE6, 0x00, 0x00, 0x00, 0x00, 0x00, 0x00, 0xF0, 0x64, 0x00, 0x00,
  0x00, 0x00, 0x00, 0x00, 0x00, 0x58, 0xEB, 0x00, 0x00, 0x00, 0x00, 0x00, 0x00, 0xF0, 0x64, 0x00, 0x00, 0x00, 0x00, 0x00, 0x00, 0x00, 0x51, 0xEF,
  0x00, 0x00, 0x00, 0x00, 0x00, 0x00, 0xF0, 0x64, 0x00, 0x00, 0x00, 0x00, 0x00, 0x00, 0x00, 0x4E, 0xF9, 0x00, 0x00, 0x00, 0x00, 0x00, 0x00, 0xF0,
  0x64, 0x00, 0x00, 0x00, 0x00, 0x00, 0x00, 0x00, 0x45, 0xFF, 0x04, 0x00, 0x00, 0x00, 0x00, 0x00, 0xF0, 0x64, 0x00, 0x00, 0x00, 0x00, 0x00, 0x00,
  0x00, 0x31, 0xFF, 0x1E, 0x00, 0x00, 0x00, 0x00, 0x00, 0xF0, 0x64, 0x00, 0x00, 0x00, 0x00, 0x00, 0x00, 0x00, 0x0D, 0xFD, 0x3F, 0x00, 0x00, 0x00,
  0x00, 0x00, 0x00, 0x1F, 0x8F, 0xD5, 0xDF, 0xE2, 0xDD, 0xA3, 0x36, 0x00, 0x00, 0x00, 0x00, 0x00, 0x00, 0x00, 0x48, 0xEC, 0x80, 0x16, 0x00, 0x00,
  0x12, 0x79, 0xF9, 0x6A, 0x00, 0x00, 0x00, 0x00, 0x00, 0x1B, 0xF4, 0x55, 0x00, 0x00, 0x00, 0x00, 0x00, 0x00, 0x71, 0xFB, 0x21, 0x00, 0x00, 0x00,
  0x00, 0x88, 0xCE, 0x00, 0x00, 0x00, 0x00, 0x00, 0x00, 0x00, 0x07, 0xF1, 0x75, 0x00, 0x00, 0x00, 0x00, 0xC4, 0x96, 0x00, 0x00, 0x00, 0x00, 0x00,
  0x00, 0x00, 0x00, 0xC2, 0x9D, 0x00, 0x00, 0x00, 0x00, 0xD7, 0x92, 0x00, 0x00, 0x00, 0x00, 0x00, 0x00, 0x00, 0x00, 0x93, 0x8D, 0x00, 0x00, 0x00,
  0x00, 0xC9, 0xB1, 0x00, 0x00, 0x00, 0x00, 0x00, 0x00, 0x00, 0x00, 0x00, 0x00, 0x00, 0x00, 0x00, 0x00, 0x95, 0xF3, 0x12, 0x00, 0x00, 0x00, 0x00,
  0x00, 0x00, 0x00, 0x00, 0x00, 0x00, 0x00, 0x00, 0x00, 0x27, 0xFC, 0xA1, 0x01, 0x00, 0x00, 0x00, 0x00, 0x00, 0x00, 0x00, 0x00, 0x00, 0x00, 0x00,
  0x00, 0x00, 0x8A, 0xFF, 0x9F, 0x09, 0x00, 0x00, 0x00, 0x00, 0x00, 0x00, 0x00, 0x00, 0x00, 0x00, 0x00, 0x00, 0x01, 0x9A, 0xFF, 0xD6, 0x33, 0x00,
  0x00, 0x00, 0x00, 0x00, 0x00, 0x00, 0x00, 0x00, 0x00, 0x00, 0x00, 0x00, 0x62, 0xF2, 0xFC, 0x88, 0x08, 0x00, 0x00, 0x00, 0x00, 0x00, 0x00, 0x00,
  0x00, 0x00, 0x00, 0x00, 0x00, 0x1F, 0xB5, 0xFF, 0xD4, 0x2D, 0x00, 0x00, 0x00, 0x00, 0x00, 0x00, 0x00, 0x00, 0x00, 0x00, 0x00, 0x00, 0x00, 0x59,
  0xEF, 0xF8, 0x53, 0x00, 0x00, 0x00, 0x00, 0x00, 0x00, 0x00, 0x00, 0x00, 0x00, 0x00, 0x00, 0x00, 0x1D, 0xD0, 0xFA, 0x4D, 0x00, 0x00, 0x00, 0x00,
  0x00, 0x00, 0x00, 0x00, 0x00, 0x00, 0x00, 0x00, 0x00, 0x13, 0xD7, 0xED, 0x10, 0x00, 0x00, 0x00, 0x00, 0x00, 0x00, 0x00, 0x00, 0x00, 0x00, 0x00,
  0x00, 0x00, 0x48, 0xFF, 0x6B, 0x00, 0x00, 0x00, 0x00, 0x00, 0x00, 0x00, 0x00, 0x00, 0x00, 0x00, 0x00, 0x00, 0x00, 0xD8, 0xA7, 0x00, 0x00, 0x00,
  0x10, 0x6C, 0x16, 0x00, 0x00, 0x00, 0x00, 0x00, 0x00, 0x00, 0x00, 0xAB, 0xBE, 0x00, 0x00, 0x00, 0x1E, 0xFF, 0x44, 0x00, 0x00, 0x00, 0x00, 0x00,
  0x00, 0x00, 0x00, 0xA6, 0xB6, 0x00, 0x00, 0x00, 0x09, 0xFD, 0x5E, 0x00, 0x00, 0x00, 0x00, 0x00, 0x00, 0x00, 0x00, 0xC3, 0x93, 0x00, 0x00, 0x00,
  0x00, 0xCF, 0x94, 0x00, 0x00, 0x00, 0x00, 0x00, 0x00, 0x00, 0x10, 0xF8, 0x4B, 0x00, 0x00, 0x00, 0x00, 0x6A, 0xF3, 0x21, 0x00, 0x00, 0x00, 0x00,
  0x00, 0x00, 0x8F, 0xCD, 0x02, 0x00, 0x00, 0x00, 0x00, 0x02, 0xB0, 0xE3, 0x55, 0x09, 0x00, 0x00, 0x1D, 0x94, 0xE1, 0x24, 0x00, 0x00, 0x00, 0x00,
  0x00, 0x00, 0x02, 0x5B, 0xB5, 0xE2, 0xE1, 0xE1, 0xD3, 0x86, 0x12, 0x00, 0x00, 0x00, 0x00, 0x98, 0xFF, 0xFF, 0xFF, 0xFF, 0xFF, 0xFF, 0xFF, 0xFF,
  0xFF, 0xFF, 0xFF, 0xFF, 0x18, 0x00, 0x00, 0x00, 0x00, 0x00, 0x00, 0xE8, 0x68, 0x00, 0x00, 0x00, 0x00, 0x00, 0x00, 0x00, 0x00, 0x00, 0x00, 0x00,
  0x00, 0xE8, 0x68, 0x00, 0x00, 0x00, 0x00, 0x00, 0x00, 0x00, 0x00, 0x00, 0x00, 0x00, 0x00, 0xE8, 0x68, 0x00, 0x00, 0x00, 0x00, 0x00, 0x00, 0x00,
  0x00, 0x00, 0x00, 0x00, 0x00, 0xE8, 0x68, 0x00, 0x00, 0x00, 0x00, 0x00, 0x00, 0x00, 0x00, 0x00, 0x00, 0x00, 0x00, 0xE8, 0x68, 0x00, 0x00, 0x00,
  0x00, 0x00, 0x00, 0x00, 0x00, 0x00, 0x00, 0x00, 0x00, 0xE8, 0x68, 0x00, 0x00, 0x00, 0x00, 0x00, 0x00, 0x00, 0x00, 0x00, 0x00, 0x00, 0x00, 0xE8,
  0x68, 0x00, 0x00, 0x00, 0x00, 0x00, 0x00, 0x00, 0x00, 0x00, 0x00, 0x00, 0x00, 0xE8, 0x68, 0x00, 0x00, 0x00, 0x00, 0x00, 0x00, 0x00, 0x00, 0x00,
  0x00, 0x00, 0x00, 0xE8, 0x68, 0x00, 0x00, 0x00, 0x00, 0x00, 0x00, 0x00, 0x00, 0x00, 0x00, 0x00, 0x00, 0xE8, 0x68, 0x00, 0x00, 0x00, 0x00, 0x00,
  0x00, 0x00, 0x00, 0x00, 0x00, 0x00, 0x00, 0xE8, 0x68, 0x00, 0x00, 0x00, 0x00, 0x00, 0x00, 0x00, 0x00, 0x00, 0x00, 0x00, 0x00, 0xE8, 0x68, 0x00,
  0x00, 0x00, 0x00, 0x00, 0x00, 0x00, 0x00, 0x00, 0x00, 0x00, 0x00, 0xE8, 0x68, 0x00, 0x00, 0x00, 0x00, 0x00, 0x00, 0x00, 0x00, 0x00, 0x00, 0x00,
  0x00, 0xE8, 0x68, 0x00, 0x00, 0x00, 0x00, 0x00, 0x00, 0x00, 0x00, 0x00, 0x00, 0x00, 0x00, 0xE8, 0x68, 0x00, 0x00, 0x00, 0x00, 0x00, 0x00, 0x00,
  0x00, 0x00, 0x00, 0x00, 0x00, 0xE8, 0x68, 0x00, 0x00, 0x00, 0x00, 0x00, 0x00, 0x00, 0x00, 0x00, 0x00, 0x00, 0x00, 0xE8, 0x68, 0x00, 0x00, 0x00,
  0x00, 0x00, 0x00, 0x00, 0x00, 0x00, 0x00, 0x00, 0x00, 0xE8, 0x68, 0x00, 0x00, 0x00, 0x00, 0x00, 0x00, 0x00, 0x00, 0x00, 0x00, 0x00, 0x00, 0xE8,
  0x68, 0x00, 0x00, 0x00, 0x00, 0x00, 0x00, 0x00, 0x00, 0x00, 0x00, 0x00, 0x00, 0xE8, 0x68, 0x00, 0x00, 0x00, 0x00, 0x00, 0x00, 0x00, 0x00, 0x00,
  0x00, 0x00, 0x00, 0xE8, 0x68, 0x00, 0x00, 0x00, 0x00, 0x00, 0x00, 0x00, 0x00, 0x00, 0x00, 0x00, 0x00, 0xE8, 0x68, 0x00, 0x00, 0x00, 0x00, 0x00,
  0x00, 0x00, 0x00, 0x00, 0x00, 0x00, 0x00, 0xE8, 0x68, 0x00, 0x00, 0x00, 0x00, 0x00, 0x00, 0x00, 0x00, 0x00, 0x00, 0x00, 0x00, 0xE8, 0x68, 0x00,
  0x00, 0x00, 0x00, 0x00, 0x00, 0x00, 0x00, 0x1C, 0xFF, 0x38, 0x00, 0x00, 0x00, 0x00, 0x00, 0x00, 0x00, 0x00, 0x00, 0x94, 0xBC, 0x00, 0x00, 0x00,
  0x00, 0x00, 0x1C, 0xFF, 0x38, 0x00, 0x00, 0x00, 0x00, 0x00, 0x00, 0x00, 0x00, 0x00, 0x94, 0xBC, 0x00, 0x00, 0x00, 0x00, 0x00, 0x1C, 0xFF, 0x38,
  0x00, 0x00, 0x00, 0x00, 0x00, 0x00, 0x00, 0x00, 0x00, 0x94, 0xBC, 0x00, 0x00, 0x00, 0x00, 0x00, 0x1C, 0xFF, 0x38, 0x00, 0x00, 0x00, 0x00, 0x00,
  0x00, 0x00, 0x00, 0x00, 0x94, 0xBC, 0x00, 0x00, 0x00, 0x00, 0x00, 0x1C, 0xFF, 0x38, 0x00, 0x00, 0x00, 0x00, 0x00, 0x00, 0x00, 0x00, 0x00, 0x94,
  0xBC, 0x00, 0x00, 0x00, 0x00, 0x00, 0x1C, 0xFF, 0x38, 0x00, 0x00, 0x00, 0x00, 0x00, 0x00, 0x00, 0x00, 0x00, 0x94, 0xBC, 0x00, 0x00, 0x00, 0x00,
  0x00, 0x1C, 0xFF, 0x38, 0x00, 0x00, 0x00, 0x00, 0x00, 0x00, 0x00, 0x00, 0x00, 0x94, 0xBC, 0x00, 0x00, 0x00, 0x00, 0x00, 0x1C, 0xFF, 0x38, 0x00,
  0x00, 0x00, 0x00, 0x00, 0x00, 0x00, 0x00, 0x00, 0x94, 0xBC, 0x00, 0x00, 0x00, 0x00, 0x00, 0x1C, 0xFF, 0x38, 0x00, 0x00, 0x00, 0x00, 0x00, 0x00,
  0x00, 0x00, 0x00, 0x94, 0xBC, 0x00, 0x00, 0x00, 0x00, 0x00, 0x1C, 0xFF, 0x38, 0x00, 0x00, 0x00, 0x00, 0x00, 0x00, 0x00, 0x00, 0x00, 0x94, 0xBC,
  0x00, 0x00, 0x00, 0x00, 0x00, 0x1C, 0xFF, 0x38, 0x00, 0x00, 0x00, 0x00, 0x00, 0x00, 0x00, 0x00, 0x00, 0x94, 0xBC, 0x00, 0x00, 0x00, 0x00, 0x00,
  0x1C, 0xFF, 0x38, 0x00, 0x00, 0x00, 0x00, 0x00, 0x00, 0x00, 0x00, 0x00, 0x94, 0xBC, 0x00, 0x00, 0x00, 0x00, 0x00, 0x1C, 0xFF, 0x38, 0x00, 0x00,
  0x00, 0x00, 0x00, 0x00, 0x00, 0x00, 0x00, 0x94, 0xBC, 0x00, 0x00, 0x00, 0x00, 0x00, 0x1C, 0xFF, 0x38, 0x00, 0x00, 0x00, 0x00, 0x00, 0x00, 0x00,
  0x00, 0x00, 0x94, 0xBC, 0x00, 0x00, 0x00, 0x00, 0x00, 0x1C, 0xFF, 0x38, 0x00, 0x00, 0x00, 0x00, 0x00, 0x00, 0x00, 0x00, 0x00, 0x94, 0xBC, 0x00,
  0x00, 0x00, 0x00, 0x00, 0x1C, 0xFF, 0x38, 0x00, 0x00, 0x00, 0x00, 0x00, 0x00, 0x00, 0x00, 0x00, 0x94, 0xBC, 0x00, 0x00, 0x00, 0x00, 0x00, 0x19,
  0xFF, 0x38, 0x00, 0x00, 0x00, 0x00, 0x00, 0x00, 0x00, 0x00, 0x00, 0x94, 0xBA, 0x00, 0x00, 0x00, 0x00, 0x00, 0x0D, 0xFF, 0x3C, 0x00, 0x00, 0x00,
  0x00, 0x00, 0x00, 0x00, 0x00, 0x00, 0x9E, 0xAC, 0x00, 0x00, 0x00, 0x00, 0x00, 0x01, 0xFD, 0x47, 0x00, 0x00, 0x00, 0x00, 0x00, 0x00, 0x00, 0x00,
  0x00, 0xAF, 0x9A, 0x00, 0x00, 0x00, 0x00, 0x00, 0x00, 0xEF, 0x5E, 0x00, 0x00, 0x00, 0x00, 0x00, 0x00, 0x00, 0x00, 0x00, 0xC0, 0x89, 0x00, 0x00,
  0x00, 0x00, 0x00, 0x00, 0xC6, 0x8A, 0x00, 0x00, 0x00, 0x00, 0x00, 0x00, 0x00, 0x00, 0x00, 0xEC, 0x5E, 0x00, 0x00, 0x00, 0x00, 0x00, 0x00, 0x7E,
  0xDA, 0x01, 0x00, 0x00, 0x00, 0x00, 0x00, 0x00, 0x00, 0x3F, 0xFA, 0x19, 0x00, 0x00, 0x00, 0x00, 0x00, 0x00, 0x16, 0xED, 0x6F, 0x00, 0x00, 0x00,
  0x00, 0x00, 0x00, 0x05, 0xC9, 0x97, 0x00, 0x00, 0x00, 0x00, 0x00, 0x00, 0x00, 0x00, 0x41, 0xED, 0x8E, 0x21, 0x00, 0x00, 0x01, 0x3D, 0xC6, 0xBD,
  0x09, 0x00, 0x00, 0x00, 0x00, 0x00, 0x00, 0x00, 0x00, 0x00, 0x1D, 0x88, 0xD2, 0xE0, 0xDF, 0xE0, 0xBC, 0x62, 0x02, 0x00, 0x00, 0x00, 0x00, 0x00,
  0x2F, 0xFF, 0x3C, 0x00, 0x00, 0x00, 0x00, 0x00, 0x00, 0x00, 0x00, 0x00, 0x00, 0x03, 0xF1, 0x5D, 0x01, 0xE9, 0x7E, 0x00, 0x00, 0x00, 0x00, 0x00,
  0x00, 0x00, 0x00, 0x00, 0x00, 0x35, 0xFF, 0x1B, 0x00, 0xA7, 0xC0, 0x00, 0x00, 0x00, 0x00, 0x00, 0x00, 0x00, 0x00, 0x00, 0x00, 0x76, 0xD7, 0x00,
  0x00, 0x63, 0xF8, 0x09, 0x00, 0x00, 0x00, 0x00, 0x00, 0x00, 0x00, 0x00, 0x00, 0xB7, 0x94, 0x00, 0x00, 0x1E, 0xFF, 0x44, 0x00, 0x00, 0x00, 0x00,
  0x00, 0x00, 0x00, 0x00, 0x04, 0xF3, 0x51, 0x00, 0x00, 0x00, 0xDB, 0x86, 0x00, 0x00, 0x00, 0x00, 0x00, 0x00, 0x00, 0x00, 0x39, 0xFD, 0x10, 0x00,
  0x00, 0x00, 0x97, 0xC8, 0x00, 0x00, 0x00, 0x00, 0x00, 0x00, 0x00, 0x00, 0x7A, 0xCA, 0x00, 0x00, 0x00, 0x00, 0x54, 0xFC, 0x0E, 0x00, 0x00, 0x00,
  0x00, 0x00, 0x00, 0x00, 0xBB, 0x87, 0x00, 0x00, 0x00, 0x00, 0x12, 0xFD, 0x4C, 0x00, 0x00, 0x00, 0x00, 0x00, 0x00, 0x06, 0xF5, 0x44, 0x00, 0x00,
  0x00, 0x00, 0x00, 0xCC, 0x8E, 0x00, 0x00, 0x00, 0x00, 0x00, 0x00, 0x3D, 0xF8, 0x09, 0x00, 0x00, 0x00, 0x00, 0x00, 0x88, 0xCF, 0x00, 0x00, 0x00,
  0x00, 0x00, 0x00, 0x7D, 0xBD, 0x00, 0x00, 0x00, 0x00, 0x00, 0x00, 0x44, 0xFE, 0x13, 0x00, 0x00, 0x00, 0x00, 0x00, 0xBE, 0x7A, 0x00, 0x00, 0x00,
  0x00, 0x00, 0x00, 0x08, 0xF7, 0x53, 0x00, 0x00, 0x00, 0x00, 0x07, 0xF7, 0x37, 0x00, 0x00, 0x00, 0x00, 0x00, 0x00, 0x00, 0xBD, 0x95, 0x00, 0x00,
  0x00, 0x00, 0x40, 0xF1, 0x03, 0x00, 0x00, 0x00, 0x00, 0x00, 0x00, 0x00, 0x79, 0xD7, 0x00, 0x00, 0x00, 0x00, 0x81, 0xB1, 0x00, 0x00, 0x00, 0x00,
  0x00, 0x00, 0x00, 0x00, 0x35, 0xFF, 0x19, 0x00, 0x00, 0x00, 0xC2, 0x6D, 0x00, 0x00, 0x00, 0x00, 0x00, 0x00, 0x00, 0x00, 0x02, 0xEE, 0x5B, 0x00,
  0x00, 0x09, 0xF9, 0x2A, 0x00, 0x00, 0x00, 0x00, 0x00, 0x00, 0x00, 0x00, 0x00, 0xAD, 0x9D, 0x00, 0x00, 0x44, 0xE7, 0x00, 0x00, 0x00, 0x00, 0x00,
  0x00, 0x00, 0x00, 0x00, 0x00, 0x69, 0xDF, 0x00, 0x00, 0x85, 0xA4, 0x00, 0x00, 0x00, 0x00, 0x00, 0x00, 0x00, 0x00, 0x00, 0x00, 0x26, 0xFF, 0x21,
  0x00, 0xC5, 0x61, 0x00, 0x00, 0x00, 0x00, 0x00, 0x00, 0x00, 0x00, 0x00, 0x00, 0x00, 0xE1, 0x63, 0x0B, 0xFA, 0x1E, 0x00, 0x00, 0x00, 0x00, 0x00,
  0x00, 0x00, 0x00, 0x00, 0x00, 0x00, 0x9E, 0xA4, 0x47, 0xDA, 0x00, 0x00, 0x00, 0x00, 0x00, 0x00, 0x00, 0x00, 0x00, 0x00, 0x00, 0x00, 0x5A, 0xE5,
  0x88, 0x97, 0x00, 0x00, 0x00, 0x00, 0x00, 0x00, 0x00, 0x00, 0x00, 0x00, 0x00, 0x00, 0x17, 0xFE, 0xE7, 0x54, 0x00, 0x00, 0x00, 0x00, 0x00, 0x00,
  0x00, 0x00, 0x00, 0x00, 0x00, 0x00, 0x00, 0xD2, 0xFE, 0x13, 0x00, 0x00, 0x00, 0x00, 0x00, 0x00, 0x13, 0xFE, 0x5B, 0x00, 0x00, 0x00, 0x00, 0x00,
  0x00, 0x00, 0x00, 0x00, 0x4E, 0xFF, 0x9F, 0x00, 0x00, 0x00, 0x00, 0x00, 0x00, 0x00, 0x00, 0x00, 0x0B, 0xFB, 0x4C, 0x00, 0xD7, 0x94, 0x00, 0x00,
  0x00, 0x00, 0x00, 0x00, 0x00, 0x00, 0x00, 0x88, 0xF8, 0xD6, 0x00, 0x00, 0x00, 0x00, 0x00, 0x00, 0x00, 0x00, 0x00, 0x43, 0xFD, 0x10, 0x00, 0x9C,
  0xCD, 0x00, 0x00, 0x00, 0x00, 0x00, 0x00, 0x00, 0x00, 0x00, 0xC3, 0x9D, 0xFE, 0x0F, 0x00, 0x00, 0x00, 0x00, 0x00, 0x00, 0x00, 0x00, 0x7F, 0xD0,
  0x00, 0x00, 0x61, 0xFB, 0x0B, 0x00, 0x00, 0x00, 0x00, 0x00, 0x00, 0x00, 0x06, 0xF7, 0x31, 0xF8, 0x45, 0x00, 0x00, 0x00, 0x00, 0x00, 0x00, 0x00,
  0x00, 0xBC, 0x92, 0x00, 0x00, 0x26, 0xFF, 0x3F, 0x00, 0x00, 0x00, 0x00, 0x00, 0x00, 0x00, 0x38, 0xEF, 0x01, 0xC8, 0x7D, 0x00, 0x00, 0x00, 0x00,
  0x00, 0x00, 0x00, 0x04, 0xF3, 0x54, 0x00, 0x00, 0x00, 0xE9, 0x78, 0x00, 0x00, 0x00, 0x00, 0x00, 0x00, 0x00, 0x73, 0xB7, 0x00, 0x91, 0xB4, 0x00,
  0x00, 0x00, 0x00, 0x00, 0x00, 0x00, 0x35, 0xFF, 0x16, 0x00, 0x00, 0x00, 0xAF, 0xB1, 0x00, 0x00, 0x00, 0x00, 0x00, 0x00, 0x00, 0xAE, 0x7D, 0x00,
  0x59, 0xEB, 0x00, 0x00, 0x00, 0x00, 0x00, 0x00, 0x00, 0x71, 0xD8, 0x00, 0x00, 0x00, 0x00, 0x74, 0xEA, 0x00, 0x00, 0x00, 0x00, 0x00, 0x00, 0x00,
  0xE7, 0x43, 0x00, 0x22, 0xFF, 0x23, 0x00, 0x00, 0x00, 0x00, 0x00, 0x00, 0xAD, 0x9A, 0x00, 0x00, 0x00, 0x00, 0x39, 0xFF, 0x23, 0x00, 0x00, 0x00,
  0x00, 0x00, 0x23, 0xFC, 0x0C, 0x00, 0x00, 0xE9, 0x5A, 0x00, 0x00, 0x00, 0x00, 0x00, 0x00, 0xE9, 0x5C, 0x00, 0x00, 0x00, 0x00, 0x06, 0xF7, 0x5C,
  0x00, 0x00, 0x00, 0x00, 0x00, 0x5E, 0xCF, 0x00, 0x00, 0x00, 0xB2, 0x92, 0x00, 0x00, 0x00, 0x00, 0x00, 0x26, 0xFF, 0x1E, 0x00, 0x00, 0x00, 0x00,
  0x00, 0xC3, 0x95, 0x00, 0x00, 0x00, 0x00, 0x00, 0x98, 0x95, 0x00, 0x00, 0x00, 0x7B, 0xC9, 0x00, 0x00, 0x00, 0x00, 0x00, 0x63, 0xE0, 0x00, 0x00,
  0x00, 0x00, 0x00, 0x00, 0x87, 0xCE, 0x00, 0x00, 0x00, 0x00, 0x00, 0xD3, 0x5B, 0x00, 0x00, 0x00, 0x43, 0xF9, 0x07, 0x00, 0x00, 0x00, 0x00, 0x9F,
  0xA2, 0x00, 0x00, 0x00, 0x00, 0x00, 0x00, 0x4C, 0xFC, 0x0B, 0x00, 0x00, 0x00, 0x10, 0xFD, 0x21, 0x00, 0x00, 0x00, 0x0D, 0xFD, 0x38, 0x00, 0x00,
  0x00, 0x00, 0xDB, 0x63, 0x00, 0x00, 0x00, 0x00, 0x00, 0x00, 0x12, 0xFE, 0x40, 0x00, 0x00, 0x00, 0x49, 0xE7, 0x00, 0x00, 0x00, 0x00, 0x00, 0xD4,
  0x70, 0x00, 0x00, 0x00, 0x17, 0xFF, 0x25, 0x00, 0x00, 0x00, 0x00, 0x00, 0x00, 0x00, 0xD6, 0x79, 0x00, 0x00, 0x00, 0x83, 0xAD, 0x00, 0x00, 0x00,
  0x00, 0x00, 0x9C, 0xA7, 0x00, 0x00, 0x00, 0x54, 0xE7, 0x00, 0x00, 0x00, 0x00, 0x00, 0x00, 0x00, 0x00, 0x9B, 0xB2, 0x00, 0x00, 0x00, 0xBE, 0x73,
  0x00, 0x00, 0x00, 0x00, 0x00, 0x65, 0xDF, 0x00, 0x00, 0x00, 0x91, 0xA9, 0x00, 0x00, 0x00, 0x00, 0x00, 0x00, 0x00, 0x00, 0x5F, 0xEB, 0x00, 0x00,
  0x04, 0xF4, 0x39, 0x00, 0x00, 0x00, 0x00, 0x00, 0x2D, 0xFF, 0x16, 0x00, 0x00, 0xCD, 0x6B, 0x00, 0x00, 0x00, 0x00, 0x00, 0x00, 0x00, 0x00, 0x24,
  0xFF, 0x24, 0x00, 0x33, 0xF8, 0x06, 0x00, 0x00, 0x00, 0x00, 0x00, 0x02, 0xF2, 0x4D, 0x00, 0x0C, 0xFC, 0x2D, 0x00, 0x00, 0x00, 0x00, 0x00, 0x00,
  0x00, 0x00, 0x00, 0xE8, 0x5D, 0x00, 0x6E, 0xC5, 0x00, 0x00, 0x00, 0x00, 0x00, 0x00, 0x00, 0xBE, 0x85, 0x00, 0x46, 0xED, 0x01, 0x00, 0x00, 0x00,
  0x00, 0x00, 0x00, 0x00, 0x00, 0x00, 0xAE, 0x96, 0x00, 0xA9, 0x8B, 0x00, 0x00, 0x00, 0x00, 0x00, 0x00, 0x00, 0x86, 0xBC, 0x00, 0x82, 0xB1, 0x00,
  0x00, 0x00, 0x00, 0x00, 0x00, 0x00, 0x00, 0x00, 0x00, 0x73, 0xCF, 0x00, 0xE3, 0x51, 0x00, 0x00, 0x00, 0x00, 0x00, 0x00, 0x00, 0x4F, 0xF1, 0x02,
  0xBF, 0x73, 0x00, 0x00, 0x00, 0x00, 0x00, 0x00, 0x00, 0x00, 0x00, 0x00, 0x37, 0xFC, 0x2A, 0xFF, 0x17, 0x00, 0x00, 0x00, 0x00, 0x00, 0x00, 0x00,
  0x17, 0xFF, 0x30, 0xF5, 0x35, 0x00, 0x00, 0x00, 0x00, 0x00, 0x00, 0x00, 0x00, 0x00, 0x00, 0x05, 0xF6, 0x9A, 0xDD, 0x00, 0x00, 0x00, 0x00, 0x00,
  0x00, 0x00, 0x00, 0x00, 0xDF, 0x9A, 0xF3, 0x03, 0x00, 0x00, 0x00, 0x00, 0x00, 0x00, 0x00, 0x00, 0x00, 0x00, 0x00, 0xC1, 0xF7, 0xA3, 0x00, 0x00,
  0x00, 0x00, 0x00, 0x00, 0x00, 0x00, 0x00, 0xA8, 0xF7, 0xB9, 0x00, 0x00, 0x00, 0x00, 0x00, 0x00, 0x00, 0x00, 0x00, 0x00, 0x00, 0x00, 0x86, 0xFF,
  0x69, 0x00, 0x00, 0x00, 0x00, 0x00, 0x00, 0x00, 0x00, 0x00, 0x70, 0xFF, 0x7B, 0x00, 0x00, 0x00, 0x00, 0x00, 0x00, 0x00, 0xBE, 0xC1, 0x00, 0x00,
  0x00, 0x00, 0x00, 0x00, 0x00, 0x00, 0x00, 0x0D, 0xED, 0x6F, 0x00, 0x00, 0x40, 0xFF, 0x3C, 0x00, 0x00, 0x00, 0x00, 0x00, 0x00, 0x00, 0x00, 0x7A,
  0xE6, 0x08, 0x00, 0x00, 0x00, 0xC1, 0xB7, 0x00, 0x00, 0x00, 0x00, 0x00, 0x00, 0x00, 0x0C, 0xEC, 0x6F, 0x00, 0x00, 0x00, 0x00, 0x44, 0xFF, 0x33,
  0x00, 0x00, 0x00, 0x00, 0x00, 0x00, 0x78, 0xE6, 0x08, 0x00, 0x00, 0x00, 0x00, 0x00, 0xC5, 0xAE, 0x00, 0x00, 0x00, 0x00, 0x00, 0x0B, 0xEB, 0x6F,
  0x00, 0x00, 0x00, 0x00, 0x00, 0x00, 0x48, 0xFE, 0x2B, 0x00, 0x00, 0x00, 0x00, 0x76, 0xE6, 0x08, 0x00, 0x00, 0x00, 0x00, 0x00, 0x00, 0x00, 0xCA,
  0xA4, 0x00, 0x00, 0x00, 0x0A, 0xEA, 0x6F, 0x00, 0x00, 0x00, 0x00, 0x00, 0x00, 0x00, 0x00, 0x4D, 0xFC, 0x23, 0x00, 0x00, 0x74, 0xE6, 0x08, 0x00,
  0x00, 0x00, 0x00, 0x00, 0x00, 0x00, 0x00, 0x00, 0xCD, 0x9B, 0x00, 0x0A, 0xE8, 0x6F, 0x00, 0x00, 0x00, 0x00, 0x00, 0x00, 0x00, 0x00, 0x00, 0x00,
  0x51, 0xF9, 0x1C, 0x72, 0xE6, 0x08, 0x00, 0x00, 0x00, 0x00, 0x00, 0x00, 0x00, 0x00, 0x00, 0x00, 0x01, 0xD1, 0x9B, 0xE7, 0x6F, 0x00, 0x00, 0x00,
  0x00, 0x00, 0x00, 0x00, 0x00, 0x00, 0x00, 0x00, 0x00, 0x55, 0xFF, 0xE6, 0x08, 0x00, 0x00, 0x00, 0x00, 0x00, 0x00, 0x00, 0x00, 0x00, 0x00, 0x00,
  0x00, 0x3A, 0xFF, 0xE2, 0x06, 0x00, 0x00, 0x00, 0x00, 0x00, 0x00, 0x00, 0x00, 0x00, 0x00, 0x00, 0x00, 0xB7, 0xA4, 0xF1, 0x6A, 0x00, 0x00, 0x00,
  0x00, 0x00, 0x00, 0x00, 0x00, 0x00, 0x00, 0x00, 0x35, 0xFA, 0x1F, 0x83, 0xE4, 0x07, 0x00, 0x00, 0x00, 0x00, 0x00, 0x00, 0x00, 0x00, 0x00, 0x00,
  0xB2, 0x9F, 0x00, 0x12, 0xF2, 0x6D, 0x00, 0x00, 0x00, 0x00, 0x00, 0x00, 0x00, 0x00, 0x00, 0x30, 0xFC, 0x27, 0x00, 0x00, 0x85, 0xE6, 0x08, 0x00,
  0x00, 0x00, 0x00, 0x00, 0x00, 0x00, 0x00, 0xAE, 0xAA, 0x00, 0x00, 0x00, 0x13, 0xF3, 0x70, 0x00, 0x00, 0x00, 0x00, 0x00, 0x00, 0x00, 0x2C, 0xFD,
  0x30, 0x00, 0x00, 0x00, 0x00, 0x87, 0xE7, 0x09, 0x00, 0x00, 0x00, 0x00, 0x00, 0x00, 0xA9, 0xB5, 0x00, 0x00, 0x00, 0x00, 0x00, 0x13, 0xF3, 0x73,
  0x00, 0x00, 0x00, 0x00, 0x00, 0x29, 0xFD, 0x3B, 0x00, 0x00, 0x00, 0x00, 0x00, 0x00, 0x88, 0xE9, 0x0A, 0x00, 0x00, 0x00, 0x00, 0xA4, 0xC0, 0x00,
  0x00, 0x00, 0x00, 0x00, 0x00, 0x00, 0x14, 0xF4, 0x76, 0x00, 0x00, 0x00, 0x25, 0xFC, 0x45, 0x00, 0x00, 0x00, 0x00, 0x00, 0x00, 0x00, 0x00, 0x8A,
  0xEB, 0x0C, 0x00, 0x00, 0xA0, 0xCB, 0x00, 0x00, 0x00, 0x00, 0x00, 0x00, 0x00, 0x00, 0x00, 0x15, 0xF5, 0x79, 0x00, 0x21, 0xFB, 0x51, 0x00, 0x00,
  0x00, 0x00, 0x00, 0x00, 0x00, 0x00, 0x00, 0x00, 0x8C, 0xED, 0x0D, 0x57, 0xFD, 0x23, 0x00, 0x00, 0x00, 0x00, 0x00, 0x00, 0x00, 0x00, 0x00, 0x00,
  0xA0, 0xCE, 0x00, 0x03, 0xDF, 0x92, 0x00, 0x00, 0x00, 0x00, 0x00, 0x00, 0x00, 0x00, 0x00, 0x16, 0xF8, 0x5B, 0x00, 0x00, 0x6F, 0xF3, 0x10, 0x00,
  0x00, 0x00, 0x00, 0x00, 0x00, 0x00, 0x00, 0x7F, 0xE4, 0x05, 0x00, 0x00, 0x0C, 0xEE, 0x76, 0x00, 0x00, 0x00, 0x00, 0x00, 0x00, 0x00, 0x06, 0xE7,
  0x76, 0x00, 0x00, 0x00, 0x00, 0x87, 0xE3, 0x04, 0x00, 0x00, 0x00, 0x00, 0x00, 0x00, 0x5E, 0xF3, 0x10, 0x00, 0x00, 0x00, 0x00, 0x19, 0xF9, 0x5A,
  0x00, 0x00, 0x00, 0x00, 0x00, 0x00, 0xCD, 0x91, 0x00, 0x00, 0x00, 0x00, 0x00, 0x00, 0x9F, 0xCB, 0x00, 0x00, 0x00, 0x00, 0x00, 0x3D, 0xFD, 0x22,
  0x00, 0x00, 0x00, 0x00, 0x00, 0x00, 0x2B, 0xFF, 0x3D, 0x00, 0x00, 0x00, 0x00, 0xAC, 0xAC, 0x00, 0x00, 0x00, 0x00, 0x00, 0x00, 0x00, 0x00, 0xB7,
  0xAF, 0x00, 0x00, 0x00, 0x1E, 0xFC, 0x39, 0x00, 0x00, 0x00, 0x00, 0x00, 0x00, 0x00, 0x00, 0x43, 0xFD, 0x23, 0x00, 0x00, 0x8B, 0xC7, 0x00, 0x00,
  0x00, 0x00, 0x00, 0x00, 0x00, 0x00, 0x00, 0x00, 0xCE, 0x93, 0x00, 0x0B, 0xEF, 0x54, 0x00, 0x00, 0x00, 0x00, 0x00, 0x00, 0x00, 0x00, 0x00, 0x00,
  0x5B, 0xF4, 0x10, 0x6A, 0xDF, 0x03, 0x00, 0x00, 0x00, 0x00, 0x00, 0x00, 0x00, 0x00, 0x00, 0x00, 0x04, 0xE2, 0x77, 0xD7, 0x6F, 0x00, 0x00, 0x00,
  0x00, 0x00, 0x00, 0x00, 0x00, 0x00, 0x00, 0x00, 0x00, 0x74, 0xF7, 0xF0, 0x0C, 0x00, 0x00, 0x00, 0x00, 0x00, 0x00, 0x00, 0x00, 0x00, 0x00, 0x00,
  0x00, 0x0E, 0xF5, 0x8E, 0x00, 0x00, 0x00, 0x00, 0x00, 0x00, 0x00, 0x00, 0x00, 0x00, 0x00, 0x00, 0x00, 0x00, 0xE4, 0x70, 0x00, 0x00, 0x00, 0x00,
  0x00, 0x00, 0x00, 0x00, 0x00, 0x00, 0x00, 0x00, 0x00, 0x00, 0xE4, 0x70, 0x00, 0x00, 0x00, 0x00, 0x00, 0x00, 0x00, 0x00, 0x00, 0x00, 0x00, 0x00,
  0x00, 0x00, 0xE4, 0x70, 0x00, 0x00, 0x00, 0x00, 0x00, 0x00, 0x00, 0x00, 0x00, 0x00, 0x00, 0x00, 0x00, 0x00, 0xE4, 0x70, 0x00, 0x00, 0x00, 0x00,
  0x00, 0x00, 0x00, 0x00, 0x00, 0x00, 0x00, 0x00, 0x00, 0x00, 0xE4, 0x70, 0x00, 0x00, 0x00, 0x00, 0x00, 0x00, 0x00, 0x00, 0x00, 0x00, 0x00, 0x00,
  0x00, 0x00, 0xE4, 0x70, 0x00, 0x00, 0x00, 0x00, 0x00, 0x00, 0x00, 0x00, 0x00, 0x00, 0x00, 0x00, 0x00, 0x00, 0xE4, 0x70, 0x00, 0x00, 0x00, 0x00,
  0x00, 0x00, 0x00, 0x00, 0x00, 0x00, 0x00, 0x00, 0x00, 0x00, 0xE4, 0x70, 0x00, 0x00, 0x00, 0x00, 0x00, 0x00, 0x00, 0x00, 0x00, 0x00, 0x00, 0x00,
  0x00, 0x00, 0xE4, 0x70, 0x00, 0x00, 0x00, 0x00, 0x00, 0x00, 0x00, 0x00, 0x00, 0x00, 0x00, 0x00, 0x00, 0x00, 0xE4, 0x70, 0x00, 0x00, 0x00, 0x00,
  0x00, 0x00, 0x00, 0x00, 0x44, 0xFF, 0xFF, 0xFF, 0xFF, 0xFF, 0xFF, 0xFF, 0xFF, 0xFF, 0xFF, 0xFF, 0x44, 0x00, 0x00, 0x00, 0x00, 0x00, 0x00, 0x00,
  0x00, 0x00, 0x00, 0x00, 0x61, 0xFF, 0x2B, 0x00, 0x00, 0x00, 0x00, 0x00, 0x00, 0x00, 0x00, 0x00, 0x00, 0x02, 0xD8, 0xB8, 0x00, 0x00, 0x00, 0x00,
  0x00, 0x00, 0x00, 0x00, 0x00, 0x00, 0x00, 0x55, 0xFF, 0x3E, 0x00, 0x00, 0x00, 0x00, 0x00, 0x00, 0x00, 0x00, 0x00, 0x00, 0x00, 0xCE, 0xC5, 0x00,
  0x00, 0x00, 0x00, 0x00, 0x00, 0x00, 0x00, 0x00, 0x00, 0x00, 0x49, 0xFF, 0x4B, 0x00, 0x00, 0x00, 0x00, 0x00, 0x00, 0x00, 0x00, 0x00, 0x00, 0x00,
  0xC3, 0xD0, 0x00, 0x00, 0x00, 0x00, 0x00, 0x00, 0x00, 0x00, 0x00, 0x00, 0x00, 0x3C, 0xFF, 0x57, 0x00, 0x00, 0x00, 0x00, 0x00, 0x00, 0x00, 0x00,
  0x00, 0x00, 0x00, 0xB7, 0xDA, 0x02, 0x00, 0x00, 0x00, 0x00, 0x00, 0x00, 0x00, 0x00, 0x00, 0x00, 0x31, 0xFF, 0x63, 0x00, 0x00, 0x00, 0x00, 0x00,
  0x00, 0x00, 0x00, 0x00, 0x00, 0x00, 0xAB, 0xE3, 0x06, 0x00, 0x00, 0x00, 0x00, 0x00, 0x00, 0x00, 0x00, 0x00, 0x00, 0x26, 0xFD, 0x6F, 0x00, 0x00,
  0x00, 0x00, 0x00, 0x00, 0x00, 0x00, 0x00, 0x00, 0x00, 0x9F, 0xEB, 0x0A, 0x00, 0x00, 0x00, 0x00, 0x00, 0x00, 0x00, 0x00, 0x00, 0x00, 0x1D, 0xFA,
  0x7B, 0x00, 0x00, 0x00, 0x00, 0x00, 0x00, 0x00, 0x00, 0x00, 0x00, 0x00, 0x92, 0xF1, 0x10, 0x00, 0x00, 0x00, 0x00, 0x00, 0x00, 0x00, 0x00, 0x00,
  0x00, 0x15, 0xF6, 0x88, 0x00, 0x00, 0x00, 0x00, 0x00, 0x00, 0x00, 0x00, 0x00, 0x00, 0x00, 0x86, 0xF7, 0x17, 0x00, 0x00, 0x00, 0x00, 0x00, 0x00,
  0x00, 0x00, 0x00, 0x00, 0x0F, 0xF0, 0x94, 0x00, 0x00, 0x00, 0x00, 0x00, 0x00, 0x00, 0x00, 0x00, 0x00, 0x00, 0x7A, 0xFB, 0x1F, 0x00, 0x00, 0x00,
  0x00, 0x00, 0x00, 0x00, 0x00, 0x00, 0x00, 0x09, 0xE9, 0xA0, 0x00, 0x00, 0x00, 0x00, 0x00, 0x00, 0x00, 0x00, 0x00, 0x00, 0x00, 0x6E, 0xFD, 0x28,
  0x00, 0x00, 0x00, 0x00, 0x00, 0x00, 0x00, 0x00, 0x00, 0x00, 0x05, 0xE2, 0xAC, 0x00, 0x00, 0x00, 0x00, 0x00, 0x00, 0x00, 0x00, 0x00, 0x00, 0x00,
  0x62, 0xFF, 0x32, 0x00, 0x00, 0x00, 0x00, 0x00, 0x00, 0x00, 0x00, 0x00, 0x00, 0x00, 0xD6, 0xB8, 0x00, 0x00, 0x00, 0x00, 0x00, 0x00, 0x00, 0x00,
  0x00, 0x00, 0x00, 0x00, 0xF4, 0xFF, 0xFF, 0xFF, 0xFF, 0xFF, 0xFF, 0xFF, 0xFF, 0xFF, 0xFF, 0xFF, 0x30, 0x00, 0x00, 0x00, 0x07, 0x67, 0xC6, 0xDF,
  0xE2, 0xDF, 0x9D, 0x20, 0x00, 0x00, 0x00, 0x00, 0x00, 0x00, 0x09, 0xCC, 0xC6, 0x34, 0x01, 0x00, 0x15, 0x9A, 0xE9, 0x1D, 0x00, 0x00, 0x00, 0x00,
  0x00, 0x72, 0xE7, 0x11, 0x00, 0x00, 0x00, 0x00, 0x01, 0xCC, 0x94, 0x00, 0x00, 0x00, 0x00, 0x00, 0xAC, 0xA6, 0x00, 0x00, 0x00, 0x00, 0x00, 0x00,
  0x7A, 0xD2, 0x00, 0x00, 0x00, 0x00, 0x00, 0x14, 0x0F, 0x00, 0x00, 0x00, 0x00, 0x00, 0x00, 0x5D, 0xEA, 0x00, 0x00, 0x00, 0x00, 0x00, 0x00, 0x00,
  0x00, 0x00, 0x00, 0x00, 0x00, 0x00, 0x53, 0xFD, 0x00, 0x00, 0x00, 0x00, 0x00, 0x00, 0x00, 0x00, 0x00, 0x00, 0x00, 0x00, 0x00, 0x4C, 0xFF, 0x00,
  0x00, 0x00, 0x00, 0x00, 0x00, 0x07, 0x64, 0xAE, 0xD3, 0xF3, 0xFF, 0xFF, 0xFF, 0xFF, 0x00, 0x00, 0x00, 0x00, 0x00, 0x23, 0xD9, 0xDE, 0x71, 0x32,
  0x18, 0x07, 0x00, 0x4C, 0xFF, 0x00, 0x00, 0x00, 0x00, 0x03, 0xD1, 0xC1, 0x0B, 0x00, 0x00, 0x00, 0x00, 0x00, 0x4C, 0xFF, 0x00, 0x00, 0x00, 0x00,
  0x44, 0xFE, 0x24, 0x00, 0x00, 0x00, 0x00, 0x00, 0x00, 0x54, 0xFF, 0x00, 0x00, 0x00, 0x00, 0x75, 0xDD, 0x00, 0x00, 0x00, 0x00, 0x00, 0x00, 0x00,
  0x6B, 0xFF, 0x00, 0x00, 0x00, 0x00, 0x82, 0xD1, 0x00, 0x00, 0x00, 0x00, 0x00, 0x00, 0x00, 0x8F, 0xFF, 0x01, 0x00, 0x00, 0x00, 0x66, 0xF1, 0x02,
  0x00, 0x00, 0x00, 0x00, 0x00, 0x02, 0xD6, 0xFF, 0x04, 0x00, 0x00, 0x00, 0x1C, 0xFA, 0x5D, 0x00, 0x00, 0x00, 0x00, 0x00, 0x6B, 0x8E, 0xFF, 0x08,
  0x00, 0x00, 0x00, 0x00, 0x76, 0xF3, 0x5E, 0x03, 0x00, 0x0F, 0x7D, 0xAF, 0x21, 0xFF, 0x10, 0x00, 0x00, 0x00, 0x00, 0x00, 0x53, 0xC4, 0xE8, 0xDA,
  0xCD, 0x6E, 0x05, 0x19, 0xFF, 0x18, 0x00, 0x00, 0x00, 0x00, 0x6C, 0xD8, 0x00, 0x00, 0x00, 0x00, 0x00, 0x00, 0x00, 0x00, 0x00, 0x00, 0x00, 0x00,
  0x00, 0x6C, 0xD8, 0x00, 0x00, 0x00, 0x00, 0x00, 0x00, 0x00, 0x00, 0x00, 0x00, 0x00, 0x00, 0x00, 0x6C, 0xD8, 0x00, 0x00, 0x00, 0x00, 0x00, 0x00,
  0x00, 0x00, 0x00, 0x00, 0x00, 0x00, 0x00, 0x6C, 0xD8, 0x00, 0x00, 0x00, 0x00, 0x00, 0x00, 0x00, 0x00, 0x00, 0x00, 0x00, 0x00, 0x00, 0x6C, 0xD8,
  0x00, 0x00, 0x00, 0x00, 0x00, 0x00, 0x00, 0x00, 0x00, 0x00, 0x00, 0x00, 0x00, 0x6C, 0xD8, 0x00, 0x00, 0x00, 0x00, 0x00, 0x00, 0x00, 0x00, 0x00,
  0x00, 0x00, 0x00, 0x00, 0x6C, 0xD8, 0x00, 0x00, 0x00, 0x00, 0x00, 0x00, 0x00, 0x00, 0x00, 0x00, 0x00, 0x00, 0x00, 0x6C, 0xD8, 0x00, 0x00, 0x00,
  0x00, 0x00, 0x00, 0x00, 0x00, 0x00, 0x00, 0x00, 0x00, 0x00, 0x6C, 0xD8, 0x00, 0x4D, 0xC0, 0xDB, 0xE2, 0xDA, 0x7A, 0x05, 0x00, 0x00, 0x00, 0x00,
  0x00, 0x6C, 0xD8, 0x74, 0xDA, 0x39, 0x00, 0x00, 0x29, 0xCA, 0xC9, 0x09, 0x00, 0x00, 0x00, 0x00, 0x6C, 0xF2, 0xEC, 0x15, 0x00, 0x00, 0x00, 0x00,
  0x0B, 0xDD, 0x79, 0x00, 0x00, 0x00, 0x00, 0x6C, 0xFF, 0x7F, 0x00, 0x00, 0x00, 0x00, 0x00, 0x00, 0x76, 0xCF, 0x00, 0x00, 0x00, 0x00, 0x6C, 0xFF,
  0x35, 0x00, 0x00, 0x00, 0x00, 0x00, 0x00, 0x37, 0xFF, 0x10, 0x00, 0x00, 0x00, 0x6C, 0xFC, 0x04, 0x00, 0x00, 0x00, 0x00, 0x00, 0x00, 0x13, 0xFF,
  0x2E, 0x00, 0x00, 0x00, 0x6C, 0xE6, 0x00, 0x00, 0x00, 0x00, 0x00, 0x00, 0x00, 0x01, 0xFD, 0x45, 0x00, 0x00, 0x00, 0x6C, 0xD5, 0x00, 0x00, 0x00,
  0x00, 0x00, 0x00, 0x00, 0x00, 0xFA, 0x4E, 0x00, 0x00, 0x00, 0x6C, 0xD1, 0x00, 0x00, 0x00, 0x00, 0x00, 0x00, 0x00, 0x00, 0xFA, 0x52, 0x00, 0x00,
  0x00, 0x6C, 0xD5, 0x00, 0x00, 0x00, 0x00, 0x00, 0x00, 0x00, 0x01, 0xFF, 0x4E, 0x00, 0x00, 0x00, 0x6C, 0xDD, 0x00, 0x00, 0x00, 0x00, 0x00, 0x00,
  0x00, 0x0A, 0xFF, 0x42, 0x00, 0x00, 0x00, 0x6C, 0xE5, 0x00, 0x00, 0x00, 0x00, 0x00, 0x00, 0x00, 0x1F, 0xFF, 0x28, 0x00, 0x00, 0x00, 0x6C, 0xFC,
  0x08, 0x00, 0x00, 0x00, 0x00, 0x00, 0x00, 0x42, 0xF8, 0x09, 0x00, 0x00, 0x00, 0x6C, 0xFF, 0x45, 0x00, 0x00, 0x00, 0x00, 0x00, 0x00, 0x83, 0xB9,
  0x00, 0x00, 0x00, 0x00, 0x6E, 0xCD, 0xB1, 0x02, 0x00, 0x00, 0x00, 0x00, 0x16, 0xEF, 0x5B, 0x00, 0x00, 0x00, 0x00, 0x77, 0xB3, 0x5E, 0xA8, 0x1E,
  0x00, 0x00, 0x33, 0xD7, 0xA9, 0x01, 0x00, 0x00, 0x00, 0x00, 0x84, 0xAE, 0x00, 0x4A, 0xC3, 0xDB, 0xE2, 0xCC, 0x68, 0x02, 0x00, 0x00, 0x00, 0x00,
  0x00, 0x00, 0x00, 0x4A, 0xBC, 0xDF, 0xE1, 0xE3, 0xA9, 0x29, 0x00, 0x00, 0x00, 0x00, 0x00, 0x72, 0xF0, 0x53, 0x01, 0x00, 0x13, 0xA9, 0xF0, 0x1F,
  0x00, 0x00, 0x00, 0x2B, 0xFB, 0x4D, 0x00, 0x00, 0x00, 0x00, 0x02, 0xDC, 0x8B, 0x00, 0x00, 0x00, 0x94, 0xD2, 0x00, 0x00, 0x00, 0x00, 0x00, 0x00,
  0x87, 0xB8, 0x00, 0x00, 0x00, 0xD8, 0x8A, 0x00, 0x00, 0x00, 0x00, 0x00, 0x00, 0x56, 0xA3, 0x00, 0x00, 0x03, 0xFB, 0x5F, 0x00, 0x00, 0x00, 0x00,
  0x00, 0x00, 0x00, 0x00, 0x00, 0x00, 0x0E, 0xFF, 0x46, 0x00, 0x00, 0x00, 0x00, 0x00, 0x00, 0x00, 0x00, 0x00, 0x00, 0x18, 0xFF, 0x3A, 0x00, 0x00,
  0x00, 0x00, 0x00, 0x00, 0x00, 0x00, 0x00, 0x00, 0x1E, 0xFF, 0x35, 0x00, 0x00, 0x00, 0x00, 0x00, 0x00, 0x00, 0x00, 0x00, 0x00, 0x1A, 0xFF, 0x3A,
  0x00, 0x00, 0x00, 0x00, 0x00, 0x00, 0x00, 0x00, 0x00, 0x00, 0x0F, 0xFF, 0x44, 0x00, 0x00, 0x00, 0x00, 0x00, 0x00, 0x00, 0x00, 0x00, 0x00, 0x00,
  0xFA, 0x5C, 0x00, 0x00, 0x00, 0x00, 0x00, 0x00, 0x00, 0x00, 0x00, 0x00, 0x00, 0xD7, 0x82, 0x00, 0x00, 0x00, 0x00, 0x00, 0x00, 0x72, 0xDF, 0x00,
  0x00, 0x00, 0x9D, 0xC0, 0x00, 0x00, 0x00, 0x00, 0x00, 0x00, 0x93, 0xC2, 0x00, 0x00, 0x00, 0x3B, 0xFD, 0x2F, 0x00, 0x00, 0x00, 0x00, 0x08, 0xEA,
  0x7A, 0x00, 0x00, 0x00, 0x00, 0x90, 0xDE, 0x3E, 0x00, 0x00, 0x1A, 0xBD, 0xDB, 0x0E, 0x00, 0x00, 0x00, 0x00, 0x00, 0x5F, 0xC4, 0xE0, 0xE1, 0xDE,
  0x94, 0x15, 0x00, 0x00, 0x00, 0x00, 0x00, 0x00, 0x00, 0x00, 0x00, 0x00, 0x00, 0x00, 0x00, 0x9C, 0xA4, 0x00, 0x00, 0x00, 0x00, 0x00, 0x00, 0x00,
  0x00, 0x00, 0x00, 0x00, 0x00, 0x00, 0x9C, 0xA4, 0x00, 0x00, 0x00, 0x00, 0x00, 0x00, 0x00, 0x00, 0x00, 0x00, 0x00, 0x00, 0x00, 0x9C, 0xA4, 0x00,
  0x00, 0x00, 0x00, 0x00, 0x00, 0x00, 0x00, 0x00, 0x00, 0x00, 0x00, 0x00, 0x9C, 0xA4, 0x00, 0x00, 0x00, 0x00, 0x00, 0x00, 0x00, 0x00, 0x00, 0x00,
  0x00, 0x00, 0x00, 0x9C, 0xA4, 0x00, 0x00, 0x00, 0x00, 0x00, 0x00, 0x00, 0x00, 0x00, 0x00, 0x00, 0x00, 0x00, 0x9C, 0xA4, 0x00, 0x00, 0x00, 0x00,
  0x00, 0x00, 0x00, 0x00, 0x00, 0x00, 0x00, 0x00, 0x00, 0x9C, 0xA4, 0x00, 0x00, 0x00, 0x00, 0x00, 0x00, 0x00, 0x00, 0x00, 0x00, 0x00, 0x00, 0x00,
  0x9C, 0xA4, 0x00, 0x00, 0x00, 0x00, 0x00, 0x00, 0x41, 0xB8, 0xE3, 0xE1, 0xDD, 0x93, 0x15, 0x9C, 0xA4, 0x00, 0x00, 0x00, 0x00, 0x00, 0x5D, 0xEC,
  0x55, 0x02, 0x00, 0x12, 0x93, 0xD6, 0xA4, 0xA4, 0x00, 0x00, 0x00, 0x00, 0x1B, 0xF4, 0x45, 0x00, 0x00, 0x00, 0x00, 0x00, 0xA5, 0xF7, 0xA4, 0x00,
  0x00, 0x00, 0x00, 0x80, 0xC3, 0x00, 0x00, 0x00, 0x00, 0x00, 0x00, 0x26, 0xFF, 0xA4, 0x00, 0x00, 0x00, 0x00, 0xC7, 0x79, 0x00, 0x00, 0x00, 0x00,
  0x00, 0x00, 0x00, 0xDF, 0xA4, 0x00, 0x00, 0x00, 0x00, 0xF2, 0x51, 0x00, 0x00, 0x00, 0x00, 0x00, 0x00, 0x00, 0xB9, 0xA4, 0x00, 0x00, 0x00, 0x05,
  0xFF, 0x41, 0x00, 0x00, 0x00, 0x00, 0x00, 0x00, 0x00, 0xA7, 0xA4, 0x00, 0x00, 0x00, 0x16, 0xFF, 0x39, 0x00, 0x00, 0x00, 0x00, 0x00, 0x00, 0x00,
  0x9F, 0xA4, 0x00, 0x00, 0x00, 0x1C, 0xFF, 0x36, 0x00, 0x00, 0x00, 0x00, 0x00, 0x00, 0x00, 0x96, 0xA4, 0x00, 0x00, 0x00, 0x13, 0xFF, 0x3D, 0x00,
  0x00, 0x00, 0x00, 0x00, 0x00, 0x00, 0x9A, 0xA4, 0x00, 0x00, 0x00, 0x0A, 0xFF, 0x44, 0x00, 0x00, 0x00, 0x00, 0x00, 0x00, 0x00, 0xA2, 0xA4, 0x00,
  0x00, 0x00, 0x00, 0xF4, 0x58, 0x00, 0x00, 0x00, 0x00, 0x00, 0x00, 0x00, 0xAE, 0xA4, 0x00, 0x00, 0x00, 0x00, 0xCA, 0x81, 0x00, 0x00, 0x00, 0x00,
  0x00, 0x00, 0x00, 0xCE, 0xA4, 0x00, 0x00, 0x00, 0x00, 0x81, 0xCA, 0x00, 0x00, 0x00, 0x00, 0x00, 0x00, 0x12, 0xFC, 0xA4, 0x00, 0x00, 0x00, 0x00,
  0x1A, 0xF4, 0x48, 0x00, 0x00, 0x00, 0x00, 0x00, 0x88, 0xC4, 0xA6, 0x00, 0x00, 0x00, 0x00, 0x00, 0x5C, 0xEC, 0x54, 0x02, 0x00, 0x0D, 0x7E, 0xA1,
  0x7A, 0xAF, 0x00, 0x00, 0x00, 0x00, 0x00, 0x00, 0x40, 0xB7, 0xE0, 0xE0, 0xD6, 0x77, 0x04, 0x73, 0xBF, 0x00, 0x00, 0x00, 0x00, 0x00, 0x00, 0x3C,
  0xB2, 0xDA, 0xDF, 0xDC, 0x9E, 0x23, 0x00, 0x00, 0x00, 0x00, 0x00, 0x00, 0x5D, 0xF0, 0x5E, 0x06, 0x00, 0x0D, 0x7F, 0xEC, 0x2D, 0x00, 0x00, 0x00,
  0x00, 0x1B, 0xF6, 0x54, 0x00, 0x00, 0x00, 0x00, 0x00, 0x9F, 0xC8, 0x00, 0x00, 0x00, 0x00, 0x85, 0xCE, 0x00, 0x00, 0x00, 0x00, 0x00, 0x00, 0x31,
  0xFF, 0x2C, 0x00, 0x00, 0x00, 0xCB, 0x86, 0x00, 0x00, 0x00, 0x00, 0x00, 0x00, 0x01, 0xF5, 0x62, 0x00, 0x00, 0x00, 0xF2, 0x55, 0x00, 0x00, 0x00,
  0x00, 0x00, 0x00, 0x00, 0xD4, 0x7B, 0x00, 0x00, 0x0A, 0xFF, 0x40, 0x00, 0x00, 0x00, 0x00, 0x00, 0x00, 0x00, 0xC3, 0x8A, 0x00, 0x00, 0x12, 0xFF,
  0x37, 0x00, 0x00, 0x00, 0x00, 0x00, 0x00, 0x00, 0xC0, 0x93, 0x00, 0x00, 0x1A, 0xFF, 0xFF, 0xFF, 0xFF, 0xFF, 0xFF, 0xFF, 0xFF, 0xFF, 0xFF, 0x94,
  0x00, 0x00, 0x1C, 0xFF, 0x34, 0x00, 0x00, 0x00, 0x00, 0x00, 0x00, 0x00, 0x00, 0x00, 0x00, 0x00, 0x0E, 0xFF, 0x38, 0x00, 0x00, 0x00, 0x00, 0x00,
  0x00, 0x00, 0x00, 0x00, 0x00, 0x00, 0x01, 0xFC, 0x44, 0x00, 0x00, 0x00, 0x00, 0x00, 0x00, 0x00, 0x09, 0x05, 0x00, 0x00, 0x00, 0xE5, 0x5A, 0x00,
  0x00, 0x00, 0x00, 0x00, 0x00, 0x00, 0xD9, 0x6B, 0x00, 0x00, 0x00, 0xAC, 0x95, 0x00, 0x00, 0x00, 0x00, 0x00, 0x00, 0x12, 0xFE, 0x34, 0x00, 0x00,
  0x00, 0x47, 0xF0, 0x19, 0x00, 0x00, 0x00, 0x00, 0x00, 0x78, 0xE9, 0x02, 0x00, 0x00, 0x00, 0x00, 0x97, 0xD5, 0x3C, 0x00, 0x00, 0x06, 0x5E, 0xF6,
  0x60, 0x00, 0x00, 0x00, 0x00, 0x00, 0x00, 0x5F, 0xC3, 0xE2, 0xE0, 0xE5, 0xBA, 0x49, 0x00, 0x00, 0x00, 0x00, 0x00, 0x00, 0x00, 0x24, 0xB7, 0xE5,
  0xE2, 0x00, 0x00, 0x00, 0x00, 0x06, 0xDD, 0x82, 0x04, 0x00, 0x00, 0x00, 0x00, 0x00, 0x4D, 0xF6, 0x08, 0x00, 0x00, 0x00, 0x00, 0x00, 0x00, 0x7C,
  0xC8, 0x00, 0x00, 0x00, 0x00, 0x00, 0x00, 0x00, 0x8B, 0xB6, 0x00, 0x00, 0x00, 0x00, 0x00, 0x00, 0x00, 0x96, 0xB0, 0x00, 0x00, 0x00, 0x00, 0x00,
  0x00, 0x00, 0x98, 0xB0, 0x00, 0x00, 0x00, 0x00, 0x00, 0x00, 0x00, 0x98, 0xB0, 0x00, 0x00, 0x00, 0x00, 0x38, 0xFF, 0xFF, 0xFF, 0xFF, 0xFF, 0xFF,
  0xFC, 0x00, 0x00, 0x00, 0x00, 0x98, 0xB0, 0x00, 0x00, 0x00, 0x00, 0x00, 0x00, 0x00, 0x98, 0xB0, 0x00, 0x00, 0x00, 0x00, 0x00, 0x00, 0x00, 0x98,
  0xB0, 0x00, 0x00, 0x00, 0x00, 0x00, 0x00, 0x00, 0x98, 0xB0, 0x00, 0x00, 0x00, 0x00, 0x00, 0x00, 0x00, 0x98, 0xB0, 0x00, 0x00, 0x00, 0x00, 0x00,
  0x00, 0x00, 0x98, 0xB0, 0x00, 0x00, 0x00, 0x00, 0x00, 0x00, 0x00, 0x98, 0xB0, 0x00, 0x00, 0x00, 0x00, 0x00, 0x00, 0x00, 0x98, 0xB0, 0x00, 0x00,
  0x00, 0x00, 0x00, 0x00, 0x00, 0x98, 0xB0, 0x00, 0x00, 0x00, 0x00, 0x00, 0x00, 0x00, 0x98, 0xB0, 0x00, 0x00, 0x00, 0x00, 0x00, 0x00, 0x00, 0x98,
  0xB0, 0x00, 0x00, 0x00, 0x00, 0x00, 0x00, 0x00, 0x98, 0xB0, 0x00, 0x00, 0x00, 0x00, 0x00, 0x00, 0x00, 0x98, 0xB0, 0x00, 0x00, 0x00, 0x00, 0x00,
  0x00, 0x00, 0x98, 0xB0, 0x00, 0x00, 0x00, 0x00, 0x00, 0x00, 0x00, 0x98, 0xB0, 0x00, 0x00, 0x00, 0x00, 0x00, 0x00, 0x00, 0x98, 0xB0, 0x00, 0x00,
  0x00, 0x00, 0x00, 0x00, 0x00, 0x00, 0x4A, 0xBD, 0xE4, 0xDE, 0xCB, 0x5F, 0x00, 0x73, 0xB8, 0x00, 0x00, 0x00, 0x00, 0x00, 0x6B, 0xEC, 0x51, 0x02,
  0x00, 0x16, 0xA2, 0x81, 0x78, 0xAC, 0x00, 0x00, 0x00, 0x00, 0x23, 0xF8, 0x46, 0x00, 0x00, 0x00, 0x00, 0x01, 0xB9, 0x9D, 0xA6, 0x00, 0x00, 0x00,
  0x00, 0x87, 0xC8, 0x00, 0x00, 0x00, 0x00, 0x00, 0x00, 0x3C, 0xF6, 0xA4, 0x00, 0x00, 0x00, 0x00, 0xCA, 0x7F, 0x00, 0x00, 0x00, 0x00, 0x00, 0x00,
  0x01, 0xEC, 0xA4, 0x00, 0x00, 0x00, 0x00, 0xF2, 0x56, 0x00, 0x00, 0x00, 0x00, 0x00, 0x00, 0x00, 0xC1, 0xA4, 0x00, 0x00, 0x00, 0x03, 0xFF, 0x43,
  0x00, 0x00, 0x00, 0x00, 0x00, 0x00, 0x00, 0xAE, 0xA4, 0x00, 0x00, 0x00, 0x11, 0xFF, 0x3C, 0x00, 0x00, 0x00, 0x00, 0x00, 0x00, 0x00, 0x9F, 0xA4,
  0x00, 0x00, 0x00, 0x1C, 0xFF, 0x35, 0x00, 0x00, 0x00, 0x00, 0x00, 0x00, 0x00, 0x95, 0xA4, 0x00, 0x00, 0x00, 0x17, 0xFF, 0x3B, 0x00, 0x00, 0x00,
  0x00, 0x00, 0x00, 0x00, 0x99, 0xA4, 0x00, 0x00, 0x00, 0x0C, 0xFF, 0x43, 0x00, 0x00, 0x00, 0x00, 0x00, 0x00, 0x00, 0xA3, 0xA4, 0x00, 0x00, 0x00,
  0x02, 0xFD, 0x4F, 0x00, 0x00, 0x00, 0x00, 0x00, 0x00, 0x00, 0xB9, 0xA4, 0x00, 0x00, 0x00, 0x00, 0xDD, 0x73, 0x00, 0x00, 0x00, 0x00, 0x00, 0x00,
  0x00, 0xE5, 0xA4, 0x00, 0x00, 0x00, 0x00, 0x9F, 0xB8, 0x00, 0x00, 0x00, 0x00, 0x00, 0x00, 0x34, 0xFF, 0xA4, 0x00, 0x00, 0x00, 0x00, 0x3A, 0xFD,
  0x38, 0x00, 0x00, 0x00, 0x00, 0x03, 0xBB, 0xE4, 0xA4, 0x00, 0x00, 0x00, 0x00, 0x00, 0x8A, 0xEC, 0x5D, 0x15, 0x0B, 0x35, 0xB5, 0xA5, 0xA4, 0xA4,
  0x00, 0x00, 0x00, 0x00, 0x00, 0x00, 0x5C, 0xC6, 0xEE, 0xF5, 0xCF, 0x6F, 0x02, 0xA4, 0xA4, 0x00, 0x00, 0x00, 0x00, 0x00, 0x00, 0x00, 0x00, 0x00,
  0x00, 0x00, 0x00, 0x00, 0xA9, 0xA3, 0x00, 0x00, 0x00, 0x00, 0x00, 0x00, 0x00, 0x00, 0x00, 0x00, 0x00, 0x00, 0x00, 0xB0, 0x9D, 0x00, 0x00, 0x00,
  0x00, 0x58, 0x74, 0x00, 0x00, 0x00, 0x00, 0x00, 0x00, 0x00, 0xBE, 0x8A, 0x00, 0x00, 0x00, 0x00, 0x78, 0xDE, 0x00, 0x00, 0x00, 0x00, 0x00, 0x00,
  0x02, 0xE9, 0x5D, 0x00, 0x00, 0x00, 0x00, 0x34, 0xFF, 0x3A, 0x00, 0x00, 0x00, 0x00, 0x00, 0x56, 0xF4, 0x12, 0x00, 0x00, 0x00, 0x00, 0x00, 0xA8,
  0xDF, 0x42, 0x03, 0x00, 0x07, 0x61, 0xF1, 0x61, 0x00, 0x00, 0x00, 0x00, 0x00, 0x00, 0x04, 0x73, 0xCE, 0xEE, 0xE2, 0xE1, 0xAB, 0x3B, 0x00, 0x00,
  0x00, 0x00, 0x00, 0x00, 0x6C, 0xE0, 0x00, 0x00, 0x00, 0x00, 0x00, 0x00, 0x00, 0x00, 0x00, 0x00, 0x00, 0x00, 0x00, 0x6C, 0xE0, 0x00, 0x00, 0x00,
  0x00, 0x00, 0x00, 0x00, 0x00, 0x00, 0x00, 0x00, 0x00, 0x00, 0x6C, 0xE0, 0x00, 0x00, 0x00, 0x00, 0x00, 0x00, 0x00, 0x00, 0x00, 0x00, 0x00, 0x00,
  0x00, 0x6C, 0xE0, 0x00, 0x00, 0x00, 0x00, 0x00, 0x00, 0x00, 0x00, 0x00, 0x00, 0x00, 0x00, 0x00, 0x6C, 0xE0, 0x00, 0x00, 0x00, 0x00, 0x00, 0x00,
  0x00, 0x00, 0x00, 0x00, 0x00, 0x00, 0x00, 0x6C, 0xE0, 0x00, 0x00, 0x00, 0x00, 0x00, 0x00, 0x00, 0x00, 0x00, 0x00, 0x00, 0x00, 0x00, 0x6C, 0xE0,
  0x00, 0x00, 0x00, 0x00, 0x00, 0x00, 0x00, 0x00, 0x00, 0x00, 0x00, 0x00, 0x00, 0x6C, 0xE0, 0x00, 0x00, 0x00, 0x00, 0x00, 0x00, 0x00, 0x00, 0x00,
  0x00, 0x00, 0x00, 0x00, 0x6C, 0xE0, 0x00, 0x45, 0xB0, 0xDD, 0xE3, 0xDF, 0x92, 0x13, 0x00, 0x00, 0x00, 0x00, 0x00, 0x6C, 0xE0, 0x77, 0xD4, 0x3E,
  0x00, 0x00, 0x1A, 0xAF, 0xD3, 0x09, 0x00, 0x00, 0x00, 0x00, 0x6C, 0xF6, 0xE1, 0x14, 0x00, 0x00, 0x00, 0x00, 0x09, 0xE4, 0x6D, 0x00, 0x00, 0x00,
  0x00, 0x6C, 0xFF, 0x6C, 0x00, 0x00, 0x00, 0x00, 0x00, 0x00, 0x93, 0xB5, 0x00, 0x00, 0x00, 0x00, 0x6C, 0xFF, 0x1F, 0x00, 0x00, 0x00, 0x00, 0x00,
  0x00, 0x6E, 0xD1, 0x00, 0x00, 0x00, 0x00, 0x6C, 0xFC, 0x01, 0x00, 0x00, 0x00, 0x00, 0x00, 0x00, 0x62, 0xE7, 0x00, 0x00, 0x00, 0x00, 0x6C, 0xE9,
  0x00, 0x00, 0x00, 0x00, 0x00, 0x00, 0x00, 0x59, 0xEC, 0x00, 0x00, 0x00, 0x00, 0x6C, 0xE0, 0x00, 0x00, 0x00, 0x00, 0x00, 0x00, 0x00, 0x58, 0xEC,
  0x00, 0x00, 0x00, 0x00, 0x6C, 0xE0, 0x00, 0x00, 0x00, 0x00, 0x00, 0x00, 0x00, 0x58, 0xEC, 0x00, 0x00, 0x00, 0x00, 0x6C, 0xE0, 0x00, 0x00, 0x00,
  0x00, 0x00, 0x00, 0x00, 0x58, 0xEC, 0x00, 0x00, 0x00, 0x00, 0x6C, 0xE0, 0x00, 0x00, 0x00, 0x00, 0x00, 0x00, 0x00, 0x58, 0xEC, 0x00, 0x00, 0x00,
  0x00, 0x6C, 0xE0, 0x00, 0x00, 0x00, 0x00, 0x00, 0x00, 0x00, 0x58, 0xEC, 0x00, 0x00, 0x00, 0x00, 0x6C, 0xE0, 0x00, 0x00, 0x00, 0x00, 0x00, 0x00,
  0x00, 0x58, 0xEC, 0x00, 0x00, 0x00, 0x00, 0x6C, 0xE0, 0x00, 0x00, 0x00, 0x00, 0x00, 0x00, 0x00, 0x58, 0xEC, 0x00, 0x00, 0x00, 0x00, 0x6C, 0xE0,
  0x00, 0x00, 0x00, 0x00, 0x00, 0x00, 0x00, 0x58, 0xEC, 0x00, 0x00, 0x00, 0x00, 0x6C, 0xE0, 0x00, 0x00, 0x00, 0x00, 0x00, 0x00, 0x00, 0x58, 0xEC,
  0x00, 0x00, 0x00, 0x00, 0x6C, 0xE0, 0x00, 0x00, 0x00, 0x00, 0x00, 0x00, 0x00, 0x58, 0xEC, 0x00, 0x00, 0x00, 0x00, 0x84, 0xFC, 0x00, 0x00, 0x00,
  0x00, 0x84, 0xFC, 0x00, 0x00, 0x00, 0x00, 0x25, 0x46, 0x00, 0x00, 0x00, 0x00, 0x00, 0x00, 0x00, 0x00, 0x00, 0x00, 0x00, 0x00, 0x00, 0x00, 0x00,
  0x00, 0x00, 0x00, 0x00, 0x00, 0x00, 0x00, 0x00, 0x00, 0x00, 0x00, 0x00, 0x00, 0x6C, 0xE0, 0x00, 0x00, 0x00, 0x00, 0x6C, 0xE0, 0x00, 0x00, 0x00,
  0x00, 0x6C, 0xE0, 0x00, 0x00, 0x00, 0x00, 0x6C, 0xE0, 0x00, 0x00, 0x00, 0x00, 0x6C, 0xE0, 0x00, 0x00, 0x00, 0x00, 0x6C, 0xE0, 0x00, 0x00, 0x00,
  0x00, 0x6C, 0xE0, 0x00, 0x00, 0x00, 0x00, 0x6C, 0xE0, 0x00, 0x00, 0x00, 0x00, 0x6C, 0xE0, 0x00, 0x00, 0x00, 0x00, 0x6C, 0xE0, 0x00, 0x00, 0x00,
  0x00, 0x6C, 0xE0, 0x00, 0x00, 0x00, 0x00, 0x6C, 0xE0, 0x00, 0x00, 0x00, 0x00, 0x6C, 0xE0, 0x00, 0x00, 0x00, 0x00, 0x6C, 0xE0, 0x00, 0x00, 0x00,
  0x00, 0x6C, 0xE0, 0x00, 0x00, 0x00, 0x00, 0x6C, 0xE0, 0x00, 0x00, 0x00, 0x00, 0x6C, 0xE0, 0x00, 0x00, 0x00, 0x00, 0x00, 0x84, 0xFC, 0x00, 0x00,
  0x00, 0x00, 0x00, 0x84, 0xFC, 0x00, 0x00, 0x00, 0x00, 0x00, 0x25, 0x46, 0x00, 0x00, 0x00, 0x00, 0x00, 0x00, 0x00, 0x00, 0x00, 0x00, 0x00, 0x00,
  0x00, 0x00, 0x00, 0x00, 0x00, 0x00, 0x00, 0x00, 0x00, 0x00, 0x00, 0x00, 0x00, 0x00, 0x00, 0x00, 0x00, 0x00, 0x00, 0x00, 0x00, 0x6C, 0xE0, 0x00,
  0x00, 0x00, 0x00, 0x00, 0x6C, 0xE0, 0x00, 0x00, 0x00, 0x00, 0x00, 0x6C, 0xE0, 0x00, 0x00, 0x00, 0x00, 0x00, 0x6C, 0xE0, 0x00, 0x00, 0x00, 0x00,
  0x00, 0x6C, 0xE0, 0x00, 0x00, 0x00, 0x00, 0x00, 0x6C, 0xE0, 0x00, 0x00, 0x00, 0x00, 0x00, 0x6C, 0xE0, 0x00, 0x00, 0x00, 0x00, 0x00, 0x6C, 0xE0,
  0x00, 0x00, 0x00, 0x00, 0x00, 0x6C, 0xE0, 0x00, 0x00, 0x00, 0x00, 0x00, 0x6C, 0xE0, 0x00, 0x00, 0x00, 0x00, 0x00, 0x6C, 0xE0, 0x00, 0x00, 0x00,
  0x00, 0x00, 0x6C, 0xE0, 0x00, 0x00, 0x00, 0x00, 0x00, 0x6C, 0xE0, 0x00, 0x00, 0x00, 0x00, 0x00, 0x6C, 0xE0, 0x00, 0x00, 0x00, 0x00, 0x00, 0x6C,
  0xE0, 0x00, 0x00, 0x00, 0x00, 0x00, 0x6C, 0xE0, 0x00, 0x00, 0x00, 0x00, 0x00, 0x6C, 0xE0, 0x00, 0x00, 0x00, 0x00, 0x00, 0x6C, 0xE0, 0x00, 0x00,
  0x00, 0x00, 0x00, 0x6C, 0xE0, 0x00, 0x00, 0x00, 0x00, 0x00, 0x6C, 0xDF, 0x00, 0x00, 0x00, 0x00, 0x00, 0x71, 0xD2, 0x00, 0x00, 0x00, 0x00, 0x00,
  0x8A, 0xB9, 0x00, 0x00, 0x00, 0x00, 0x1D, 0xDF, 0x6A, 0x00, 0x00, 0x3D, 0xE1, 0xE2, 0x8C, 0x04, 0x00, 0x00, 0x00, 0x00, 0x6C, 0xE0, 0x00, 0x00,
  0x00, 0x00, 0x00, 0x00, 0x00, 0x00, 0x00, 0x00, 0x00, 0x6C, 0xE0, 0x00, 0x00, 0x00, 0x00, 0x00, 0x00, 0x00, 0x00, 0x00, 0x00, 0x00, 0x6C, 0xE0,
  0x00, 0x00, 0x00, 0x00, 0x00, 0x00, 0x00, 0x00, 0x00, 0x00, 0x00, 0x6C, 0xE0, 0x00, 0x00, 0x00, 0x00, 0x00, 0x00, 0x00, 0x00, 0x00, 0x00, 0x00,
  0x6C, 0xE0, 0x00, 0x00, 0x00, 0x00, 0x00, 0x00, 0x00, 0x00, 0x00, 0x00, 0x00, 0x6C, 0xE0, 0x00, 0x00, 0x00, 0x00, 0x00, 0x00, 0x00, 0x00, 0x00,
  0x00, 0x00, 0x6C, 0xE0, 0x00, 0x00, 0x00, 0x00, 0x00, 0x00, 0x00, 0x00, 0x00, 0x00, 0x00, 0x6C, 0xE0, 0x00, 0x00, 0x00, 0x00, 0x00, 0x00, 0x0E,
  0x34, 0x00, 0x00, 0x00, 0x6C, 0xE0, 0x00, 0x00, 0x00, 0x00, 0x00, 0x25, 0xE4, 0x34, 0x00, 0x00, 0x00, 0x6C, 0xE0, 0x00, 0x00, 0x00, 0x00, 0x11,
  0xD8, 0x56, 0x00, 0x00, 0x00, 0x00, 0x6C, 0xE0, 0x00, 0x00, 0x00, 0x04, 0xBD, 0x7F, 0x00, 0x00, 0x00, 0x00, 0x00, 0x6C, 0xE0, 0x00, 0x00, 0x00,
  0x99, 0xA8, 0x00, 0x00, 0x00, 0x00, 0x00, 0x00, 0x6C, 0xE0, 0x00, 0x00, 0x71, 0xCA, 0x09, 0x00, 0x00, 0x00, 0x00, 0x00, 0x00, 0x6C, 0xE0, 0x00,
  0x4A, 0xE1, 0x1A, 0x00, 0x00, 0x00, 0x00, 0x00, 0x00, 0x00, 0x6C, 0xE0, 0x2C, 0xE8, 0x33, 0x00, 0x00, 0x00, 0x00, 0x00, 0x00, 0x00, 0x00, 0x6C,
  0xE0, 0xCF, 0xAD, 0x00, 0x00, 0x00, 0x00, 0x00, 0x00, 0x00, 0x00, 0x00, 0x6C, 0xE0, 0x53, 0xFF, 0x52, 0x00, 0x00, 0x00, 0x00, 0x00, 0x00, 0x00,
  0x00, 0x6C, 0xE0, 0x00, 0x96, 0xEE, 0x1E, 0x00, 0x00, 0x00, 0x00, 0x00, 0x00, 0x00, 0x6C, 0xE0, 0x00, 0x08, 0xD0, 0xC3, 0x03, 0x00, 0x00, 0x00,
  0x00, 0x00, 0x00, 0x6C, 0xE0, 0x00, 0x00, 0x27, 0xF4, 0x81, 0x00, 0x00, 0x00, 0x00, 0x00, 0x00, 0x6C, 0xE0, 0x00, 0x00, 0x00, 0x5F, 0xFD, 0x3F,
  0x00, 0x00, 0x00, 0x00, 0x00, 0x6C, 0xE0, 0x00, 0x00, 0x00, 0x00, 0xA2, 0xE3, 0x12, 0x00, 0x00, 0x00, 0x00, 0x6C, 0xE0, 0x00, 0x00, 0x00, 0x00,
  0x0C, 0xD9, 0xB0, 0x00, 0x00, 0x00, 0x00, 0x6C, 0xE0, 0x00, 0x00, 0x00, 0x00, 0x00, 0x2F, 0xF8, 0x6B, 0x00, 0x00, 0x00, 0x6C, 0xE0, 0x00, 0x00,
  0x00, 0x00, 0x00, 0x00, 0x6B, 0xF7, 0x2E, 0x00, 0x00, 0x6C, 0xE0, 0x00, 0x00, 0x00, 0x00, 0x6C, 0xE0, 0x00, 0x00, 0x00, 0x00, 0x6C, 0xE0, 0x00,
  0x00, 0x00, 0x00, 0x6C, 0xE0, 0x00, 0x00, 0x00, 0x00, 0x6C, 0xE0, 0x00, 0x00, 0x00, 0x00, 0x6C, 0xE0, 0x00, 0x00, 0x00, 0x00, 0x6C, 0xE0, 0x00,
  0x00, 0x00, 0x00, 0x6C, 0xE0, 0x00, 0x00, 0x00, 0x00, 0x6C, 0xE0, 0x00, 0x00, 0x00, 0x00, 0x6C, 0xE0, 0x00, 0x00, 0x00, 0x00, 0x6C, 0xE0, 0x00,
  0x00, 0x00, 0x00, 0x6C, 0xE0, 0x00, 0x00, 0x00, 0x00, 0x6C, 0xE0, 0x00, 0x00, 0x00, 0x00, 0x6C, 0xE0, 0x00, 0x00, 0x00, 0x00, 0x6C, 0xE0, 0x00,
  0x00, 0x00, 0x00, 0x6C, 0xE0, 0x00, 0x00, 0x00, 0x00, 0x6C, 0xE0, 0x00, 0x00, 0x00, 0x00, 0x6C, 0xE0, 0x00, 0x00, 0x00, 0x00, 0x6C, 0xE0, 0x00,
  0x00, 0x00, 0x00, 0x6C, 0xE0, 0x00, 0x00, 0x00, 0x00, 0x6C, 0xE0, 0x00, 0x00, 0x00, 0x00, 0x6C, 0xE0, 0x00, 0x00, 0x00, 0x00, 0x6C, 0xE0, 0x00,
  0x00, 0x00, 0x00, 0x6C, 0xE0, 0x00, 0x00, 0x00, 0x00, 0x6C, 0xE0, 0x00, 0x00, 0x00, 0x00, 0x86, 0xB4, 0x00, 0x45, 0xC6, 0xE1, 0xDF, 0xAF, 0x23,
  0x00, 0x00, 0x4C, 0xC7, 0xDC, 0xE6, 0xB6, 0x31, 0x00, 0x00, 0x00, 0x00, 0x00, 0x00, 0x77, 0xB7, 0x59, 0xA8, 0x16, 0x00, 0x08, 0x86, 0xE6, 0x12,
  0x58, 0xAE, 0x1A, 0x00, 0x06, 0x79, 0xF3, 0x24, 0x00, 0x00, 0x00, 0x00, 0x00, 0x71, 0xC3, 0xBA, 0x02, 0x00, 0x00, 0x00, 0x00, 0xCF, 0x84, 0xC3,
  0x05, 0x00, 0x00, 0x00, 0x00, 0xBF, 0x96, 0x00, 0x00, 0x00, 0x00, 0x00, 0x6C, 0xFD, 0x55, 0x00, 0x00, 0x00, 0x00, 0x00, 0x8A, 0xFC, 0x71, 0x00,
  0x00, 0x00, 0x00, 0x00, 0x76, 0xD1, 0x00, 0x00, 0x00, 0x00, 0x00, 0x6C, 0xFF, 0x11, 0x00, 0x00, 0x00, 0x00, 0x00, 0x6A, 0xFF, 0x27, 0x00, 0x00,
  0x00, 0x00, 0x00, 0x53, 0xE6, 0x00, 0x00, 0x00, 0x00, 0x00, 0x6C, 0xF1, 0x00, 0x00, 0x00, 0x00, 0x00, 0x00, 0x5E, 0xFF, 0x07, 0x00, 0x00, 0x00,
  0x00, 0x00, 0x46, 0xF7, 0x00, 0x00, 0x00, 0x00, 0x00, 0x6C, 0xDD, 0x00, 0x00, 0x00, 0x00, 0x00, 0x00, 0x5C, 0xF4, 0x00, 0x00, 0x00, 0x00, 0x00,
  0x00, 0x44, 0xFC, 0x00, 0x00, 0x00, 0x00, 0x00, 0x6C, 0xD8, 0x00, 0x00, 0x00, 0x00, 0x00, 0x00, 0x5C, 0xF0, 0x00, 0x00, 0x00, 0x00, 0x00, 0x00,
  0x44, 0xFC, 0x00, 0x00, 0x00, 0x00, 0x00, 0x6C, 0xD8, 0x00, 0x00, 0x00, 0x00, 0x00, 0x00, 0x5C, 0xF0, 0x00, 0x00, 0x00, 0x00, 0x00, 0x00, 0x44,
  0xFC, 0x00, 0x00, 0x00, 0x00, 0x00, 0x6C, 0xD8, 0x00, 0x00, 0x00, 0x00, 0x00, 0x00, 0x5C, 0xF0, 0x00, 0x00, 0x00, 0x00, 0x00, 0x00, 0x44, 0xFC,
  0x00, 0x00, 0x00, 0x00, 0x00, 0x6C, 0xD8, 0x00, 0x00, 0x00, 0x00, 0x00, 0x00, 0x5C, 0xF0, 0x00, 0x00, 0x00, 0x00, 0x00, 0x00, 0x44, 0xFC, 0x00,
  0x00, 0x00, 0x00, 0x00, 0x6C, 0xD8, 0x00, 0x00, 0x00, 0x00, 0x00, 0x00, 0x5C, 0xF0, 0x00, 0x00, 0x00, 0x00, 0x00, 0x00, 0x44, 0xFC, 0x00, 0x00,
  0x00, 0x00, 0x00, 0x6C, 0xD8, 0x00, 0x00, 0x00, 0x00, 0x00, 0x00, 0x5C, 0xF0, 0x00, 0x00, 0x00, 0x00, 0x00, 0x00, 0x44, 0xFC, 0x00, 0x00, 0x00,
  0x00, 0x00, 0x6C, 0xD8, 0x00, 0x00, 0x00, 0x00, 0x00, 0x00, 0x5C, 0xF0, 0x00, 0x00, 0x00, 0x00, 0x00, 0x00, 0x44, 0xFC, 0x00, 0x00, 0x00, 0x00,
  0x00, 0x6C, 0xD8, 0x00, 0x00, 0x00, 0x00, 0x00, 0x00, 0x5C, 0xF0, 0x00, 0x00, 0x00, 0x00, 0x00, 0x00, 0x44, 0xFC, 0x00, 0x00, 0x00, 0x00, 0x00,
  0x6C, 0xD8, 0x00, 0x00, 0x00, 0x00, 0x00, 0x00, 0x5C, 0xF0, 0x00, 0x00, 0x00, 0x00, 0x00, 0x00, 0x44, 0xFC, 0x00, 0x00, 0x00, 0x00, 0x00, 0x6C,
  0xD8, 0x00, 0x00, 0x00, 0x00, 0x00, 0x00, 0x5C, 0xF0, 0x00, 0x00, 0x00, 0x00, 0x00, 0x00, 0x44, 0xFC, 0x00, 0x00, 0x00, 0x00, 0x00, 0x86, 0xB6,
  0x00, 0x26, 0x9F, 0xD7, 0xE1, 0xDD, 0x8D, 0x0F, 0x00, 0x00, 0x00, 0x00, 0x00, 0x78, 0xBD, 0x3B, 0xC4, 0x3D, 0x00, 0x00, 0x19, 0xAF, 0xCF, 0x08,
  0x00, 0x00, 0x00, 0x00, 0x6F, 0xC6, 0xBC, 0x11, 0x00, 0x00, 0x00, 0x00, 0x09, 0xE7, 0x6C, 0x00, 0x00, 0x00, 0x00, 0x6C, 0xFD, 0x69, 0x00, 0x00,
  0x00, 0x00, 0x00, 0x00, 0x99, 0xB6, 0x00, 0x00, 0x00, 0x00, 0x6C, 0xFF, 0x1C, 0x00, 0x00, 0x00, 0x00, 0x00, 0x00, 0x76, 0xD1, 0x00, 0x00, 0x00,
  0x00, 0x6C, 0xF8, 0x00, 0x00, 0x00, 0x00, 0x00, 0x00, 0x00, 0x6A, 0xE7, 0x00, 0x00, 0x00, 0x00, 0x6C, 0xE2, 0x00, 0x00, 0x00, 0x00, 0x00, 0x00,
  0x00, 0x61, 0xEC, 0x00, 0x00, 0x00, 0x00, 0x6C, 0xD8, 0x00, 0x00, 0x00, 0x00, 0x00, 0x00, 0x00, 0x60, 0xEC, 0x00, 0x00, 0x00, 0x00, 0x6C, 0xD8,
  0x00, 0x00, 0x00, 0x00, 0x00, 0x00, 0x00, 0x60, 0xEC, 0x00, 0x00, 0x00, 0x00, 0x6C, 0xD8, 0x00, 0x00, 0x00, 0x00, 0x00, 0x00, 0x00, 0x60, 0xEC,
  0x00, 0x00, 0x00, 0x00, 0x6C, 0xD8, 0x00, 0x00, 0x00, 0x00, 0x00, 0x00, 0x00, 0x60, 0xEC, 0x00, 0x00, 0x00, 0x00, 0x6C, 0xD8, 0x00, 0x00, 0x00,
  0x00, 0x00, 0x00, 0x00, 0x60, 0xEC, 0x00, 0x00, 0x00, 0x00, 0x6C, 0xD8, 0x00, 0x00, 0x00, 0x00, 0x00, 0x00, 0x00, 0x60, 0xEC, 0x00, 0x00, 0x00,
  0x00, 0x6C, 0xD8, 0x00, 0x00, 0x00, 0x00, 0x00, 0x00, 0x00, 0x60, 0xEC, 0x00, 0x00, 0x00, 0x00, 0x6C, 0xD8, 0x00, 0x00, 0x00, 0x00, 0x00, 0x00,
  0x00, 0x60, 0xEC, 0x00, 0x00, 0x00, 0x00, 0x6C, 0xD8, 0x00, 0x00, 0x00, 0x00, 0x00, 0x00, 0x00, 0x60, 0xEC, 0x00, 0x00, 0x00, 0x00, 0x6C, 0xD8,
  0x00, 0x00, 0x00, 0x00, 0x00, 0x00, 0x00, 0x60, 0xEC, 0x00, 0x00, 0x00, 0x00, 0x00, 0x00, 0x4D, 0xB8, 0xE8, 0xE3, 0xE7, 0xAE, 0x38, 0x00, 0x00,
  0x00, 0x00, 0x00, 0x00, 0x00, 0x7C, 0xF0, 0x5B, 0x04, 0x00, 0x0A, 0x7B, 0xFA, 0x4A, 0x00, 0x00, 0x00, 0x00, 0x00, 0x26, 0xFB, 0x4B, 0x00, 0x00,
  0x00, 0x00, 0x00, 0x8B, 0xDB, 0x04, 0x00, 0x00, 0x00, 0x00, 0x90, 0xC8, 0x00, 0x00, 0x00, 0x00, 0x00, 0x00, 0x15, 0xFC, 0x39, 0x00, 0x00, 0x00,
  0x00, 0xD3, 0x7D, 0x00, 0x00, 0x00, 0x00, 0x00, 0x00, 0x00, 0xCF, 0x75, 0x00, 0x00, 0x00, 0x00, 0xF9, 0x53, 0x00, 0x00, 0x00, 0x00, 0x00, 0x00,
  0x00, 0xAE, 0x91, 0x00, 0x00, 0x00, 0x12, 0xFF, 0x40, 0x00, 0x00, 0x00, 0x00, 0x00, 0x00, 0x00, 0xA2, 0xA6, 0x00, 0x00, 0x00, 0x1C, 0xFF, 0x39,
  0x00, 0x00, 0x00, 0x00, 0x00, 0x00, 0x00, 0x9F, 0xAB, 0x00, 0x00, 0x00, 0x1F, 0xFF, 0x34, 0x00, 0x00, 0x00, 0x00, 0x00, 0x00, 0x00, 0x9C, 0xAE,
  0x00, 0x00, 0x00, 0x1B, 0xFF, 0x34, 0x00, 0x00, 0x00, 0x00, 0x00, 0x00, 0x00, 0x9C, 0xA8, 0x00, 0x00, 0x00, 0x14, 0xFF, 0x39, 0x00, 0x00, 0x00,
  0x00, 0x00, 0x00, 0x00, 0xA5, 0xA0, 0x00, 0x00, 0x00, 0x02, 0xFB, 0x44, 0x00, 0x00, 0x00, 0x00, 0x00, 0x00, 0x00, 0xB5, 0x88, 0x00, 0x00, 0x00,
  0x00, 0xDF, 0x5D, 0x00, 0x00, 0x00, 0x00, 0x00, 0x00, 0x00, 0xD1, 0x68, 0x00, 0x00, 0x00, 0x00, 0xA1, 0x9A, 0x00, 0x00, 0x00, 0x00, 0x00, 0x00,
  0x17, 0xFC, 0x25, 0x00, 0x00, 0x00, 0x00, 0x44, 0xF3, 0x1E, 0x00, 0x00, 0x00, 0x00, 0x00, 0x8F, 0xC4, 0x00, 0x00, 0x00, 0x00, 0x00, 0x00, 0x9E,
  0xDA, 0x3E, 0x00, 0x00, 0x10, 0x86, 0xED, 0x22, 0x00, 0x00, 0x00, 0x00, 0x00, 0x00, 0x01, 0x67, 0xC9, 0xE9, 0xE3, 0xE1, 0x9D, 0x20, 0x00, 0x00,
  0x00, 0x00, 0x00, 0x00, 0x84, 0xAE, 0x00, 0x38, 0xBD, 0xE0, 0xE4, 0xD4, 0x75, 0x03, 0x00, 0x00, 0x00, 0x00, 0x00, 0x74, 0xB3, 0x62, 0xB8, 0x27,
  0x00, 0x00, 0x2D, 0xCA, 0xAF, 0x01, 0x00, 0x00, 0x00, 0x00, 0x6D, 0xCC, 0xC7, 0x07, 0x00, 0x00, 0x00, 0x00, 0x11, 0xE8, 0x59, 0x00, 0x00, 0x00,
  0x00, 0x6C, 0xFF, 0x5A, 0x00, 0x00, 0x00, 0x00, 0x00, 0x00, 0x84, 0xC5, 0x00, 0x00, 0x00, 0x00, 0x6C, 0xFF, 0x14, 0x00, 0x00, 0x00, 0x00, 0x00,
  0x00, 0x3F, 0xFB, 0x09, 0x00, 0x00, 0x00, 0x6C, 0xEE, 0x00, 0x00, 0x00, 0x00, 0x00, 0x00, 0x00, 0x18, 0xFF, 0x2E, 0x00, 0x00, 0x00, 0x6C, 0xE3,
  0x00, 0x00, 0x00, 0x00, 0x00, 0x00, 0x00, 0x05, 0xFF, 0x43, 0x00, 0x00, 0x00, 0x6C, 0xD9, 0x00, 0x00, 0x00, 0x00, 0x00, 0x00, 0x00, 0x00, 0xFB,
  0x4E, 0x00, 0x00, 0x00, 0x6C, 0xD1, 0x00, 0x00, 0x00, 0x00, 0x00, 0x00, 0x00, 0x00, 0xF9, 0x52, 0x00, 0x00, 0x00, 0x6C, 0xD4, 0x00, 0x00, 0x00,
  0x00, 0x00, 0x00, 0x00, 0x00, 0xFB, 0x4B, 0x00, 0x00, 0x00, 0x6C, 0xE0, 0x00, 0x00, 0x00, 0x00, 0x00, 0x00, 0x00, 0x04, 0xFF, 0x40, 0x00, 0x00,
  0x00, 0x6C, 0xF7, 0x00, 0x00, 0x00, 0x00, 0x00, 0x00, 0x00, 0x16, 0xFF, 0x28, 0x00, 0x00, 0x00, 0x6C, 0xFF, 0x26, 0x00, 0x00, 0x00, 0x00, 0x00,
  0x00, 0x3E, 0xFB, 0x0A, 0x00, 0x00, 0x00, 0x6C, 0xFF, 0x6E, 0x00, 0x00, 0x00, 0x00, 0x00, 0x00, 0x82, 0xC7, 0x00, 0x00, 0x00, 0x00, 0x6C, 0xF3,
  0xE3, 0x0D, 0x00, 0x00, 0x00, 0x00, 0x0F, 0xE6, 0x62, 0x00, 0x00, 0x00, 0x00, 0x6C, 0xD8, 0x7D, 0xC5, 0x2F, 0x00, 0x00, 0x27, 0xC5, 0xBB, 0x01,
  0x00, 0x00, 0x00, 0x00, 0x6C, 0xD8, 0x00, 0x52, 0xC2, 0xDF, 0xE2, 0xD4, 0x7B, 0x08, 0x00, 0x00, 0x00, 0x00, 0x00, 0x6C, 0xD8, 0x00, 0x00, 0x00,
  0x00, 0x00, 0x00, 0x00, 0x00, 0x00, 0x00, 0x00, 0x00, 0x00, 0x6C, 0xD8, 0x00, 0x00, 0x00, 0x00, 0x00, 0x00, 0x00, 0x00, 0x00, 0x00, 0x00, 0x00,
  0x00, 0x6C, 0xD8, 0x00, 0x00, 0x00, 0x00, 0x00, 0x00, 0x00, 0x00, 0x00, 0x00, 0x00, 0x00, 0x00, 0x6C, 0xD8, 0x00, 0x00, 0x00, 0x00, 0x00, 0x00,
  0x00, 0x00, 0x00, 0x00, 0x00, 0x00, 0x00, 0x6C, 0xD8, 0x00, 0x00, 0x00, 0x00, 0x00, 0x00, 0x00, 0x00, 0x00, 0x00, 0x00, 0x00, 0x00, 0x6C, 0xD8,
  0x00, 0x00, 0x00, 0x00, 0x00, 0x00, 0x00, 0x00, 0x00, 0x00, 0x00, 0x00, 0x00, 0x6C, 0xD8, 0x00, 0x00, 0x00, 0x00, 0x00, 0x00, 0x00, 0x00, 0x00,
  0x00, 0x00, 0x00, 0x00, 0x00, 0x00, 0x45, 0xB9, 0xE3, 0xE1, 0xD5, 0x6A, 0x00, 0x77, 0xC0, 0x00, 0x00, 0x00, 0x00, 0x00, 0x64, 0xF0, 0x58, 0x02,
  0x00, 0x10, 0x85, 0x9A, 0x7C, 0xB1, 0x00, 0x00, 0x00, 0x00, 0x19, 0xF7, 0x4C, 0x00, 0x00, 0x00, 0x00, 0x00, 0x94, 0xBD, 0xA7, 0x00, 0x00, 0x00,
  0x00, 0x84, 0xD1, 0x00, 0x00, 0x00, 0x00, 0x00, 0x00, 0x1C, 0xFE, 0xA4, 0x00, 0x00, 0x00, 0x00, 0xC6, 0x83, 0x00, 0x00, 0x00, 0x00, 0x00, 0x00,
  0x00, 0xDA, 0xA4, 0x00, 0x00, 0x00, 0x00, 0xF0, 0x56, 0x00, 0x00, 0x00, 0x00, 0x00, 0x00, 0x00, 0xB4, 0xA4, 0x00, 0x00, 0x00, 0x02, 0xFE, 0x41,
  0x00, 0x00, 0x00, 0x00, 0x00, 0x00, 0x00, 0xA2, 0xA4, 0x00, 0x00, 0x00, 0x10, 0xFF, 0x36, 0x00, 0x00, 0x00, 0x00, 0x00, 0x00, 0x00, 0x9A, 0xA4,
  0x00, 0x00, 0x00, 0x1D, 0xFF, 0x35, 0x00, 0x00, 0x00, 0x00, 0x00, 0x00, 0x00, 0x95, 0xA4, 0x00, 0x00, 0x00, 0x18, 0xFF, 0x3D, 0x00, 0x00, 0x00,
  0x00, 0x00, 0x00, 0x00, 0x99, 0xA4, 0x00, 0x00, 0x00, 0x0C, 0xFF, 0x47, 0x00, 0x00, 0x00, 0x00, 0x00, 0x00, 0x00, 0xA5, 0xA4, 0x00, 0x00, 0x00,
  0x00, 0xF3, 0x53, 0x00, 0x00, 0x00, 0x00, 0x00, 0x00, 0x00, 0xBC, 0xA4, 0x00, 0x00, 0x00, 0x00, 0xCF, 0x7B, 0x00, 0x00, 0x00, 0x00, 0x00, 0x00,
  0x00, 0xE9, 0xA4, 0x00, 0x00, 0x00, 0x00, 0x8D, 0xC2, 0x00, 0x00, 0x00, 0x00, 0x00, 0x00, 0x32, 0xFF, 0xA4, 0x00, 0x00, 0x00, 0x00, 0x28, 0xFA,
  0x3D, 0x00, 0x00, 0x00, 0x00, 0x00, 0xB8, 0xEF, 0xA4, 0x00, 0x00, 0x00, 0x00, 0x00, 0x7B, 0xE8, 0x46, 0x00, 0x00, 0x19, 0x9F, 0xB4, 0x9D, 0xA4,
  0x00, 0x00, 0x00, 0x00, 0x00, 0x00, 0x57, 0xC4, 0xE5, 0xDE, 0xD1, 0x74, 0x03, 0x9C, 0xA4, 0x00, 0x00, 0x00, 0x00, 0x00, 0x00, 0x00, 0x00, 0x00,
  0x00, 0x00, 0x00, 0x00, 0x9C, 0xA4, 0x00, 0x00, 0x00, 0x00, 0x00, 0x00, 0x00, 0x00, 0x00, 0x00, 0x00, 0x00, 0x00, 0x9C, 0xA4, 0x00, 0x00, 0x00,
  0x00, 0x00, 0x00, 0x00, 0x00, 0x00, 0x00, 0x00, 0x00, 0x00, 0x9C, 0xA4, 0x00, 0x00, 0x00, 0x00, 0x00, 0x00, 0x00, 0x00, 0x00, 0x00, 0x00, 0x00,
  0x00, 0x9C, 0xA4, 0x00, 0x00, 0x00, 0x00, 0x00, 0x00, 0x00, 0x00, 0x00, 0x00, 0x00, 0x00, 0x00, 0x9C, 0xA4, 0x00, 0x00, 0x00, 0x00, 0x00, 0x00,
  0x00, 0x00, 0x00, 0x00, 0x00, 0x00, 0x00, 0x9C, 0xA4, 0x00, 0x00, 0x00, 0x00, 0x00, 0x00, 0x00, 0x00, 0x00, 0x00, 0x00, 0x00, 0x00, 0x9C, 0xA4,
  0x00, 0x00, 0x00, 0x00, 0x83, 0xB4, 0x00, 0x2A, 0xAB, 0xE9, 0x6F, 0x00, 0x00, 0x72, 0xB7, 0x3C, 0xD5, 0x55, 0x0E, 0x00, 0x00, 0x00, 0x6C, 0xC3,
  0xCA, 0x1B, 0x00, 0x00, 0x00, 0x00, 0x00, 0x6C, 0xFF, 0x71, 0x00, 0x00, 0x00, 0x00, 0x00, 0x00, 0x6C, 0xFC, 0x0D, 0x00, 0x00, 0x00, 0x00, 0x00,
  0x00, 0x6C, 0xE1, 0x00, 0x00, 0x00, 0x00, 0x00, 0x00, 0x00, 0x6C, 0xD8, 0x00, 0x00, 0x00, 0x00, 0x00, 0x00, 0x00, 0x6C, 0xD8, 0x00, 0x00, 0x00,
  0x00, 0x00, 0x00, 0x00, 0x6C, 0xD8, 0x00, 0x00, 0x00, 0x00, 0x00, 0x00, 0x00, 0x6C, 0xD8, 0x00, 0x00, 0x00, 0x00, 0x00, 0x00, 0x00, 0x6C, 0xD8,
  0x00, 0x00, 0x00, 0x00, 0x00, 0x00, 0x00, 0x6C, 0xD8, 0x00, 0x00, 0x00, 0x00, 0x00, 0x00, 0x00, 0x6C, 0xD8, 0x00, 0x00, 0x00, 0x00, 0x00, 0x00,
  0x00, 0x6C, 0xD8, 0x00, 0x00, 0x00, 0x00, 0x00, 0x00, 0x00, 0x6C, 0xD8, 0x00, 0x00, 0x00, 0x00, 0x00, 0x00, 0x00, 0x6C, 0xD8, 0x00, 0x00, 0x00,
  0x00, 0x00, 0x00, 0x00, 0x6C, 0xD8, 0x00, 0x00, 0x00, 0x00, 0x00, 0x00, 0x00, 0x00, 0x31, 0xAE, 0xE7, 0xE3, 0xD8, 0x87, 0x0F, 0x00, 0x00, 0x00,
  0x00, 0x39, 0xF3, 0x67, 0x05, 0x00, 0x1B, 0xBF, 0xBF, 0x02, 0x00, 0x00, 0x00, 0xBF, 0x94, 0x00, 0x00, 0x00, 0x00, 0x19, 0xFA, 0x47, 0x00, 0x00,
  0x00, 0xF5, 0x52, 0x00, 0x00, 0x00, 0x00, 0x00, 0xC3, 0x87, 0x00, 0x00, 0x00, 0xEB, 0x5F, 0x00, 0x00, 0x00, 0x00, 0x00, 0x65, 0x59, 0x00, 0x00,
  0x00, 0xB3, 0xC8, 0x05, 0x00, 0x00, 0x00, 0x00, 0x00, 0x00, 0x00, 0x00, 0x00, 0x2C, 0xF4, 0xBA, 0x19, 0x00, 0x00, 0x00, 0x00, 0x00, 0x00, 0x00,
  0x00, 0x00, 0x32, 0xD8, 0xF0, 0x77, 0x09, 0x00, 0x00, 0x00, 0x00, 0x00, 0x00, 0x00, 0x00, 0x05, 0x70, 0xEB, 0xE0, 0x4D, 0x00, 0x00, 0x00, 0x00,
  0x00, 0x00, 0x00, 0x00, 0x00, 0x0D, 0x8F, 0xFC, 0x7E, 0x00, 0x00, 0x00, 0x00, 0x00, 0x00, 0x00, 0x00, 0x00, 0x00, 0x5D, 0xFE, 0x40, 0x00, 0x00,
  0x0F, 0x19, 0x00, 0x00, 0x00, 0x00, 0x00, 0x00, 0xC8, 0xA3, 0x00, 0x00, 0x76, 0xCF, 0x00, 0x00, 0x00, 0x00, 0x00, 0x00, 0x97, 0xBA, 0x00, 0x00,
  0x55, 0xF4, 0x04, 0x00, 0x00, 0x00, 0x00, 0x00, 0xA8, 0xA7, 0x00, 0x00, 0x19, 0xFC, 0x4C, 0x00, 0x00, 0x00, 0x00, 0x0E, 0xE7, 0x63, 0x00, 0x00,
  0x00, 0x8A, 0xE0, 0x3B, 0x01, 0x00, 0x24, 0xBB, 0xC7, 0x06, 0x00, 0x00, 0x00, 0x03, 0x73, 0xD2, 0xEC, 0xE9, 0xD8, 0x82, 0x0A, 0x00, 0x00, 0x00,
  0x00, 0x00, 0x3E, 0x9D, 0x00, 0x00, 0x00, 0x00, 0x00, 0x00, 0x00, 0x80, 0xC4, 0x00, 0x00, 0x00, 0x00, 0x00, 0x00, 0x00, 0x80, 0xC4, 0x00, 0x00,
  0x00, 0x00, 0x00, 0x00, 0x00, 0x80, 0xC4, 0x00, 0x00, 0x00, 0x00, 0x48, 0xFF, 0xFF, 0xFF, 0xFF, 0xFF, 0xFF, 0xFF, 0x30, 0x00, 0x00, 0x00, 0x80,
  0xC4, 0x00, 0x00, 0x00, 0x00, 0x00, 0x00, 0x00, 0x80, 0xC4, 0x00, 0x00, 0x00, 0x00, 0x00, 0x00, 0x00, 0x80, 0xC4, 0x00, 0x00, 0x00, 0x00, 0x00,
  0x00, 0x00, 0x80, 0xC4, 0x00, 0x00, 0x00, 0x00, 0x00, 0x00, 0x00, 0x80, 0xC4, 0x00, 0x00, 0x00, 0x00, 0x00, 0x00, 0x00, 0x80, 0xC4, 0x00, 0x00,
  0x00, 0x00, 0x00, 0x00, 0x00, 0x80, 0xC4, 0x00, 0x00, 0x00, 0x00, 0x00, 0x00, 0x00, 0x80, 0xC4, 0x00, 0x00, 0x00, 0x00, 0x00, 0x00, 0x00, 0x80,
  0xC4, 0x00, 0x00, 0x00, 0x00, 0x00, 0x00, 0x00, 0x80, 0xC4, 0x00, 0x00, 0x00, 0x00, 0x00, 0x00, 0x00, 0x80, 0xC4, 0x00, 0x00, 0x00, 0x00, 0x00,
  0x00, 0x00, 0x80, 0xC4, 0x00, 0x00, 0x00, 0x00, 0x00, 0x00, 0x00, 0x7C, 0xC4, 0x00, 0x00, 0x00, 0x00, 0x00, 0x00, 0x00, 0x6E, 0xD4, 0x00, 0x00,
  0x00, 0x00, 0x00, 0x00, 0x00, 0x2E, 0xFE, 0x3D, 0x00, 0x00, 0x00, 0x00, 0x00, 0x00, 0x00, 0x72, 0xE0, 0xE5, 0xF0, 0x1F, 0x00, 0x00, 0x74, 0xD8,
  0x00, 0x00, 0x00, 0x00, 0x00, 0x00, 0x00, 0x60, 0xE4, 0x00, 0x00, 0x00, 0x00, 0x74, 0xD8, 0x00, 0x00, 0x00, 0x00, 0x00, 0x00, 0x00, 0x60, 0xE4,
  0x00, 0x00, 0x00, 0x00, 0x74, 0xD8, 0x00, 0x00, 0x00, 0x00, 0x00, 0x00, 0x00, 0x60, 0xE4, 0x00, 0x00, 0x00, 0x00, 0x74, 0xD8, 0x00, 0x00, 0x00,
  0x00, 0x00, 0x00, 0x00, 0x60, 0xE4, 0x00, 0x00, 0x00, 0x00, 0x74, 0xD8, 0x00, 0x00, 0x00, 0x00, 0x00, 0x00, 0x00, 0x60, 0xE4, 0x00, 0x00, 0x00,
  0x00, 0x74, 0xD8, 0x00, 0x00, 0x00, 0x00, 0x00, 0x00, 0x00, 0x60, 0xE4, 0x00, 0x00, 0x00, 0x00, 0x74, 0xD8, 0x00, 0x00, 0x00, 0x00, 0x00, 0x00,
  0x00, 0x60, 0xE4, 0x00, 0x00, 0x00, 0x00, 0x74, 0xD8, 0x00, 0x00, 0x00, 0x00, 0x00, 0x00, 0x00, 0x60, 0xE4, 0x00, 0x00, 0x00, 0x00, 0x74, 0xD8,
  0x00, 0x00, 0x00, 0x00, 0x00, 0x00, 0x00, 0x60, 0xE4, 0x00, 0x00, 0x00, 0x00, 0x74, 0xD8, 0x00, 0x00, 0x00, 0x00, 0x00, 0x00, 0x00, 0x60, 0xE4,
  0x00, 0x00, 0x00, 0x00, 0x74, 0xD8, 0x00, 0x00, 0x00, 0x00, 0x00, 0x00, 0x00, 0x69, 0xE4, 0x00, 0x00, 0x00, 0x00, 0x6E, 0xDF, 0x00, 0x00, 0x00,
  0x00, 0x00, 0x00, 0x00, 0x7E, 0xE4, 0x00, 0x00, 0x00, 0x00, 0x59, 0xEB, 0x00, 0x00, 0x00, 0x00, 0x00, 0x00, 0x00, 0x9F, 0xE4, 0x00, 0x00, 0x00,
  0x00, 0x3C, 0xFF, 0x1C, 0x00, 0x00, 0x00, 0x00, 0x00, 0x05, 0xE4, 0xE4, 0x00, 0x00, 0x00, 0x00, 0x06, 0xEA, 0x6A, 0x00, 0x00, 0x00, 0x00, 0x00,
  0x76, 0xA4, 0xE7, 0x00, 0x00, 0x00, 0x00, 0x00, 0x5B, 0xF1, 0x51, 0x01, 0x00, 0x0F, 0x7E, 0xA3, 0x46, 0xEF, 0x00, 0x00, 0x00, 0x00, 0x00, 0x00,
  0x4C, 0xC2, 0xE7, 0xDB, 0xC7, 0x63, 0x01, 0x3F, 0xFC, 0x00, 0x00, 0x15, 0xFD, 0x4F, 0x00, 0x00, 0x00, 0x00, 0x00, 0x00, 0x00, 0x54, 0xE9, 0x01,
  0x00, 0xC9, 0x97, 0x00, 0x00, 0x00, 0x00, 0x00, 0x00, 0x00, 0x9A, 0xA2, 0x00, 0x00, 0x7E, 0xDF, 0x00, 0x00, 0x00, 0x00, 0x00, 0x00, 0x00, 0xE0,
  0x59, 0x00, 0x00, 0x34, 0xFF, 0x27, 0x00, 0x00, 0x00, 0x00, 0x00, 0x27, 0xFD, 0x13, 0x00, 0x00, 0x01, 0xE8, 0x6F, 0x00, 0x00, 0x00, 0x00, 0x00,
  0x6E, 0xC8, 0x00, 0x00, 0x00, 0x00, 0x9F, 0xB7, 0x00, 0x00, 0x00, 0x00, 0x00, 0xB5, 0x7F, 0x00, 0x00, 0x00, 0x00, 0x55, 0xF6, 0x08, 0x00, 0x00,
  0x00, 0x06, 0xF4, 0x37, 0x00, 0x00, 0x00, 0x00, 0x0F, 0xFB, 0x47, 0x00, 0x00, 0x00, 0x42, 0xEC, 0x02, 0x00, 0x00, 0x00, 0x00, 0x00, 0xC0, 0x8F,
  0x00, 0x00, 0x00, 0x89, 0xA5, 0x00, 0x00, 0x00, 0x00, 0x00, 0x00, 0x76, 0xD7, 0x00, 0x00, 0x00, 0xCF, 0x5C, 0x00, 0x00, 0x00, 0x00, 0x00, 0x00,
  0x2C, 0xFF, 0x1F, 0x00, 0x17, 0xFD, 0x15, 0x00, 0x00, 0x00, 0x00, 0x00, 0x00, 0x00, 0xE0, 0x67, 0x00, 0x5D, 0xCB, 0x00, 0x00, 0x00, 0x00, 0x00,
  0x00, 0x00, 0x00, 0x97, 0xAF, 0x00, 0xA3, 0x82, 0x00, 0x00, 0x00, 0x00, 0x00, 0x00, 0x00, 0x00, 0x4D, 0xF1, 0x06, 0xE8, 0x3A, 0x00, 0x00, 0x00,
  0x00, 0x00, 0x00, 0x00, 0x00, 0x0A, 0xF7, 0x6E, 0xEE, 0x03, 0x00, 0x00, 0x00, 0x00, 0x00, 0x00, 0x00, 0x00, 0x00, 0xB8, 0xEC, 0xA8, 0x00, 0x00,
  0x00, 0x00, 0x00, 0x00, 0x00, 0x00, 0x00, 0x00, 0x6D, 0xFF, 0x60, 0x00, 0x00, 0x00, 0x00, 0x00, 0x10, 0xFC, 0x55, 0x00, 0x00, 0x00, 0x00, 0x00,
  0x00, 0x16, 0xFF, 0xB0, 0x00, 0x00, 0x00, 0x00, 0x00, 0x00, 0x00, 0x7A, 0xCC, 0x00, 0x00, 0xC6, 0x99, 0x00, 0x00, 0x00, 0x00, 0x00, 0x00, 0x53,
  0xFF, 0xEF, 0x02, 0x00, 0x00, 0x00, 0x00, 0x00, 0x00, 0xBD, 0x86, 0x00, 0x00, 0x7F, 0xDD, 0x00, 0x00, 0x00, 0x00, 0x00, 0x00, 0x90, 0xB4, 0xFF,
  0x34, 0x00, 0x00, 0x00, 0x00, 0x00, 0x08, 0xF7, 0x40, 0x00, 0x00, 0x38, 0xFF, 0x21, 0x00, 0x00, 0x00, 0x00, 0x00, 0xCD, 0x5B, 0xD6, 0x76, 0x00,
  0x00, 0x00, 0x00, 0x00, 0x43, 0xF4, 0x06, 0x00, 0x00, 0x03, 0xEE, 0x65, 0x00, 0x00, 0x00, 0x00, 0x0D, 0xFC, 0x1C, 0x92, 0xB8, 0x00, 0x00, 0x00,
  0x00, 0x00, 0x86, 0xB4, 0x00, 0x00, 0x00, 0x00, 0xAB, 0xA9, 0x00, 0x00, 0x00, 0x00, 0x47, 0xDD, 0x00, 0x4F, 0xF4, 0x05, 0x00, 0x00, 0x00, 0x00,
  0xC9, 0x6E, 0x00, 0x00, 0x00, 0x00, 0x64, 0xEB, 0x01, 0x00, 0x00, 0x00, 0x84, 0x9E, 0x00, 0x0F, 0xFC, 0x3C, 0x00, 0x00, 0x00, 0x0F, 0xFC, 0x28,
  0x00, 0x00, 0x00, 0x00, 0x1D, 0xFF, 0x31, 0x00, 0x00, 0x00, 0xC1, 0x5F, 0x00, 0x00, 0xC8, 0x7E, 0x00, 0x00, 0x00, 0x4F, 0xE1, 0x00, 0x00, 0x00,
  0x00, 0x00, 0x00, 0xD6, 0x75, 0x00, 0x00, 0x06, 0xF7, 0x20, 0x00, 0x00, 0x85, 0xC0, 0x00, 0x00, 0x00, 0x92, 0x9B, 0x00, 0x00, 0x00, 0x00, 0x00,
  0x00, 0x8F, 0xB9, 0x00, 0x00, 0x3B, 0xE1, 0x00, 0x00, 0x00, 0x42, 0xF8, 0x09, 0x00, 0x00, 0xD5, 0x55, 0x00, 0x00, 0x00, 0x00, 0x00, 0x00, 0x48,
  0xF5, 0x07, 0x00, 0x78, 0xA1, 0x00, 0x00, 0x00, 0x07, 0xF6, 0x44, 0x00, 0x18, 0xFC, 0x12, 0x00, 0x00, 0x00, 0x00, 0x00, 0x00, 0x09, 0xF8, 0x41,
  0x00, 0xB5, 0x62, 0x00, 0x00, 0x00, 0x00, 0xBB, 0x86, 0x00, 0x5B, 0xC9, 0x00, 0x00, 0x00, 0x00, 0x00, 0x00, 0x00, 0x00, 0xBB, 0x85, 0x02, 0xF0,
  0x23, 0x00, 0x00, 0x00, 0x00, 0x77, 0xC8, 0x00, 0x9E, 0x83, 0x00, 0x00, 0x00, 0x00, 0x00, 0x00, 0x00, 0x00, 0x74, 0xC8, 0x2F, 0xE4, 0x00, 0x00,
  0x00, 0x00, 0x00, 0x34, 0xFC, 0x0E, 0xE1, 0x3D, 0x00, 0x00, 0x00, 0x00, 0x00, 0x00, 0x00, 0x00, 0x2D, 0xFC, 0x7C, 0xA5, 0x00, 0x00, 0x00, 0x00,
  0x00, 0x02, 0xEE, 0x70, 0xF2, 0x04, 0x00, 0x00, 0x00, 0x00, 0x00, 0x00, 0x00, 0x00, 0x00, 0xE5, 0xEC, 0x66, 0x00, 0x00, 0x00, 0x00, 0x00, 0x00,
  0xAD, 0xE9, 0xB1, 0x00, 0x00, 0x00, 0x00, 0x00, 0x00, 0x00, 0x00, 0x00, 0x00, 0x9F, 0xFF, 0x27, 0x00, 0x00, 0x00, 0x00, 0x00, 0x00, 0x6A, 0xFF,
  0x6B, 0x00, 0x00, 0x00, 0x00, 0x00, 0x00, 0x6A, 0xF8, 0x1B, 0x00, 0x00, 0x00, 0x00, 0x00, 0x57, 0xF7, 0x1D, 0x00, 0x05, 0xDE, 0x94, 0x00, 0x00,
  0x00, 0x00, 0x03, 0xD7, 0x88, 0x00, 0x00, 0x00, 0x5F, 0xF8, 0x1C, 0x00, 0x00, 0x00, 0x5F, 0xEC, 0x0F, 0x00, 0x00, 0x00, 0x03, 0xD6, 0x96, 0x00,
  0x00, 0x05, 0xDD, 0x6E, 0x00, 0x00, 0x00, 0x00, 0x00, 0x54, 0xF9, 0x1E, 0x00, 0x68, 0xDC, 0x05, 0x00, 0x00, 0x00, 0x00, 0x00, 0x01, 0xCE, 0x98,
  0x07, 0xE3, 0x54, 0x00, 0x00, 0x00, 0x00, 0x00, 0x00, 0x00, 0x4A, 0xFA, 0x8F, 0xC7, 0x00, 0x00, 0x00, 0x00, 0x00, 0x00, 0x00, 0x00, 0x00, 0xC5,
  0xFF, 0x3B, 0x00, 0x00, 0x00, 0x00, 0x00, 0x00, 0x00, 0x00, 0x05, 0xDD, 0xFE, 0x4D, 0x00, 0x00, 0x00, 0x00, 0x00, 0x00, 0x00, 0x00, 0x6C, 0xD7,
  0x8E, 0xD1, 0x01, 0x00, 0x00, 0x00, 0x00, 0x00, 0x00, 0x0B, 0xE8, 0x58, 0x15, 0xF4, 0x5A, 0x00, 0x00, 0x00, 0x00, 0x00, 0x00, 0x7D, 0xD4, 0x02,
  0x00, 0x89, 0xDB, 0x04, 0x00, 0x00, 0x00, 0x00, 0x13, 0xF1, 0x54, 0x00, 0x00, 0x14, 0xF3, 0x67, 0x00, 0x00, 0x00, 0x00, 0x8E, 0xD1, 0x01, 0x00,
  0x00, 0x00, 0x87, 0xE4, 0x08, 0x00, 0x00, 0x1E, 0xF8, 0x50, 0x00, 0x00, 0x00, 0x00, 0x13, 0xF2, 0x73, 0x00, 0x00, 0x9F, 0xCD, 0x00, 0x00, 0x00,
  0x00, 0x00, 0x00, 0x85, 0xEC, 0x0D, 0x2A, 0xFD, 0x4C, 0x00, 0x00, 0x00, 0x00, 0x00, 0x00, 0x12, 0xF2, 0x80, 0x15, 0xFD, 0x4F, 0x00, 0x00, 0x00,
  0x00, 0x00, 0x00, 0x00, 0x53, 0xF2, 0x05, 0x00, 0xC7, 0x98, 0x00, 0x00, 0x00, 0x00, 0x00, 0x00, 0x00, 0x98, 0xB0, 0x00, 0x00, 0x7C, 0xE1, 0x00,
  0x00, 0x00, 0x00, 0x00, 0x00, 0x00, 0xDD, 0x68, 0x00, 0x00, 0x30, 0xFF, 0x2A, 0x00, 0x00, 0x00, 0x00, 0x00, 0x23, 0xFF, 0x20, 0x00, 0x00, 0x00,
  0xE4, 0x73, 0x00, 0x00, 0x00, 0x00, 0x00, 0x69, 0xD8, 0x00, 0x00, 0x00, 0x00, 0x99, 0xBC, 0x00, 0x00, 0x00, 0x00, 0x00, 0xAE, 0x90, 0x00, 0x00,
  0x00, 0x00, 0x4E, 0xF9, 0x0B, 0x00, 0x00, 0x00, 0x03, 0xF0, 0x48, 0x00, 0x00, 0x00, 0x00, 0x0A, 0xF7, 0x4D, 0x00, 0x00, 0x00, 0x39, 0xF7, 0x09,
  0x00, 0x00, 0x00, 0x00, 0x00, 0xB7, 0x96, 0x00, 0x00, 0x00, 0x7F, 0xB9, 0x00, 0x00, 0x00, 0x00, 0x00, 0x00, 0x6C, 0xDF, 0x00, 0x00, 0x00, 0xC4,
  0x71, 0x00, 0x00, 0x00, 0x00, 0x00, 0x00, 0x20, 0xFF, 0x28, 0x00, 0x0E, 0xFB, 0x29, 0x00, 0x00, 0x00, 0x00, 0x00, 0x00, 0x00, 0xD5, 0x70, 0x00,
  0x4F, 0xE1, 0x00, 0x00, 0x00, 0x00, 0x00, 0x00, 0x00, 0x00, 0x8A, 0xB9, 0x00, 0x95, 0x99, 0x00, 0x00, 0x00, 0x00, 0x00, 0x00, 0x00, 0x00, 0x3E,
  0xF8, 0x0A, 0xDA, 0x52, 0x00, 0x00, 0x00, 0x00, 0x00, 0x00, 0x00, 0x00, 0x04, 0xEE, 0x6B, 0xFB, 0x0E, 0x00, 0x00, 0x00, 0x00, 0x00, 0x00, 0x00,
  0x00, 0x00, 0xA7, 0xEA, 0xC2, 0x00, 0x00, 0x00, 0x00, 0x00, 0x00, 0x00, 0x00, 0x00, 0x00, 0x5C, 0xFF, 0x7A, 0x00, 0x00, 0x00, 0x00, 0x00, 0x00,
  0x00, 0x00, 0x00, 0x00, 0x26, 0xFF, 0x32, 0x00, 0x00, 0x00, 0x00, 0x00, 0x00, 0x00, 0x00, 0x00, 0x00, 0x60, 0xE9, 0x01, 0x00, 0x00, 0x00, 0x00,
  0x00, 0x00, 0x00, 0x00, 0x00, 0x00, 0xA8, 0xA3, 0x00, 0x00, 0x00, 0x00, 0x00, 0x00, 0x00, 0x00, 0x00, 0x00, 0x02, 0xED, 0x5B, 0x00, 0x00, 0x00,
  0x00, 0x00, 0x00, 0x00, 0x00, 0x00, 0x00, 0x38, 0xFE, 0x15, 0x00, 0x00, 0x00, 0x00, 0x00, 0x00, 0x00, 0x00, 0x00, 0x00, 0x80, 0xCB, 0x00, 0x00,
  0x00, 0x00, 0x00, 0x00, 0x00, 0x00, 0x00, 0x00, 0x00, 0xC8, 0x83, 0x00, 0x00, 0x00, 0x00, 0x00, 0x00, 0x00, 0x00, 0x88, 0xFF, 0xFF, 0xFF, 0xFF,
  0xFF, 0xFF, 0xFF, 0x74, 0x00, 0x00, 0x00, 0x00, 0x00, 0x00, 0x00, 0x00, 0x21, 0xFB, 0x48, 0x00, 0x00, 0x00, 0x00, 0x00, 0x00, 0x00, 0x00, 0x98,
  0xCE, 0x00, 0x00, 0x00, 0x00, 0x00, 0x00, 0x00, 0x00, 0x19, 0xF8, 0x54, 0x00, 0x00, 0x00, 0x00, 0x00, 0x00, 0x00, 0x00, 0x8D, 0xD7, 0x02, 0x00,
  0x00, 0x00, 0x00, 0x00, 0x00, 0x00, 0x13, 0xF4, 0x5F, 0x00, 0x00, 0x00, 0x00, 0x00, 0x00, 0x00, 0x00, 0x83, 0xE0, 0x04, 0x00, 0x00, 0x00, 0x00,
  0x00, 0x00, 0x00, 0x0D, 0xEF, 0x69, 0x00, 0x00, 0x00, 0x00, 0x00, 0x00, 0x00, 0x00, 0x78, 0xE7, 0x08, 0x00, 0x00, 0x00, 0x00, 0x00, 0x00, 0x00,
  0x09, 0xE9, 0x74, 0x00, 0x00, 0x00, 0x00, 0x00, 0x00, 0x00, 0x00, 0x6D, 0xED, 0x0C, 0x00, 0x00, 0x00, 0x00, 0x00, 0x00, 0x00, 0x05, 0xE2, 0x7F,
  0x00, 0x00, 0x00, 0x00, 0x00, 0x00, 0x00, 0x00, 0x62, 0xF2, 0x11, 0x00, 0x00, 0x00, 0x00, 0x00, 0x00, 0x00, 0x02, 0xDA, 0x8A, 0x00, 0x00, 0x00,
  0x00, 0x00, 0x00, 0x00, 0x00, 0x57, 0xF7, 0x18, 0x00, 0x00, 0x00, 0x00, 0x00, 0x00, 0x00, 0x00, 0xD0, 0x95, 0x00, 0x00, 0x00, 0x00, 0x00, 0x00,
  0x00, 0x00, 0x00, 0xFC, 0xFF, 0xFF, 0xFF, 0xFF, 0xFF, 0xFF, 0xFF, 0xA0, 0x00, 0x00, 0x00, 0x00, 0x00, 0x33, 0xAC, 0xDD, 0xE0, 0xDF, 0xA3, 0x2A,
  0x00, 0x00, 0x00, 0x00, 0x00, 0x00, 0x00, 0x46, 0xF0, 0x63, 0x05, 0x00, 0x0A, 0x74, 0xEF, 0x3A, 0x00, 0x00, 0x00, 0x00, 0x00, 0x08, 0xE3, 0x66,
  0x00, 0x00, 0x00, 0x00, 0x00, 0x7C, 0xDA, 0x04, 0x00, 0x00, 0x00, 0x00, 0x57, 0xEB, 0x03, 0x00, 0x00, 0x00, 0x00, 0x00, 0x0C, 0xF7, 0x48, 0x00,
  0x00, 0x00, 0x00, 0x9C, 0xA7, 0x00, 0x00, 0x00, 0x00, 0x00, 0x00, 0x00, 0xBB, 0x8E, 0x00, 0x00, 0x00, 0x00, 0xC6, 0x7B, 0x00, 0x00, 0x00, 0x00,
  0x00, 0x00, 0x00, 0x90, 0xBB, 0x00, 0x00, 0x00, 0x00, 0xE5, 0x61, 0x00, 0x00, 0x00, 0x00, 0x00, 0x00, 0x00, 0x76, 0xD7, 0x00, 0x00, 0x00, 0x00,
  0xF6, 0x4F, 0x00, 0x00, 0x00, 0x00, 0x00, 0x00, 0x00, 0x64, 0xEA, 0x00, 0x00, 0x00, 0x03, 0xFF, 0x48, 0x00, 0x00, 0x00, 0x00, 0x00, 0x00, 0x00,
  0x5D, 0xF3, 0x00, 0x00, 0x00, 0x0A, 0xFF, 0x44, 0x00, 0x00, 0x00, 0x00, 0x00, 0x00, 0x00, 0x58, 0xF9, 0x00, 0x00, 0x00, 0x0E, 0xFF, 0x44, 0x00,
  0x00, 0x00, 0x00, 0x00, 0x00, 0x00, 0x58, 0xFC, 0x00, 0x00, 0x00, 0x10, 0xFF, 0x44, 0x00, 0x00, 0x00, 0x00, 0x00, 0x00, 0x00, 0x58, 0xFC, 0x00,
  0x00, 0x00, 0x10, 0xFF, 0x44, 0x00, 0x00, 0x00, 0x00, 0x00, 0x00, 0x00, 0x58, 0xFC, 0x00, 0x00, 0x00, 0x10, 0xFF, 0x44, 0x00, 0x00, 0x00, 0x00,
  0x00, 0x00, 0x00, 0x58, 0xFB, 0x00, 0x00, 0x00, 0x10, 0xFF, 0x44, 0x00, 0x00, 0x00, 0x00, 0x00, 0x00, 0x00, 0x58, 0xF9, 0x00, 0x00, 0x00, 0x0E,
  0xFF, 0x44, 0x00, 0x00, 0x00, 0x00, 0x00, 0x00, 0x00, 0x58, 0xF5, 0x00, 0x00, 0x00, 0x09, 0xFF, 0x48, 0x00, 0x00, 0x00, 0x00, 0x00, 0x00, 0x00,
  0x5D, 0xEF, 0x00, 0x00, 0x00, 0x01, 0xFD, 0x4F, 0x00, 0x00, 0x00, 0x00, 0x00, 0x00, 0x00, 0x63, 0xE2, 0x00, 0x00, 0x00, 0x00, 0xEC, 0x60, 0x00,
  0x00, 0x00, 0x00, 0x00, 0x00, 0x00, 0x75, 0xD2, 0x00, 0x00, 0x00, 0x00, 0xD0, 0x7A, 0x00, 0x00, 0x00, 0x00, 0x00, 0x00, 0x00, 0x8F, 0xB2, 0x00,
  0x00, 0x00, 0x00, 0xA3, 0xA6, 0x00, 0x00, 0x00, 0x00, 0x00, 0x00, 0x00, 0xBB, 0x88, 0x00, 0x00, 0x00, 0x00, 0x5E, 0xEB, 0x03, 0x00, 0x00, 0x00,
  0x00, 0x00, 0x0B, 0xF7, 0x42, 0x00, 0x00, 0x00, 0x00, 0x0C, 0xE8, 0x66, 0x00, 0x00, 0x00, 0x00, 0x00, 0x7C, 0xD5, 0x03, 0x00, 0x00, 0x00, 0x00,
  0x00, 0x4C, 0xF1, 0x62, 0x05, 0x00, 0x0A, 0x74, 0xF0, 0x3B, 0x00, 0x00, 0x00, 0x00, 0x00, 0x00, 0x00, 0x37, 0xAE, 0xE0, 0xE0, 0xDE, 0xA6, 0x2D,
  0x00, 0x00, 0x00, 0x00, 0x00, 0x00, 0x00, 0x00, 0x00, 0x00, 0x00, 0x67, 0xFF, 0x40, 0x00, 0x00, 0x00, 0x00, 0x00, 0x00, 0x00, 0x00, 0x00, 0x00,
  0x00, 0x59, 0xFA, 0xFF, 0x40, 0x00, 0x00, 0x00, 0x00, 0x00, 0x00, 0x00, 0x00, 0x00, 0x00, 0x6A, 0xF7, 0x5E, 0xFF, 0x40, 0x00, 0x00, 0x00, 0x00,
  0x00, 0x00, 0x00, 0x00, 0x00, 0x91, 0xF4, 0x4A, 0x0C, 0xFF, 0x40, 0x00, 0x00, 0x00, 0x00, 0x00, 0x00, 0x00, 0x00, 0x00, 0xDA, 0x2E, 0x00, 0x0C,
  0xFF, 0x40, 0x00, 0x00, 0x00, 0x00, 0x00, 0x00, 0x00, 0x00, 0x00, 0x11, 0x00, 0x00, 0x0C, 0xFF, 0x40, 0x00, 0x00, 0x00, 0x00, 0x00, 0x00, 0x00,
  0x00, 0x00, 0x00, 0x00, 0x00, 0x0C, 0xFF, 0x40, 0x00, 0x00, 0x00, 0x00, 0x00, 0x00, 0x00, 0x00, 0x00, 0x00, 0x00, 0x00, 0x0C, 0xFF, 0x40, 0x00,
  0x00, 0x00, 0x00, 0x00, 0x00, 0x00, 0x00, 0x00, 0x00, 0x00, 0x00, 0x0C, 0xFF, 0x40, 0x00, 0x00, 0x00, 0x00, 0x00, 0x00, 0x00, 0x00, 0x00, 0x00,
  0x00, 0x00, 0x0C, 0xFF, 0x40, 0x00, 0x00, 0x00, 0x00, 0x00, 0x00, 0x00, 0x00, 0x00, 0x00, 0x00, 0x00, 0x0C, 0xFF, 0x40, 0x00, 0x00, 0x00, 0x00,
  0x00, 0x00, 0x00, 0x00, 0x00, 0x00, 0x00, 0x00, 0x0C, 0xFF, 0x40, 0x00, 0x00, 0x00, 0x00, 0x00, 0x00, 0x00, 0x00, 0x00, 0x00, 0x00, 0x00, 0x0C,
  0xFF, 0x40, 0x00, 0x00, 0x00, 0x00, 0x00, 0x00, 0x00, 0x00, 0x00, 0x00, 0x00, 0x00, 0x0C, 0xFF, 0x40, 0x00, 0x00, 0x00, 0x00, 0x00, 0x00, 0x00,
  0x00, 0x00, 0x00, 0x00, 0x00, 0x0C, 0xFF, 0x40, 0x00, 0x00, 0x00, 0x00, 0x00, 0x00, 0x00, 0x00, 0x00, 0x00, 0x00, 0x00, 0x0C, 0xFF, 0x40, 0x00,
  0x00, 0x00, 0x00, 0x00, 0x00, 0x00, 0x00, 0x00, 0x00, 0x00, 0x00, 0x0C, 0xFF, 0x40, 0x00, 0x00, 0x00, 0x00, 0x00, 0x00, 0x00, 0x00, 0x00, 0x00,
  0x00, 0x00, 0x0C, 0xFF, 0x40, 0x00, 0x00, 0x00, 0x00, 0x00, 0x00, 0x00, 0x00, 0x00, 0x00, 0x00, 0x00, 0x0C, 0xFF, 0x40, 0x00, 0x00, 0x00, 0x00,
  0x00, 0x00, 0x00, 0x00, 0x00, 0x00, 0x00, 0x00, 0x0C, 0xFF, 0x40, 0x00, 0x00, 0x00, 0x00, 0x00, 0x00, 0x00, 0x00, 0x00, 0x00, 0x00, 0x00, 0x0C,
  0xFF, 0x40, 0x00, 0x00, 0x00, 0x00, 0x00, 0x00, 0x00, 0x00, 0x00, 0x00, 0x00, 0x00, 0x0C, 0xFF, 0x40, 0x00, 0x00, 0x00, 0x00, 0x00, 0x00, 0x00,
  0x00, 0x00, 0x00, 0x00, 0x00, 0x0C, 0xFF, 0x40, 0x00, 0x00, 0x00, 0x00, 0x00, 0x00, 0x00, 0x00, 0x00, 0x00, 0x00, 0x00, 0x0C, 0xFF, 0x40, 0x00,
  0x00, 0x00, 0x00, 0x00, 0x00, 0x00, 0x00, 0x00, 0x00, 0x00, 0x00, 0x0C, 0xFF, 0x40, 0x00, 0x00, 0x00, 0x00, 0x00, 0x00, 0x00, 0x00, 0x00, 0x43,
  0xAE, 0xE0, 0xE0, 0xE5, 0xC5, 0x69, 0x04, 0x00, 0x00, 0x00, 0x00, 0x00, 0x00, 0x85, 0xEE, 0x5E, 0x08, 0x00, 0x02, 0x41, 0xD8, 0xB3, 0x02, 0x00,
  0x00, 0x00, 0x00, 0x4B, 0xFF, 0x41, 0x00, 0x00, 0x00, 0x00, 0x00, 0x1A, 0xEF, 0x62, 0x00, 0x00, 0x00, 0x00, 0xB6, 0xBD, 0x00, 0x00, 0x00, 0x00,
  0x00, 0x00, 0x00, 0x93, 0xBC, 0x00, 0x00, 0x00, 0x00, 0xEE, 0x7C, 0x00, 0x00, 0x00, 0x00, 0x00, 0x00, 0x00, 0x63, 0xEA, 0x00, 0x00, 0x00, 0x01,
  0xBF, 0x48, 0x00, 0x00, 0x00, 0x00, 0x00, 0x00, 0x00, 0x5F, 0xF6, 0x00, 0x00, 0x00, 0x00, 0x00, 0x00, 0x00, 0x00, 0x00, 0x00, 0x00, 0x00, 0x00,
  0x74, 0xE3, 0x00, 0x00, 0x00, 0x00, 0x00, 0x00, 0x00, 0x00, 0x00, 0x00, 0x00, 0x00, 0x00, 0xA7, 0xC0, 0x00, 0x00, 0x00, 0x00, 0x00, 0x00, 0x00,
  0x00, 0x00, 0x00, 0x00, 0x00, 0x05, 0xEA, 0x79, 0x00, 0x00, 0x00, 0x00, 0x00, 0x00, 0x00, 0x00, 0x00, 0x00, 0x00, 0x00, 0x57, 0xFD, 0x23, 0x00,
  0x00, 0x00, 0x00, 0x00, 0x00, 0x00, 0x00, 0x00, 0x00, 0x00, 0x04, 0xD8, 0xB0, 0x00, 0x00, 0x00, 0x00, 0x00, 0x00, 0x00, 0x00, 0x00, 0x00, 0x00,
  0x00, 0x71, 0xFD, 0x2F, 0x00, 0x00, 0x00, 0x00, 0x00, 0x00, 0x00, 0x00, 0x00, 0x00, 0x00, 0x1E, 0xF3, 0x9C, 0x00, 0x00, 0x00, 0x00, 0x00, 0x00,
  0x00, 0x00, 0x00, 0x00, 0x00, 0x00, 0xB3, 0xE9, 0x12, 0x00, 0x00, 0x00, 0x00, 0x00, 0x00, 0x00, 0x00, 0x00, 0x00, 0x00, 0x55, 0xFF, 0x57, 0x00,
  0x00, 0x00, 0x00, 0x00, 0x00, 0x00, 0x00, 0x00, 0x00, 0x00, 0x0F, 0xE6, 0xB3, 0x00, 0x00, 0x00, 0x00, 0x00, 0x00, 0x00, 0x00, 0x00, 0x00, 0x00,
  0x00, 0x98, 0xF2, 0x1C, 0x00, 0x00, 0x00, 0x00, 0x00, 0x00, 0x00, 0x00, 0x00, 0x00, 0x00, 0x3A, 0xFE, 0x6C, 0x00, 0x00, 0x00, 0x00, 0x00, 0x00,
  0x00, 0x00, 0x00, 0x00, 0x00, 0x05, 0xD4, 0xC6, 0x02, 0x00, 0x00, 0x00, 0x00, 0x00, 0x00, 0x00, 0x00, 0x00, 0x00, 0x00, 0x7C, 0xF9, 0x2A, 0x00,
  0x00, 0x00, 0x00, 0x00, 0x00, 0x00, 0x00, 0x00, 0x00, 0x00, 0x25, 0xF7, 0x80, 0x00, 0x00, 0x00, 0x00, 0x00, 0x00, 0x00, 0x00, 0x00, 0x00, 0x00,
  0x00, 0xBE, 0xD6, 0x06, 0x00, 0x00, 0x00, 0x00, 0x00, 0x00, 0x00, 0x00, 0x00, 0x00, 0x00, 0x61, 0xFE, 0x3B, 0x00, 0x00, 0x00, 0x00, 0x00, 0x00,
  0x00, 0x00, 0x00, 0x00, 0x00, 0x0D, 0xEC, 0x95, 0x00, 0x00, 0x00, 0x00, 0x00, 0x00, 0x00, 0x00, 0x00, 0x00, 0x00, 0x00, 0x20, 0xFF, 0xFF, 0xFF,
  0xFF, 0xFF, 0xFF, 0xFF, 0xFF, 0xFF, 0xFF, 0xF4, 0x00, 0x00, 0x00, 0x00, 0x00, 0x08, 0x77, 0xCB, 0xE4, 0xE2, 0xE2, 0xA8, 0x2D, 0x00, 0x00, 0x00,
  0x00, 0x00, 0x00, 0x02, 0xBC, 0xD9, 0x40, 0x01, 0x00, 0x10, 0x84, 0xF6, 0x39, 0x00, 0x00, 0x00, 0x00, 0x00, 0x61, 0xF6, 0x20, 0x00, 0x00, 0x00,
  0x00, 0x00, 0x98, 0xCF, 0x00, 0x00, 0x00, 0x00, 0x00, 0xB9, 0xA5, 0x00, 0x00, 0x00, 0x00, 0x00, 0x00, 0x25, 0xFF, 0x2E, 0x00, 0x00, 0x00, 0x00,
  0xE0, 0x75, 0x00, 0x00, 0x00, 0x00, 0x00, 0x00, 0x00, 0xF2, 0x63, 0x00, 0x00, 0x00, 0x01, 0xC3, 0x45, 0x00, 0x00, 0x00, 0x00, 0x00, 0x00, 0x00,
  0xDD, 0x7B, 0x00, 0x00, 0x00, 0x00, 0x00, 0x00, 0x00, 0x00, 0x00, 0x00, 0x00, 0x00, 0x00, 0xD6, 0x7B, 0x00, 0x00, 0x00, 0x00, 0x00, 0x00, 0x00,
  0x00, 0x00, 0x00, 0x00, 0x00, 0x00, 0xE6, 0x69, 0x00, 0x00, 0x00, 0x00, 0x00, 0x00, 0x00, 0x00, 0x00, 0x00, 0x00, 0x00, 0x10, 0xFF, 0x45, 0x00,
  0x00, 0x00, 0x00, 0x00, 0x00, 0x00, 0x00, 0x00, 0x00, 0x00, 0x00, 0x5E, 0xF4, 0x07, 0x00, 0x00, 0x00, 0x00, 0x00, 0x00, 0x00, 0x00, 0x00, 0x00,
  0x00, 0x14, 0xDF, 0x96, 0x00, 0x00, 0x00, 0x00, 0x00, 0x00, 0x00, 0x00, 0x00, 0x07, 0x23, 0x68, 0xE0, 0xB8, 0x0A, 0x00, 0x00, 0x00, 0x00, 0x00,
  0x00, 0x00, 0x00, 0x00, 0xFC, 0xFF, 0xFC, 0x9E, 0x0C, 0x00, 0x00, 0x00, 0x00, 0x00, 0x00, 0x00, 0x00, 0x00, 0x00, 0x07, 0x1F, 0x5A, 0xCE, 0xE7,
  0x31, 0x00, 0x00, 0x00, 0x00, 0x00, 0x00, 0x00, 0x00, 0x00, 0x00, 0x00, 0x00, 0x06, 0xBA, 0xDE, 0x06, 0x00, 0x00, 0x00, 0x00, 0x00, 0x00, 0x00,
  0x00, 0x00, 0x00, 0x00, 0x00, 0x28, 0xFF, 0x53, 0x00, 0x00, 0x00, 0x00, 0x00, 0x00, 0x00, 0x00, 0x00, 0x00, 0x00, 0x00, 0x00, 0xDA, 0x89, 0x00,
  0x00, 0x00, 0x00, 0x00, 0x00, 0x00, 0x00, 0x00, 0x00, 0x00, 0x00, 0x00, 0xB4, 0xA0, 0x00, 0x00, 0x00, 0x00, 0x00, 0x00, 0x00, 0x00, 0x00, 0x00,
  0x00, 0x00, 0x00, 0xA8, 0xAB, 0x00, 0x00, 0x00, 0x4F, 0xCD, 0x02, 0x00, 0x00, 0x00, 0x00, 0x00, 0x00, 0x00, 0xB8, 0x9D, 0x00, 0x00, 0x00, 0x4E,
  0xFF, 0x1B, 0x00, 0x00, 0x00, 0x00, 0x00, 0x00, 0x00, 0xCE, 0x7A, 0x00, 0x00, 0x00, 0x1A, 0xFE, 0x55, 0x00, 0x00, 0x00, 0x00, 0x00, 0x00, 0x0F,
  0xFA, 0x3E, 0x00, 0x00, 0x00, 0x00, 0xB7, 0xCB, 0x02, 0x00, 0x00, 0x00, 0x00, 0x00, 0x88, 0xD5, 0x02, 0x00, 0x00, 0x00, 0x00, 0x23, 0xE7, 0xAA,
  0x22, 0x00, 0x00, 0x13, 0x85, 0xEF, 0x33, 0x00, 0x00, 0x00, 0x00, 0x00, 0x00, 0x19, 0x8E, 0xD7, 0xE2, 0xE1, 0xDB, 0x97, 0x1D, 0x00, 0x00, 0x00,
  0x00, 0x00, 0x00, 0x00, 0x00, 0x00, 0x00, 0x00, 0x00, 0x0E, 0xF2, 0xFC, 0x00, 0x00, 0x00, 0x00, 0x00, 0x00, 0x00, 0x00, 0x00, 0x00, 0x00, 0x00,
  0x71, 0xFD, 0xFC, 0x00, 0x00, 0x00, 0x00, 0x00, 0x00, 0x00, 0x00, 0x00, 0x00, 0x00, 0x02, 0xDE, 0xB1, 0xFC, 0x00, 0x00, 0x00, 0x00, 0x00, 0x00,
  0x00, 0x00, 0x00, 0x00, 0x00, 0x52, 0xEA, 0x58, 0xFC, 0x00, 0x00, 0x00, 0x00, 0x00, 0x00, 0x00, 0x00, 0x00, 0x00, 0x00, 0xC3, 0x83, 0x50, 0xFC,
  0x00, 0x00, 0x00, 0x00, 0x00, 0x00, 0x00, 0x00, 0x00, 0x00, 0x33, 0xFA, 0x1A, 0x50, 0xFC, 0x00, 0x00, 0x00, 0x00, 0x00, 0x00, 0x00, 0x00, 0x00,
  0x00, 0xA4, 0xA5, 0x00, 0x50, 0xFC, 0x00, 0x00, 0x00, 0x00, 0x00, 0x00, 0x00, 0x00, 0x00, 0x1A, 0xFA, 0x36, 0x00, 0x50, 0xFC, 0x00, 0x00, 0x00,
  0x00, 0x00, 0x00, 0x00, 0x00, 0x00, 0x85, 0xC6, 0x00, 0x00, 0x50, 0xFC, 0x00, 0x00, 0x00, 0x00, 0x00, 0x00, 0x00, 0x00, 0x09, 0xEB, 0x57, 0x00,
  0x00, 0x50, 0xFC, 0x00, 0x00, 0x00, 0x00, 0x00, 0x00, 0x00, 0x00, 0x66, 0xE4, 0x04, 0x00, 0x00, 0x50, 0xFC, 0x00, 0x00, 0x00, 0x00, 0x00, 0x00,
  0x00, 0x00, 0xD5, 0x79, 0x00, 0x00, 0x00, 0x50, 0xFC, 0x00, 0x00, 0x00, 0x00, 0x00, 0x00, 0x00, 0x47, 0xF7, 0x13, 0x00, 0x00, 0x00, 0x50, 0xFC,
  0x00, 0x00, 0x00, 0x00, 0x00, 0x00, 0x00, 0xB7, 0x9B, 0x00, 0x00, 0x00, 0x00, 0x50, 0xFC, 0x00, 0x00, 0x00, 0x00, 0x00, 0x00, 0x28, 0xFE, 0x2D,
  0x00, 0x00, 0x00, 0x00, 0x50, 0xFC, 0x00, 0x00, 0x00, 0x00, 0x00, 0x00, 0x98, 0xBD, 0x00, 0x00, 0x00, 0x00, 0x00, 0x50, 0xFC, 0x00, 0x00, 0x00,
  0x00, 0x00, 0x12, 0xF5, 0x4E, 0x00, 0x00, 0x00, 0x00, 0x00, 0x50, 0xFC, 0x00, 0x00, 0x00, 0x00, 0x00, 0x6E, 0xDD, 0x02, 0x00, 0x00, 0x00, 0x00,
  0x00, 0x50, 0xFC, 0x00, 0x00, 0x00, 0x00, 0x00, 0x80, 0xFF, 0xFF, 0xFF, 0xFF, 0xFF, 0xFF, 0xFF, 0xFF, 0xFF, 0xFF, 0xFF, 0xBC, 0x00, 0x00, 0x00,
  0x00, 0x00, 0x00, 0x00, 0x00, 0x00, 0x00, 0x50, 0xFC, 0x00, 0x00, 0x00, 0x00, 0x00, 0x00, 0x00, 0x00, 0x00, 0x00, 0x00, 0x00, 0x00, 0x50, 0xFC,
  0x00, 0x00, 0x00, 0x00, 0x00, 0x00, 0x00, 0x00, 0x00, 0x00, 0x00, 0x00, 0x00, 0x50, 0xFC, 0x00, 0x00, 0x00, 0x00, 0x00, 0x00, 0x00, 0x00, 0x00,
  0x00, 0x00, 0x00, 0x00, 0x50, 0xFC, 0x00, 0x00, 0x00, 0x00, 0x00, 0x00, 0x00, 0x00, 0x00, 0x00, 0x00, 0x00, 0x00, 0x50, 0xFC, 0x00, 0x00, 0x00,
  0x00, 0x00, 0x00, 0x00, 0x00, 0x00, 0x00, 0x00, 0x00, 0x00, 0x50, 0xFC, 0x00, 0x00, 0x00, 0x00, 0x00, 0x00, 0x44, 0xFF, 0xFF, 0xFF, 0xFF, 0xFF,
  0xFF, 0xFF, 0xFF, 0xFF, 0x68, 0x00, 0x00, 0x00, 0x00, 0x4A, 0xFF, 0x07, 0x00, 0x00, 0x00, 0x00, 0x00, 0x00, 0x00, 0x00, 0x00, 0x00, 0x00, 0x00,
  0x50, 0xFF, 0x01, 0x00, 0x00, 0x00, 0x00, 0x00, 0x00, 0x00, 0x00, 0x00, 0x00, 0x00, 0x00, 0x57, 0xF8, 0x00, 0x00, 0x00, 0x00, 0x00, 0x00, 0x00,
  0x00, 0x00, 0x00, 0x00, 0x00, 0x00, 0x5D, 0xF0, 0x00, 0x00, 0x00, 0x00, 0x00, 0x00, 0x00, 0x00, 0x00, 0x00, 0x00, 0x00, 0x00, 0x63, 0xE8, 0x00,
  0x00, 0x00, 0x00, 0x00, 0x00, 0x00, 0x00, 0x00, 0x00, 0x00, 0x00, 0x00, 0x6A, 0xE0, 0x00, 0x00, 0x00, 0x00, 0x00, 0x00, 0x00, 0x00, 0x00, 0x00,
  0x00, 0x00, 0x00, 0x70, 0xD8, 0x00, 0x00, 0x00, 0x00, 0x00, 0x00, 0x00, 0x00, 0x00, 0x00, 0x00, 0x00, 0x00, 0x77, 0xD0, 0x00, 0x00, 0x00, 0x00,
  0x00, 0x00, 0x00, 0x00, 0x00, 0x00, 0x00, 0x00, 0x00, 0x7D, 0xC8, 0x00, 0x00, 0x00, 0x00, 0x00, 0x00, 0x00, 0x00, 0x00, 0x00, 0x00, 0x00, 0x00,
  0x83, 0xC1, 0x48, 0xAD, 0xE5, 0xF9, 0xF0, 0xCD, 0x70, 0x03, 0x00, 0x00, 0x00, 0x00, 0x00, 0x8A, 0xFB, 0xFC, 0x92, 0x2D, 0x09, 0x15, 0x5D, 0xE8,
  0xB5, 0x02, 0x00, 0x00, 0x00, 0x00, 0x90, 0xFF, 0x59, 0x00, 0x00, 0x00, 0x00, 0x00, 0x2B, 0xF8, 0x63, 0x00, 0x00, 0x00, 0x00, 0x77, 0xA2, 0x00,
  0x00, 0x00, 0x00, 0x00, 0x00, 0x00, 0xA4, 0xC3, 0x00, 0x00, 0x00, 0x00, 0x00, 0x00, 0x00, 0x00, 0x00, 0x00, 0x00, 0x00, 0x00, 0x63, 0xF7, 0x00,
  0x00, 0x00, 0x00, 0x00, 0x00, 0x00, 0x00, 0x00, 0x00, 0x00, 0x00, 0x00, 0x47, 0xFF, 0x0C, 0x00, 0x00, 0x00, 0x00, 0x00, 0x00, 0x00, 0x00, 0x00,
  0x00, 0x00, 0x00, 0x38, 0xFF, 0x1C, 0x00, 0x00, 0x00, 0x00, 0x00, 0x00, 0x00, 0x00, 0x00, 0x00, 0x00, 0x00, 0x30, 0xFF, 0x22, 0x00, 0x00, 0x00,
  0x00, 0x00, 0x00, 0x00, 0x00, 0x00, 0x00, 0x00, 0x00, 0x3E, 0xFF, 0x11, 0x00, 0x00, 0x00, 0xA0, 0x78, 0x00, 0x00, 0x00, 0x00, 0x00, 0x00, 0x00,
  0x4D, 0xFD, 0x01, 0x00, 0x00, 0x00, 0xA9, 0xA7, 0x00, 0x00, 0x00, 0x00, 0x00, 0x00, 0x00, 0x6A, 0xDE, 0x00, 0x00, 0x00, 0x00, 0x89, 0xD0, 0x00,
  0x00, 0x00, 0x00, 0x00, 0x00, 0x00, 0xAB, 0x9D, 0x00, 0x00, 0x00, 0x00, 0x38, 0xFF, 0x3B, 0x00, 0x00, 0x00, 0x00, 0x00, 0x2B, 0xF7, 0x32, 0x00,
  0x00, 0x00, 0x00, 0x00, 0x9D, 0xE7, 0x4D, 0x03, 0x00, 0x02, 0x4A, 0xE2, 0x76, 0x00, 0x00, 0x00, 0x00, 0x00, 0x00, 0x02, 0x68, 0xC5, 0xE6, 0xE0,
  0xDF, 0xB4, 0x46, 0x00, 0x00, 0x00, 0x00, 0x00, 0x00, 0x00, 0x00, 0x06, 0x6C, 0xCE, 0xE2, 0xE4, 0xDB, 0x94, 0x18, 0x00, 0x00, 0x00, 0x00, 0x00,
  0x00, 0x07, 0xB6, 0xC6, 0x2E, 0x00, 0x00, 0x2C, 0xC8, 0xDD, 0x0F, 0x00, 0x00, 0x00, 0x00, 0x00, 0x7E, 0xDD, 0x0E, 0x00, 0x00, 0x00, 0x00, 0x13,
  0xF5, 0x7F, 0x00, 0x00, 0x00, 0x00, 0x08, 0xF1, 0x5E, 0x00, 0x00, 0x00, 0x00, 0x00, 0x00, 0xA2, 0xC1, 0x00, 0x00, 0x00, 0x00, 0x4E, 0xFA, 0x0E,
  0x00, 0x00, 0x00, 0x00, 0x00, 0x00, 0x77, 0xDC, 0x00, 0x00, 0x00, 0x00, 0x83, 0xCE, 0x00, 0x00, 0x00, 0x00, 0x00, 0x00, 0x00, 0x25, 0x59, 0x00,
  0x00, 0x00, 0x00, 0xA5, 0xA8, 0x00, 0x00, 0x00, 0x00, 0x00, 0x00, 0x00, 0x00, 0x00, 0x00, 0x00, 0x00, 0x00, 0xB5, 0x98, 0x00, 0x00, 0x00, 0x00,
  0x00, 0x00, 0x00, 0x00, 0x00, 0x00, 0x00, 0x00, 0x00, 0xC3, 0x8C, 0x00, 0x00, 0x00, 0x00, 0x00, 0x00, 0x00, 0x00, 0x00, 0x00, 0x00, 0x00, 0x00,
  0xD1, 0x7F, 0x00, 0x00, 0x00, 0x00, 0x00, 0x00, 0x00, 0x00, 0x00, 0x00, 0x00, 0x00, 0x00, 0xD4, 0x78, 0x00, 0x52, 0xC0, 0xED, 0xF5, 0xD3, 0x75,
  0x04, 0x00, 0x00, 0x00, 0x00, 0x00, 0xD4, 0x78, 0x87, 0xC8, 0x43, 0x0D, 0x11, 0x54, 0xE6, 0xB4, 0x02, 0x00, 0x00, 0x00, 0x00, 0xD4, 0xBB, 0xC9,
  0x08, 0x00, 0x00, 0x00, 0x00, 0x2B, 0xF9, 0x5F, 0x00, 0x00, 0x00, 0x00, 0xD4, 0xFF, 0x37, 0x00, 0x00, 0x00, 0x00, 0x00, 0x00, 0xA6, 0xC0, 0x00,
  0x00, 0x00, 0x00, 0xD4, 0xDD, 0x00, 0x00, 0x00, 0x00, 0x00, 0x00, 0x00, 0x62, 0xF4, 0x00, 0x00, 0x00, 0x00, 0xD2, 0xAC, 0x00, 0x00, 0x00, 0x00,
  0x00, 0x00, 0x00, 0x46, 0xFF, 0x0A, 0x00, 0x00, 0x00, 0xC7, 0x95, 0x00, 0x00, 0x00, 0x00, 0x00, 0x00, 0x00, 0x33, 0xFF, 0x1E, 0x00, 0x00, 0x00,
  0xBB, 0x84, 0x00, 0x00, 0x00, 0x00, 0x00, 0x00, 0x00, 0x31, 0xFF, 0x1F, 0x00, 0x00, 0x00, 0xAF, 0x90, 0x00, 0x00, 0x00, 0x00, 0x00, 0x00, 0x00,
  0x3A, 0xFF, 0x12, 0x00, 0x00, 0x00, 0x94, 0xA2, 0x00, 0x00, 0x00, 0x00, 0x00, 0x00, 0x00, 0x46, 0xFF, 0x05, 0x00, 0x00, 0x00, 0x66, 0xC9, 0x00,
  0x00, 0x00, 0x00, 0x00, 0x00, 0x00, 0x68, 0xE4, 0x00, 0x00, 0x00, 0x00, 0x1B, 0xFA, 0x18, 0x00, 0x00, 0x00, 0x00, 0x00, 0x00, 0xAC, 0xA7, 0x00,
  0x00, 0x00, 0x00, 0x00, 0xA8, 0x96, 0x00, 0x00, 0x00, 0x00, 0x00, 0x2C, 0xFB, 0x3F, 0x00, 0x00, 0x00, 0x00, 0x00, 0x18, 0xDA, 0x8E, 0x14, 0x00,
  0x01, 0x42, 0xE1, 0x8B, 0x00, 0x00, 0x00, 0x00, 0x00, 0x00, 0x00, 0x16, 0x8D, 0xDA, 0xE1, 0xE1, 0xC1, 0x57, 0x00, 0x00, 0x00, 0x00, 0x00, 0x34,
  0xFF, 0xFF, 0xFF, 0xFF, 0xFF, 0xFF, 0xFF, 0xFF, 0xFF, 0xFF, 0xDC, 0x00, 0x00, 0x00, 0x00, 0x00, 0x00, 0x00, 0x00, 0x00, 0x00, 0x00, 0x00, 0x00,
  0x98, 0xC7, 0x00, 0x00, 0x00, 0x00, 0x00, 0x00, 0x00, 0x00, 0x00, 0x00, 0x00, 0x00, 0x01, 0xE4, 0x7C, 0x00, 0x00, 0x00, 0x00, 0x00, 0x00, 0x00,
  0x00, 0x00, 0x00, 0x00, 0x00, 0x35, 0xFF, 0x2E, 0x00, 0x00, 0x00, 0x00, 0x00, 0x00, 0x00, 0x00, 0x00, 0x00, 0x00, 0x00, 0x84, 0xDF, 0x00, 0x00,
  0x00, 0x00, 0x00, 0x00, 0x00, 0x00, 0x00, 0x00, 0x00, 0x00, 0x00, 0xD2, 0x91, 0x00, 0x00, 0x00, 0x00, 0x00, 0x00, 0x00, 0x00, 0x00, 0x00, 0x00,
  0x00, 0x21, 0xFF, 0x43, 0x00, 0x00, 0x00, 0x00, 0x00, 0x00, 0x00, 0x00, 0x00, 0x00, 0x00, 0x00, 0x70, 0xF0, 0x05, 0x00, 0x00, 0x00, 0x00, 0x00,
  0x00, 0x00, 0x00, 0x00, 0x00, 0x00, 0x00, 0xBE, 0xA7, 0x00, 0x00, 0x00, 0x00, 0x00, 0x00, 0x00, 0x00, 0x00, 0x00, 0x00, 0x00, 0x11, 0xFB, 0x58,
  0x00, 0x00, 0x00, 0x00, 0x00, 0x00, 0x00, 0x00, 0x00, 0x00, 0x00, 0x00, 0x5C, 0xFA, 0x0F, 0x00, 0x00, 0x00, 0x00, 0x00, 0x00, 0x00, 0x00, 0x00,
  0x00, 0x00, 0x00, 0xAA, 0xBC, 0x00, 0x00, 0x00, 0x00, 0x00, 0x00, 0x00, 0x00, 0x00, 0x00, 0x00, 0x00, 0x06, 0xF2, 0x6E, 0x00, 0x00, 0x00, 0x00,
  0x00, 0x00, 0x00, 0x00, 0x00, 0x00, 0x00, 0x00, 0x48, 0xFF, 0x20, 0x00, 0x00, 0x00, 0x00, 0x00, 0x00, 0x00, 0x00, 0x00, 0x00, 0x00, 0x00, 0x96,
  0xD1, 0x00, 0x00, 0x00, 0x00, 0x00, 0x00, 0x00, 0x00, 0x00, 0x00, 0x00, 0x00, 0x00, 0xE4, 0x83, 0x00, 0x00, 0x00, 0x00, 0x00, 0x00, 0x00, 0x00,
  0x00, 0x00, 0x00, 0x00, 0x34, 0xFF, 0x35, 0x00, 0x00, 0x00, 0x00, 0x00, 0x00, 0x00, 0x00, 0x00, 0x00, 0x00, 0x00, 0x82, 0xE5, 0x01, 0x00, 0x00,
  0x00, 0x00, 0x00, 0x00, 0x00, 0x00, 0x00, 0x00, 0x00, 0x00, 0xD1, 0x98, 0x00, 0x00, 0x00, 0x00, 0x00, 0x00, 0x00, 0x00, 0x00, 0x00, 0x00, 0x00,
  0x1F, 0xFF, 0x4A, 0x00, 0x00, 0x00, 0x00, 0x00, 0x00, 0x00, 0x00, 0x00, 0x00, 0x00, 0x00, 0x6E, 0xF4, 0x07, 0x00, 0x00, 0x00, 0x00, 0x00, 0x00,
  0x00, 0x00, 0x00, 0x00, 0x00, 0x00, 0xBD, 0xAD, 0x00, 0x00, 0x00, 0x00, 0x00, 0x00, 0x00, 0x00, 0x00, 0x00, 0x00, 0x00, 0x10, 0xFB, 0x5F, 0x00,
  0x00, 0x00, 0x00, 0x00, 0x00, 0x00, 0x00, 0x00, 0x00, 0x00, 0x00, 0x5A, 0xFC, 0x14, 0x00, 0x00, 0x00, 0x00, 0x00, 0x00, 0x00, 0x00, 0x00, 0x00,
  0x00, 0x00, 0xA9, 0xC3, 0x00, 0x00, 0x00, 0x00, 0x00, 0x00, 0x00, 0x00, 0x00, 0x00, 0x00, 0x00, 0x00, 0x2A, 0xA4, 0xE1, 0xE1, 0xE3, 0xB4, 0x44,
  0x00, 0x00, 0x00, 0x00, 0x00, 0x00, 0x00, 0x46, 0xF1, 0x6F, 0x09, 0x00, 0x05, 0x60, 0xF3, 0x69, 0x00, 0x00, 0x00, 0x00, 0x00, 0x10, 0xEB, 0x64,
  0x00, 0x00, 0x00, 0x00, 0x00, 0x58, 0xF7, 0x1D, 0x00, 0x00, 0x00, 0x00, 0x6C, 0xE0, 0x02, 0x00, 0x00, 0x00, 0x00, 0x00, 0x01, 0xDB, 0x7D, 0x00,
  0x00, 0x00, 0x00, 0xAF, 0xA0, 0x00, 0x00, 0x00, 0x00, 0x00, 0x00, 0x00, 0x9D, 0xB9, 0x00, 0x00, 0x00, 0x00, 0xD3, 0x85, 0x00, 0x00, 0x00, 0x00,
  0x00, 0x00, 0x00, 0x86, 0xD6, 0x00, 0x00, 0x00, 0x00, 0xDF, 0x75, 0x00, 0x00, 0x00, 0x00, 0x00, 0x00, 0x00, 0x76, 0xDF, 0x00, 0x00, 0x00, 0x00,
  0xCF, 0x89, 0x00, 0x00, 0x00, 0x00, 0x00, 0x00, 0x00, 0x89, 0xCF, 0x00, 0x00, 0x00, 0x00, 0xB5, 0xA9, 0x00, 0x00, 0x00, 0x00, 0x00, 0x00, 0x00,
  0xA6, 0xB0, 0x00, 0x00, 0x00, 0x00, 0x70, 0xF2, 0x09, 0x00, 0x00, 0x00, 0x00, 0x00, 0x05, 0xE8, 0x6F, 0x00, 0x00, 0x00, 0x00, 0x18, 0xF3, 0x71,
  0x00, 0x00, 0x00, 0x00, 0x00, 0x73, 0xF1, 0x16, 0x00, 0x00, 0x00, 0x00, 0x00, 0x4C, 0xED, 0x82, 0x20, 0x06, 0x1F, 0x83, 0xEC, 0x46, 0x00, 0x00,
  0x00, 0x00, 0x00, 0x00, 0x00, 0x54, 0xEE, 0xFF, 0xFF, 0xFF, 0xEA, 0x58, 0x00, 0x00, 0x00, 0x00, 0x00, 0x00, 0x01, 0x9D, 0xF1, 0x6D, 0x1C, 0x06,
  0x19, 0x65, 0xEA, 0xA9, 0x04, 0x00, 0x00, 0x00, 0x00, 0x5F, 0xFB, 0x37, 0x00, 0x00, 0x00, 0x00, 0x00, 0x2C, 0xF9, 0x6F, 0x00, 0x00, 0x00, 0x00,
  0xBA, 0xA7, 0x00, 0x00, 0x00, 0x00, 0x00, 0x00, 0x00, 0xA4, 0xD3, 0x00, 0x00, 0x00, 0x02, 0xF8, 0x64, 0x00, 0x00, 0x00, 0x00, 0x00, 0x00, 0x00,
  0x66, 0xFD, 0x04, 0x00, 0x00, 0x11, 0xFF, 0x4A, 0x00, 0x00, 0x00, 0x00, 0x00, 0x00, 0x00, 0x50, 0xFF, 0x13, 0x00, 0x00, 0x1C, 0xFF, 0x39, 0x00,
  0x00, 0x00, 0x00, 0x00, 0x00, 0x00, 0x41, 0xFF, 0x1C, 0x00, 0x00, 0x12, 0xFF, 0x4A, 0x00, 0x00, 0x00, 0x00, 0x00, 0x00, 0x00, 0x52, 0xFF, 0x10,
  0x00, 0x00, 0x00, 0xF3, 0x64, 0x00, 0x00, 0x00, 0x00, 0x00, 0x00, 0x00, 0x69, 0xEE, 0x00, 0x00, 0x00, 0x00, 0xB7, 0xA4, 0x00, 0x00, 0x00, 0x00,
  0x00, 0x00, 0x00, 0xA6, 0xB0, 0x00, 0x00, 0x00, 0x00, 0x4D, 0xFA, 0x2B, 0x00, 0x00, 0x00, 0x00, 0x00, 0x28, 0xF9, 0x45, 0x00, 0x00, 0x00, 0x00,
  0x00, 0x93, 0xE6, 0x51, 0x04, 0x00, 0x03, 0x49, 0xE1, 0x88, 0x00, 0x00, 0x00, 0x00, 0x00, 0x00, 0x00, 0x52, 0xB9, 0xE3, 0xE0, 0xE1, 0xB6, 0x4B,
  0x00, 0x00, 0x00, 0x00, 0x00, 0x00, 0x00, 0x00, 0x4B, 0xB8, 0xE2, 0xE0, 0xDB, 0x9E, 0x25, 0x00, 0x00, 0x00, 0x00, 0x00, 0x00, 0x00, 0x7D, 0xE9,
  0x50, 0x02, 0x00, 0x0D, 0x7F, 0xEC, 0x30, 0x00, 0x00, 0x00, 0x00, 0x00, 0x3B, 0xFB, 0x33, 0x00, 0x00, 0x00, 0x00, 0x00, 0x86, 0xCB, 0x01, 0x00,
  0x00, 0x00, 0x00, 0xAB, 0xAE, 0x00, 0x00, 0x00, 0x00, 0x00, 0x00, 0x13, 0xFA, 0x33, 0x00, 0x00, 0x00, 0x00, 0xED, 0x65, 0x00, 0x00, 0x00, 0x00,
  0x00, 0x00, 0x00, 0xCB, 0x74, 0x00, 0x00, 0x00, 0x0B, 0xFF, 0x40, 0x00, 0x00, 0x00, 0x00, 0x00, 0x00, 0x00, 0xAE, 0x96, 0x00, 0x00, 0x00, 0x20,
  0xFF, 0x2F, 0x00, 0x00, 0x00, 0x00, 0x00, 0x00, 0x00, 0x9B, 0xA8, 0x00, 0x00, 0x00, 0x2F, 0xFF, 0x23, 0x00, 0x00, 0x00, 0x00, 0x00, 0x00, 0x00,
  0x9C, 0xAF, 0x00, 0x00, 0x00, 0x22, 0xFF, 0x2E, 0x00, 0x00, 0x00, 0x00, 0x00, 0x00, 0x00, 0xA9, 0xB7, 0x00, 0x00, 0x00, 0x12, 0xFF, 0x3D, 0x00,
  0x00, 0x00, 0x00, 0x00, 0x00, 0x00, 0xBB, 0xBE, 0x00, 0x00, 0x00, 0x02, 0xF4, 0x64, 0x00, 0x00, 0x00, 0x00, 0x00, 0x00, 0x00, 0xE5, 0xC0, 0x00,
  0x00, 0x00, 0x00, 0xBC, 0xB0, 0x00, 0x00, 0x00, 0x00, 0x00, 0x00, 0x38, 0xFF, 0xC0, 0x00, 0x00, 0x00, 0x00, 0x58, 0xFD, 0x3B, 0x00, 0x00, 0x00,
  0x00, 0x05, 0xC3, 0xD0, 0xC0, 0x00, 0x00, 0x00, 0x00, 0x00, 0xAC, 0xEE, 0x60, 0x14, 0x0B, 0x3A, 0xBE, 0x91, 0x8C, 0xC0, 0x00, 0x00, 0x00, 0x00,
  0x00, 0x03, 0x71, 0xD0, 0xF3, 0xF1, 0xC9, 0x5E, 0x00, 0x8C, 0xC0, 0x00, 0x00, 0x00, 0x00, 0x00, 0x00, 0x00, 0x00, 0x00, 0x00, 0x00, 0x00, 0x00,
  0x8D, 0xBC, 0x00, 0x00, 0x00, 0x00, 0x00, 0x00, 0x00, 0x00, 0x00, 0x00, 0x00, 0x00, 0x00, 0x93, 0xB7, 0x00, 0x00, 0x00, 0x00, 0x00, 0x00, 0x00,
  0x00, 0x00, 0x00, 0x00, 0x00, 0x00, 0x9A, 0xAE, 0x00, 0x00, 0x00, 0x00, 0x00, 0x00, 0x00, 0x00, 0x00, 0x00, 0x00, 0x00, 0x00, 0xAD, 0x9D, 0x00,
  0x00, 0x00, 0x00, 0x5B, 0x2D, 0x00, 0x00, 0x00, 0x00, 0x00, 0x00, 0x00, 0xC7, 0x82, 0x00, 0x00, 0x00, 0x00, 0xDF, 0x85, 0x00, 0x00, 0x00, 0x00,
  0x00, 0x00, 0x01, 0xF3, 0x57, 0x00, 0x00, 0x00, 0x00, 0xBD, 0xAB, 0x00, 0x00, 0x00, 0x00, 0x00, 0x00, 0x3C, 0xFB, 0x14, 0x00, 0x00, 0x00, 0x00,
  0x73, 0xF8, 0x16, 0x00, 0x00, 0x00, 0x00, 0x00, 0xB1, 0xA5, 0x00, 0x00, 0x00, 0x00, 0x00, 0x0B, 0xD6, 0xC7, 0x2B, 0x00, 0x00, 0x17, 0x96, 0xDA,
  0x17, 0x00, 0x00, 0x00, 0x00, 0x00, 0x00, 0x11, 0x88, 0xD5, 0xE3, 0xDF, 0xD8, 0x8A, 0x13, 0x00, 0x00, 0x00, 0x00, 0x00, 0x00, 0x04, 0xFF, 0x7C,
  0x00, 0x00, 0x00, 0x00, 0x04, 0xFF, 0x7C, 0x00, 0x00, 0x00, 0xA4, 0xFF, 0xFF, 0xFF, 0xFF, 0xFF, 0x7C, 0x00, 0x00, 0x00, 0x00, 0x00, 0x00, 0x00,
  0x00, 0x00, 0x00, 0x00, 0x00, 0x00, 0x00, 0x00, 0x00, 0x00, 0x00, 0x00, 0x00, 0x00, 0x00, 0x00, 0x00, 0x00, 0x00, 0x00, 0x00, 0x00, 0x00, 0x00,
  0x00, 0x00, 0x00, 0x00, 0x00, 0x00, 0x00, 0x00, 0x00, 0x00, 0x00, 0x00, 0x00, 0x00, 0x00, 0x00, 0x00, 0x00, 0x00, 0x00, 0x00, 0x00, 0x00, 0x00,
  0x00, 0x00, 0x00, 0x00, 0x00, 0x00, 0x00, 0x00, 0x00, 0x00, 0x00, 0x00, 0x00, 0x00, 0x00, 0x00, 0x00, 0x00, 0x00, 0x00, 0x00, 0x00, 0x00, 0x00,
  0x00, 0x00, 0x00, 0x00, 0x00, 0x00, 0x00, 0x00, 0x00, 0x00, 0x00, 0x13, 0xFB, 0x21, 0x00, 0x00, 0x00, 0x00, 0x00, 0x00, 0x00, 0x00, 0x65, 0xCB,
  0x00, 0x00, 0x00, 0x00, 0x00, 0x00, 0x00, 0x00, 0x00, 0xBB, 0x75, 0x00, 0x00, 0x00, 0x00, 0x00, 0x00, 0x00, 0x00, 0x14, 0xFB, 0x20, 0x00, 0x00,
  0x00, 0x00, 0x00, 0x00, 0x00, 0x00, 0x67, 0xCA, 0x00, 0x00, 0x00, 0x00, 0x00, 0x00, 0x00, 0x00, 0x00, 0xBD, 0x74, 0x00, 0x00, 0x00, 0x00, 0x00,
  0x00, 0x00, 0x00, 0x16, 0xFB, 0x20, 0x00, 0x00, 0x00, 0x00, 0x00, 0x00, 0x00, 0x00, 0x69, 0xC9, 0x00, 0x00, 0x00, 0x00, 0x00, 0x00, 0x00, 0x00,
  0x00, 0xBF, 0x74, 0x00, 0x00, 0x00, 0x00, 0x00, 0x00, 0x00, 0x00, 0x17, 0xFC, 0x1F, 0x00, 0x00, 0x00, 0x00, 0x00, 0x00, 0x00, 0x00, 0x6B, 0xC8,
  0x00, 0x00, 0x00, 0x00, 0x00, 0x00, 0x00, 0x00, 0x00, 0xC1, 0x73, 0x00, 0x00, 0x00, 0x00, 0x00, 0x00, 0x00, 0x00, 0x18, 0xFC, 0x1E, 0x00, 0x00,
  0x00, 0x00, 0x00, 0x00, 0x00, 0x00, 0x6C, 0xC8, 0x00, 0x00, 0x00, 0x00, 0x00, 0x00, 0x00, 0x00, 0x00, 0xC2, 0x72, 0x00, 0x00, 0x00, 0x00, 0x00,
  0x00, 0x00, 0x00, 0x19, 0xFC, 0x1D, 0x00, 0x00, 0x00, 0x00, 0x00, 0x00, 0x00, 0x00, 0x6E, 0xC7, 0x00, 0x00, 0x00, 0x00, 0x00, 0x00, 0x00, 0x00,
  0x00, 0xC4, 0x71, 0x00, 0x00, 0x00, 0x00, 0x00, 0x00, 0x00, 0x00, 0x1B, 0xFD, 0x1D, 0x00, 0x00, 0x00, 0x00, 0x00, 0x00, 0x00, 0x00, 0x70, 0xC6,
  0x00, 0x00, 0x00, 0x00, 0x00, 0x00, 0x00, 0x00, 0x00, 0xC6, 0x70, 0x00, 0x00, 0x00, 0x00, 0x00, 0x00, 0x00, 0x00, 0x1C, 0xFD, 0x1C, 0x00, 0x00,
  0x00, 0x00, 0x00, 0x00, 0x00, 0x00, 0x72, 0xC5, 0x00, 0x00, 0x00, 0x00, 0x00, 0x00, 0x00, 0x00, 0x00, 0xC8, 0x70, 0x00, 0x00, 0x00, 0x00, 0x00,
  0x00, 0x00, 0x00, 0x1E, 0xFD, 0x1C, 0x00, 0x00, 0x00, 0x00, 0x00, 0x00, 0x00, 0x00, 0x00, 0x00, 0x04, 0x85, 0xDD, 0xE4, 0xE5, 0xC9, 0x58, 0x00,
  0x00, 0x00, 0x00, 0x00, 0x90, 0xE9, 0x33, 0x00, 0x02, 0x63, 0xFE, 0x4C, 0x00, 0x00, 0x00, 0x05, 0xF4, 0x77, 0x00, 0x00, 0x00, 0x00, 0xB8, 0xBA,
  0x00, 0x00, 0x00, 0x20, 0xFF, 0x33, 0x00, 0x00, 0x00, 0x00, 0x75, 0xE9, 0x00, 0x00, 0x00, 0x34, 0xF4, 0x1A, 0x00, 0x00, 0x00, 0x00, 0x5E, 0xFB,
  0x00, 0x00, 0x00, 0x00, 0x00, 0x00, 0x00, 0x00, 0x00, 0x00, 0x5A, 0xFD, 0x02, 0x00, 0x00, 0x00, 0x00, 0x00, 0x00, 0x00, 0x00, 0x00, 0x6B, 0xEC,
  0x00, 0x00, 0x00, 0x00, 0x00, 0x00, 0x00, 0x00, 0x00, 0x00, 0x95, 0xC0, 0x00, 0x00, 0x00, 0x00, 0x00, 0x00, 0x00, 0x00, 0x00, 0x00, 0xD8, 0x7A,
  0x00, 0x00, 0x00, 0x00, 0x00, 0x00, 0x00, 0x00, 0x00, 0x40, 0xFB, 0x1A, 0x00, 0x00, 0x00, 0x00, 0x00, 0x00, 0x00, 0x00, 0x00, 0xC2, 0xA1, 0x00,
  0x00, 0x00, 0x00, 0x00, 0x00, 0x00, 0x00, 0x00, 0x4B, 0xFA, 0x21, 0x00, 0x00, 0x00, 0x00, 0x00, 0x00, 0x00, 0x00, 0x00, 0xC6, 0xA7, 0x00, 0x00,
  0x00, 0x00, 0x00, 0x00, 0x00, 0x00, 0x00, 0x25, 0xFF, 0x3E, 0x00, 0x00, 0x00, 0x00, 0x00, 0x00, 0x00, 0x00, 0x00, 0x66, 0xE0, 0x00, 0x00, 0x00,
  0x00, 0x00, 0x00, 0x00, 0x00, 0x00, 0x00, 0x97, 0xA8, 0x00, 0x00, 0x00, 0x00, 0x00, 0x00, 0x00, 0x00, 0x00, 0x00, 0xB1, 0x8E, 0x00, 0x00, 0x00,
  0x00, 0x00, 0x00, 0x00, 0x00, 0x00, 0x00, 0xBA, 0x81, 0x00, 0x00, 0x00, 0x00, 0x00, 0x00, 0x00, 0x00, 0x00, 0x00, 0xA1, 0x6E, 0x00, 0x00, 0x00,
  0x00, 0x00, 0x00, 0x00, 0x00, 0x00, 0x00, 0x00, 0x00, 0x00, 0x00, 0x00, 0x00, 0x00, 0x00, 0x00, 0x00, 0x00, 0x00, 0x00, 0x00, 0x00, 0x00, 0x00,
  0x00, 0x00, 0x00, 0x00, 0x00, 0x00, 0x00, 0x00, 0x00, 0x00, 0x00, 0x00, 0x00, 0x00, 0x00, 0x00, 0x00, 0x00, 0x00, 0x52, 0x3C, 0x00, 0x00, 0x00,
  0x00, 0x00, 0x00, 0x00, 0x00, 0x00, 0x00, 0xDC, 0xA0, 0x00, 0x00, 0x00, 0x00, 0x00, 0x00, 0x00, 0x00, 0x00, 0x00, 0xDC, 0xA0, 0x00, 0x00, 0x00,
  0x00, 0x00,
};

static const BitmapGlyph GLYPHS[] = {
  {0x20, 0, 0, 0, 0, 0, 0, 2},
  {0x41, 0, 24, 4, 6, 0, -6, 4},
  {0x42, 24, 24, 4, 6, 0, -6, 4},
  {0x43, 48, 28, 4, 7, 0, -6, 4},
  {0x44, 76, 24, 4, 6, 0, -6, 4},
  {0x45, 100, 24, 4, 6, 0, -6, 3},
  {0x46, 124, 18, 3, 6, 0, -6, 3},
  {0x47, 142, 28, 4, 7, 0, -6, 4},
  {0x48, 170, 24, 4, 6, 0, -6, 4},
  {0x49, 194, 12, 2, 6, 0, -6, 2},
  {0x4A, 206, 21, 3, 7, 0, -6, 3},
  {0x4B, 227, 24, 4, 6, 0, -6, 4},
  {0x4C, 251, 18, 3, 6, 0, -6, 3},
  {0x4D, 269, 36, 6, 6, 0, -6, 6},
  {0x4E, 305, 30, 5, 6, 0, -6, 5},
  {0x4F, 335, 28, 4, 7, 0, -6, 4},
  {0x50, 363, 24, 4, 6, 0, -6, 4},
  {0x51, 387, 35, 5, 7, 0, -6, 4},
  {0x52, 422, 24, 4, 6, 0, -6, 4},
  {0x53, 446, 28, 4, 7, 0, -6, 4},
  {0x54, 474, 24, 4, 6, 0, -6, 3},
  {0x55, 498, 28, 4, 7, 0, -6, 4},
  {0x56, 526, 24, 4, 6, 0, -6, 4},
  {0x57, 550, 42, 7, 6, 0, -6, 6},
  {0x58, 592, 24, 4, 6, 0, -6, 4},
  {0x59, 616, 24, 4, 6, 0, -6, 4},
  {0x5A, 640, 24, 4, 6, 0, -6, 3},
  {0x61, 664, 18, 3, 6, 0, -5, 3},
  {0x62, 682, 28, 4, 7, 0, -6, 4},
  {0x63, 710, 18, 3, 6, 0, -5, 3},
  {0x64, 728, 28, 4, 7, 0, -6, 4},
  {0x65, 756, 18, 3, 6, 0, -5, 3},
  {0x66, 774, 12, 2, 6, 0, -6, 2},
  {0x67, 786, 28, 4, 7, 0, -5, 4},
  {0x68, 814, 24, 4, 6, 0, -6, 4},
  {0x69, 838, 12, 2, 6, 0, -6, 2},
  {0x6A, 850, 24, 3, 8, -1, -6, 2},
  {0x6B, 874, 18, 3, 6, 0, -6, 3},
  {0x6C, 892, 12, 2, 6, 0, -6, 2},
  {0x6D, 904, 25, 5, 5, 0, -5, 5},
  {0x6E, 929, 20, 4, 5, 0, -5, 4},
  {0x6F, 949, 18, 3, 6, 0, -5, 3},
  {0x70, 967, 28, 4, 7, 0, -5, 4},
  {0x71, 995, 28, 4, 7, 0, -5, 4},
  {0x72, 1023, 10, 2, 5, 0, -5, 2},
  {0x73, 1033, 18, 3, 6, 0, -5, 3},
  {0x74, 1051, 12, 2, 6, 0, -5, 2},
  {0x75, 1063, 24, 4, 6, 0, -5, 4},
  {0x76, 1087, 15, 3, 5, 0, -5, 3},
  {0x77, 1102, 25, 5, 5, 0, -5, 5},
  {0x78, 1127, 15, 3, 5, 0, -5, 3},
  {0x79, 1142, 21, 3, 7, 0, -5, 3},
  {0x7A, 1163, 15, 3, 5, 0, -5, 3},
  {0x30, 1178, 28, 4, 7, 0, -6, 4},
  {0x31, 1206, 24, 4, 6, 0, -6, 4},
  {0x32, 1230, 24, 4, 6, 0, -6, 4},
  {0x33, 1254, 28, 4, 7, 0, -6, 4},
  {0x34, 1282, 24, 4, 6, 0, -6, 4},
  {0x35, 1306, 28, 4, 7, 0, -6, 4},
  {0x36, 1334, 28, 4, 7, 0, -6, 4},
  {0x37, 1362, 24, 4, 6, 0, -6, 4},
  {0x38, 1386, 28, 4, 7, 0, -6, 4},
  {0x39, 1414, 28, 4, 7, 0, -6, 4},
  {0x2E, 1442, 2, 2, 1, 0, -1, 2},
  {0x2D, 1444, 6, 2, 3, 0, -3, 2},
  {0x2F, 1450, 21, 3, 7, 0, -6, 3},
  {0x3F, 1471, 18, 3, 6, 0, -6, 3},
  {0x20, 1489, 0, 0, 0, 0, 0, 3},
  {0x41, 1489, 96, 8, 12, 0, -12, 8},
  {0x42, 1585, 96, 8, 12, 0, -12, 8},
  {0x43, 1681, 96, 8, 12, 0, -12, 8},
  {0x44, 1777, 108, 9, 12, 0, -12, 9},
  {0x45, 1885, 84, 7, 12, 0, -12, 7},
  {0x46, 1969, 72, 6, 12, 0, -12, 6},
  {0x47, 2041, 96, 8, 12, 0, -12, 8},
  {0x48, 2137, 108, 9, 12, 0, -12, 9},
  {0x49, 2245, 36, 3, 12, 0, -12, 3},
  {0x4A, 2281, 84, 7, 12, 0, -12, 7},
  {0x4B, 2365, 96, 8, 12, 0, -12, 7},
  {0x4C, 2461, 72, 6, 12, 0, -12, 6},
  {0x4D, 2533, 144, 12, 12, 0, -12, 12},
  {0x4E, 2677, 120, 10, 12, 0, -12, 10},
  {0x4F, 2797, 108, 9, 12, 0, -12, 9},
  {0x50, 2905, 84, 7, 12, 0, -12, 7},
  {0x51, 2989, 108, 9, 12, 0, -12, 9},
  {0x52, 3097, 96, 8, 12, 0, -12, 8},
  {0x53, 3193, 84, 7, 12, 0, -12, 7},
  {0x54, 3277, 84, 7, 12, 0, -12, 6},
  {0x55, 3361, 108, 9, 12, 0, -12, 9},
  {0x56, 3469, 96, 8, 12, 0, -12, 8},
  {0x57, 3565, 156, 13, 12, 0, -12, 13},
  {0x58, 3721, 96, 8, 12, 0, -12, 7},
  {0x59, 3817, 96, 8, 12, 0, -12, 7},
  {0x5A, 3913, 84, 7, 12, 0, -12, 7},
  {0x61, 3997, 56, 7, 8, 0, -8, 7},
  {0x62, 4053, 84, 7, 12, 0, -12, 7},
  {0x63, 4137, 48, 6, 8, 0, -8, 6},
  {0x64, 4185, 84, 7, 12, 0, -12, 7},
  {0x65, 4269, 56, 7, 8, 0, -8, 7},
  {0x66, 4325, 48, 4, 12, 0, -12, 4},
  {0x67, 4373, 77, 7, 11, 0, -8, 7},
  {0x68, 4450, 84, 7, 12, 0, -12, 7},
  {0x69, 4534, 33, 3, 11, 0, -11, 3},
  {0x6A, 4567, 56, 4, 14, -1, -11, 3},
  {0x6B, 4623, 72, 6, 12, 0, -12, 6},
  {0x6C, 4695, 36, 3, 12, 0, -12, 3},
  {0x6D, 4731, 88, 11, 8, 0, -8, 11},
  {0x6E, 4819, 56, 7, 8, 0, -8, 7},
  {0x6F, 4875, 56, 7, 8, 0, -8, 7},
  {0x70, 4931, 77, 7, 11, 0, -8, 7},
  {0x71, 5008, 77, 7, 11, 0, -8, 7},
  {0x72, 5085, 32, 4, 8, 0, -8, 4},
  {0x73, 5117, 48, 6, 8, 0, -8, 6},
  {0x74, 5165, 40, 4, 10, 0, -10, 4},
  {0x75, 5205, 56, 7, 8, 0, -8, 7},
  {0x76, 5261, 48, 6, 8, 0, -8, 6},
  {0x77, 5309, 80, 10, 8, 0, -8, 10},
  {0x78, 5389, 48, 6, 8, 0, -8, 6},
  {0x79, 5437, 66, 6, 11, 0, -8, 6},
  {0x7A, 5503, 40, 5, 8, 0, -8, 5},
  {0x30, 5543, 84, 7, 12, 0, -12, 7},
  {0x31, 5627, 84, 7, 12, 0, -12, 7},
  {0x32, 5711, 84, 7, 12, 0, -12, 7},
  {0x33, 5795, 84, 7, 12, 0, -12, 7},
  {0x34, 5879, 84, 7, 12, 0, -12, 7},
  {0x35, 5963, 84, 7, 12, 0, -12, 7},
  {0x36, 6047, 84, 7, 12, 0, -12, 7},
  {0x37, 6131, 84, 7, 12, 0, -12, 7},
  {0x38, 6215, 84, 7, 12, 0, -12, 7},
  {0x39, 6299, 84, 7, 12, 0, -12, 7},
  {0x2E, 6383, 4, 4, 1, 0, -1, 4},
  {0x2D, 6387, 20, 4, 5, 0, -5, 4},
  {0x2F, 6407, 60, 5, 12, 0, -12, 5},
  {0x3F, 6467, 72, 6, 12, 0, -12, 6},
  {0x20, 6539, 0, 0, 0, 0, 0, 6},
  {0x41, 6539, 300, 15, 20, 0, -20, 15},
  {0x42, 6839, 280, 14, 20, 0, -20, 14},
  {0x43, 7119, 280, 14, 20, 0, -20, 14},
  {0x44, 7399, 300, 15, 20, 0, -20, 15},
  {0x45, 7699, 240, 12, 20, 0, -20, 12},
  {0x46, 7939, 220, 11, 20, 0, -20, 11},
  {0x47, 8159, 300, 15, 20, 0, -20, 15},
  {0x48, 8459, 300, 15, 20, 0, -20, 15},
  {0x49, 8759, 120, 6, 20, 0, -20, 6},
  {0x4A, 8879, 240, 12, 20, 0, -20, 12},
  {0x4B, 9119, 260, 13, 20, 0, -20, 13},
  {0x4C, 9379, 220, 11, 20, 0, -20, 11},
  {0x4D, 9599, 420, 21, 20, 0, -20, 21},
  {0x4E, 10019, 340, 17, 20, 0, -20, 17},
  {0x4F, 10359, 300, 15, 20, 0, -20, 15},
  {0x50, 10659, 240, 12, 20, 0, -20, 12},
  {0x51, 10899, 300, 15, 20, 0, -20, 15},
  {0x52, 11199, 280, 14, 20, 0, -20, 14},
  {0x53, 11479, 260, 13, 20, 0, -20, 13},
  {0x54, 11739, 220, 11, 20, 0, -20, 11},
  {0x55, 11959, 300, 15, 20, 0, -20, 15},
  {0x56, 12259, 260, 13, 20, 0, -20, 13},
  {0x57, 12519, 440, 22, 20, 0, -20, 22},
  {0x58, 12959, 260, 13, 20, 0, -20, 13},
  {0x59, 13219, 260, 13, 20, 0, -20, 13},
  {0x5A, 13479, 240, 12, 20, 0, -20, 12},
  {0x61, 13719, 168, 12, 14, 0, -14, 12},
  {0x62, 13887, 260, 13, 20, 0, -20, 13},
  {0x63, 14147, 154, 11, 14, 0, -14, 11},
  {0x64, 14301, 260, 13, 20, 0, -20, 13},
  {0x65, 14561, 168, 12, 14, 0, -14, 12},
  {0x66, 14729, 140, 7, 20, 0, -20, 7},
  {0x67, 14869, 247, 13, 19, 0, -14, 13},
  {0x68, 15116, 260, 13, 20, 0, -20, 13},
  {0x69, 15376, 100, 5, 20, 0, -20, 5},
  {0x6A, 15476, 150, 6, 25, -1, -20, 5},
  {0x6B, 15626, 220, 11, 20, 0, -20, 11},
  {0x6C, 15846, 100, 5, 20, 0, -20, 5},
  {0x6D, 15946, 266, 19, 14, 0, -14, 19},
  {0x6E, 16212, 182, 13, 14, 0, -14, 13},
  {0x6F, 16394, 168, 12, 14, 0, -14, 12},
  {0x70, 16562, 247, 13, 19, 0, -14, 13},
  {0x71, 16809, 247, 13, 19, 0, -14, 13},
  {0x72, 17056, 98, 7, 14, 0, -14, 7},
  {0x73, 17154, 140, 10, 14, 0, -14, 10},
  {0x74, 17294, 119, 7, 17, 0, -17, 7},
  {0x75, 17413, 182, 13, 14, 0, -14, 13},
  {0x76, 17595, 154, 11, 14, 0, -14, 11},
  {0x77, 17749, 252, 18, 14, 0, -14, 18},
  {0x78, 18001, 140, 10, 14, 0, -14, 10},
  {0x79, 18141, 209, 11, 19, 0, -14, 11},
  {0x7A, 18350, 126, 9, 14, 0, -14, 9},
  {0x30, 18476, 240, 12, 20, 0, -20, 12},
  {0x31, 18716, 240, 12, 20, 0, -20, 12},
  {0x32, 18956, 240, 12, 20, 0, -20, 12},
  {0x33, 19196, 240, 12, 20, 0, -20, 12},
  {0x34, 19436, 240, 12, 20, 0, -20, 12},
  {0x35, 19676, 240, 12, 20, 0, -20, 12},
  {0x36, 19916, 240, 12, 20, 0, -20, 12},
  {0x37, 20156, 240, 12, 20, 0, -20, 12},
  {0x38, 20396, 240, 12, 20, 0, -20, 12},
  {0x39, 20636, 240, 12, 20, 0, -20, 12},
  {0x2E, 20876, 12, 6, 2, 0, -2, 6},
  {0x2D, 20888, 56, 7, 8, 0, -8, 7},
  {0x2F, 20944, 180, 9, 20, 0, -20, 9},
  {0x3F, 21124, 200, 10, 20, 0, -20, 10},
  {0x20, 21324, 0, 0, 0, 0, 0, 7},
  {0x41, 21324, 450, 18, 25, 0, -25, 18},
  {0x42, 21774, 425, 17, 25, 0, -25, 17},
  {0x43, 22199, 425, 17, 25, 0, -25, 17},
  {0x44, 22624, 450, 18, 25, 0, -25, 18},
  {0x45, 23074, 375, 15, 25, 0, -25, 15},
  {0x46, 23449, 325, 13, 25, 0, -25, 13},
  {0x47, 23774, 450, 18, 25, 0, -25, 18},
  {0x48, 24224, 475, 19, 25, 0, -25, 19},
  {0x49, 24699, 175, 7, 25, 0, -25, 7},
  {0x4A, 24874, 350, 14, 25, 0, -25, 14},
  {0x4B, 25224, 400, 16, 25, 0, -25, 16},
  {0x4C, 25624, 325, 13, 25, 0, -25, 13},
  {0x4D, 25949, 650, 26, 25, 0, -25, 26},
  {0x4E, 26599, 500, 20, 25, 0, -25, 20},
  {0x4F, 27099, 450, 18, 25, 0, -25, 18},
  {0x50, 27549, 375, 15, 25, 0, -25, 15},
  {0x51, 27924, 450, 18, 25, 0, -25, 18},
  {0x52, 28374, 425, 17, 25, 0, -25, 17},
  {0x53, 28799, 400, 16, 25, 0, -25, 16},
  {0x54, 29199, 350, 14, 25, 0, -25, 14},
  {0x55, 29549, 475, 19, 25, 0, -25, 19},
  {0x56, 30024, 400, 16, 25, 0, -25, 16},
  {0x57, 30424, 675, 27, 25, 0, -25, 27},
  {0x58, 31099, 400, 16, 25, 0, -25, 16},
  {0x59, 31499, 400, 16, 25, 0, -25, 15},
  {0x5A, 31899, 350, 14, 25, 0, -25, 14},
  {0x61, 32249, 255, 15, 17, 0, -17, 15},
  {0x62, 32504, 375, 15, 25, 0, -25, 15},
  {0x63, 32879, 221, 13, 17, 0, -17, 13},
  {0x64, 33100, 375, 15, 25, 0, -25, 15},
  {0x65, 33475, 238, 14, 17, 0, -17, 14},
  {0x66, 33713, 225, 9, 25, 0, -25, 9},
  {0x67, 33938, 360, 15, 24, 0, -17, 15},
  {0x68, 34298, 375, 15, 25, 0, -25, 15},
  {0x69, 34673, 144, 6, 24, 0, -24, 6},
  {0x6A, 34817, 217, 7, 31, -1, -24, 6},
  {0x6B, 35034, 325, 13, 25, 0, -25, 13},
  {0x6C, 35359, 150, 6, 25, 0, -25, 6},
  {0x6D, 35509, 391, 23, 17, 0, -17, 23},
  {0x6E, 35900, 255, 15, 17, 0, -17, 15},
  {0x6F, 36155, 255, 15, 17, 0, -17, 15},
  {0x70, 36410, 360, 15, 24, 0, -17, 15},
  {0x71, 36770, 360, 15, 24, 0, -17, 15},
  {0x72, 37130, 153, 9, 17, 0, -17, 9},
  {0x73, 37283, 204, 12, 17, 0, -17, 12},
  {0x74, 37487, 189, 9, 21, 0, -21, 9},
  {0x75, 37676, 255, 15, 17, 0, -17, 15},
  {0x76, 37931, 221, 13, 17, 0, -17, 13},
  {0x77, 38152, 374, 22, 17, 0, -17, 22},
  {0x78, 38526, 204, 12, 17, 0, -17, 12},
  {0x79, 38730, 312, 13, 24, 0, -17, 13},
  {0x7A, 39042, 187, 11, 17, 0, -17, 11},
  {0x30, 39229, 375, 15, 25, 0, -25, 15},
  {0x31, 39604, 375, 15, 25, 0, -25, 15},
  {0x32, 39979, 375, 15, 25, 0, -25, 15},
  {0x33, 40354, 375, 15, 25, 0, -25, 15},
  {0x34, 40729, 375, 15, 25, 0, -25, 15},
  {0x35, 41104, 375, 15, 25, 0, -25, 15},
  {0x36, 41479, 375, 15, 25, 0, -25, 15},
  {0x37, 41854, 375, 15, 25, 0, -25, 15},
  {0x38, 42229, 375, 15, 25, 0, -25, 15},
  {0x39, 42604, 375, 15, 25, 0, -25, 15},
  {0x2E, 42979, 14, 7, 2, 0, -2, 7},
  {0x2D, 42993, 90, 9, 10, 0, -10, 9},
  {0x2F, 43083, 275, 11, 25, 0, -25, 11},
  {0x3F, 43358, 300, 12, 25, 0, -25, 12},
};

static const FontSize SIZES[] = {
  {8, 0, 67},
  {16, 67, 67},
  {28, 134, 67},
  {34, 201, 67},
};

static constexpr size_t SIZE_COUNT = sizeof(SIZES) / sizeof(SIZES[0]);

inline const FontSize *findFontSize(uint16_t pixel_size) {
  for (size_t index = 0; index < SIZE_COUNT; ++index) {
    if (SIZES[index].pixel_size == pixel_size) return &SIZES[index];
  }
  return &SIZES[0];
}

inline const BitmapGlyph *findGlyph(uint16_t pixel_size, uint32_t codepoint) {
  const FontSize *size = findFontSize(pixel_size);
  const BitmapGlyph *fallback = nullptr;
  for (uint16_t index = 0; index < size->glyph_count; ++index) {
    const BitmapGlyph *glyph = &GLYPHS[size->first_glyph + index];
    if (glyph->codepoint == static_cast<uint32_t>('?')) fallback = glyph;
    if (glyph->codepoint == codepoint) return glyph;
  }
  return fallback == nullptr ? &GLYPHS[size->first_glyph] : fallback;
}

}  // namespace somewhere_font
